product_id,sku,title,category_id,list_price,active
1,SKU-100000,Carregador Nordic 605,20,174.40,true
2,SKU-100001,Memória Orbis 614,6,294.15,true
3,SKU-100002,Batedeira Saga 737,15,447.35,true
4,SKU-100003,Fonte Onix 219,20,501.36,true
5,SKU-100004,Micro-ondas Primo 863,16,213.88,true
6,SKU-100005,Televisor Pratic 346,10,249.37,true
7,SKU-100006,Teclado Aurora 856,3,115.67,true
8,SKU-100007,Geladeira Aurora 809,12,637.73,true
9,SKU-100008,Jogo Veloce 844,18,398.86,false
10,SKU-100009,Serra Trilha 510,17,87.91,true
11,SKU-100010,Smartphone Nordic 194,10,281.15,true
12,SKU-100011,Console Lumix 563,15,709.75,true
13,SKU-100012,Geladeira Vertex 384,18,455.80,true
14,SKU-100013,Purificador Zentro 300,9,207.75,true
15,SKU-100014,Smartwatch Onix 188,20,912.19,false
16,SKU-100015,Cooler Volt 542,10,555.39,true
17,SKU-100016,Purificador Volt 730,16,439.73,true
18,SKU-100017,Lavadora Brava 801,21,453.80,true
19,SKU-100018,Headphone Trilha 231,12,473.42,true
20,SKU-100019,Estante Lumix 276,12,365.07,true
21,SKU-100020,Fone Volt 715,6,202.67,true
22,SKU-100021,Lavadora Orbis 778,20,556.11,true
23,SKU-100022,Geladeira Pratic 138,2,90.23,true
24,SKU-100023,Furadeira Aurora 879,3,192.56,true
25,SKU-100024,Esteira Delta 901,21,291.50,true
26,SKU-100025,Lavadora Saga 144,17,531.52,true
27,SKU-100026,Televisor Nexa 484,13,169.33,true
28,SKU-100027,Console Trilha 220,10,105.15,true
29,SKU-100028,Controle Lumix 358,12,420.80,true
30,SKU-100029,Parafusadeira Orbis 748,6,683.08,true
31,SKU-100030,Serra Aurora 137,12,409.97,true
32,SKU-100031,Fogão Veloce 414,20,226.11,true
33,SKU-100032,Purificador Pratic 871,7,491.32,true
34,SKU-100033,Furadeira Brava 663,15,435.78,false
35,SKU-100034,Receiver Aurora 831,2,363.55,true
36,SKU-100035,Secadora Orbis 734,9,414.95,true
37,SKU-100036,Mouse Aurora 151,7,177.98,true
38,SKU-100037,Cafeteira Kubo 565,20,271.01,true
39,SKU-100038,Teclado Nexa 970,13,601.92,true
40,SKU-100039,Cafeteira Brava 182,20,277.57,true
41,SKU-100040,Fone Delta 739,10,664.25,true
42,SKU-100041,Fonte Astra 850,10,573.41,true
43,SKU-100042,Ar-condicionado Delta 632,15,277.23,true
44,SKU-100043,Liquidificador Volt 563,5,390.07,true
45,SKU-100044,SSD Mirante 206,9,412.05,true
46,SKU-100045,Mouse Lumix 972,2,700.44,true
47,SKU-100046,Capa Orbis 125,10,815.93,true
48,SKU-100047,Aspirador Brava 596,10,208.58,true
49,SKU-100048,Teclado Aurora 741,7,1132.72,true
50,SKU-100049,Receiver Onix 506,7,91.57,false
51,SKU-100050,Console Orbis 702,16,394.44,true
52,SKU-100051,Furadeira Aurora 217,7,288.35,true
53,SKU-100052,Ventilador Nordic 725,21,515.77,true
54,SKU-100053,Secadora Mirante 750,7,234.17,true
55,SKU-100054,Liquidificador Brava 869,6,128.84,true
56,SKU-100055,Serra Delta 666,5,723.33,true
57,SKU-100056,Capa Volt 841,13,156.55,true
58,SKU-100057,Cadeira Vertex 234,7,693.48,true
59,SKU-100058,Bicicleta Brava 793,21,108.79,true
60,SKU-100059,Smartwatch Mirante 918,21,573.15,true
61,SKU-100060,Toalha Vertex 648,21,457.94,true
62,SKU-100061,Lavadora Onix 714,2,798.19,true
63,SKU-100062,Serra Orbis 153,16,192.39,true
64,SKU-100063,Roteador Saga 121,3,452.44,true
65,SKU-100064,Fonte Aurora 375,17,272.15,true
66,SKU-100065,Aspirador Astra 266,6,707.22,true
67,SKU-100066,Batedeira Zentro 327,5,401.37,true
68,SKU-100067,Cooler Onix 571,9,162.62,true
69,SKU-100068,Fone Pratic 825,20,245.09,true
70,SKU-100069,Esteira Kairo 937,5,128.14,true
71,SKU-100070,Aspirador Mirante 879,2,515.41,true
72,SKU-100071,Fonte Orbis 568,3,495.05,true
73,SKU-100072,Bicicleta Nexa 951,12,405.38,true
74,SKU-100073,SSD Primo 275,10,133.40,true
75,SKU-100074,Controle Saga 565,3,577.26,true
76,SKU-100075,Teclado Brava 175,13,279.33,true
77,SKU-100076,Ventilador Brava 591,12,797.90,true
78,SKU-100077,Purificador Mirante 700,17,218.24,true
79,SKU-100078,Fonte Lumix 746,15,231.15,true
80,SKU-100079,Liquidificador Saga 835,13,512.33,true
81,SKU-100080,Impressora Veloce 552,9,271.42,true
82,SKU-100081,Furadeira Vertex 760,15,418.10,true
83,SKU-100082,Liquidificador Brava 786,17,178.71,true
84,SKU-100083,Fogão Pratic 756,7,614.31,true
85,SKU-100084,Micro-ondas Nexa 888,5,181.08,true
86,SKU-100085,Desktop Lumix 279,18,955.39,true
87,SKU-100086,Jogo Onix 284,10,355.41,true
88,SKU-100087,Desktop Kubo 473,12,1033.89,false
89,SKU-100088,Desktop Brava 279,2,1016.42,true
90,SKU-100089,Headphone Trilha 174,16,403.47,true
91,SKU-100090,Headphone Primo 338,2,123.63,true
92,SKU-100091,Lençol Trilha 629,6,844.70,true
93,SKU-100092,Receiver Nordic 791,10,546.68,true
94,SKU-100093,Halter Vertex 559,13,332.89,false
95,SKU-100094,Controle Aurora 269,10,159.60,true
96,SKU-100095,Teclado Trilha 574,2,80.87,true
97,SKU-100096,Headphone Pratic 219,10,454.43,true
98,SKU-100097,Batedeira Delta 169,6,417.90,true
99,SKU-100098,Cafeteira Trilha 306,17,439.71,true
100,SKU-100099,Esteira Veloce 273,13,274.18,true
101,SKU-100100,Fonte Astra 441,15,295.66,true
102,SKU-100101,Caixa Trilha 831,3,153.57,true
103,SKU-100102,Roteador Kairo 515,16,158.41,true
104,SKU-100103,Aspirador Veloce 206,7,614.58,false
105,SKU-100104,Furadeira Orbis 804,21,343.57,true
106,SKU-100105,Esteira Saga 244,3,429.69,true
107,SKU-100106,Carregador Nexa 573,17,263.38,true
108,SKU-100107,Mesa Kairo 353,20,457.75,true
109,SKU-100108,Batedeira Delta 737,16,419.54,true
110,SKU-100109,Soundbar Nexa 635,12,412.35,true
111,SKU-100110,Colchão Delta 117,9,533.30,true
112,SKU-100111,Soundbar Veloce 424,9,152.89,true
113,SKU-100112,Secadora Aurora 119,12,182.98,true
114,SKU-100113,Batedeira Primo 396,13,326.11,true
115,SKU-100114,Halter Primo 314,6,264.18,true
116,SKU-100115,Desktop Aurora 665,5,175.09,true
117,SKU-100116,Micro-ondas Kubo 951,3,274.67,true
118,SKU-100117,Liquidificador Delta 640,9,252.39,true
119,SKU-100118,Capa Volt 434,2,316.41,true
120,SKU-100119,Purificador Zentro 870,20,348.59,false
121,SKU-100120,Headphone Kairo 934,16,581.30,true
122,SKU-100121,Headset Veloce 405,3,76.58,true
123,SKU-100122,Cadeira Onix 555,5,422.30,true
124,SKU-100123,Fone Orbis 254,17,98.00,true
125,SKU-100124,Jogo Kubo 435,20,524.85,true
126,SKU-100125,Secadora Lumix 614,20,256.35,true
127,SKU-100126,Serra Aurora 708,7,199.36,true
128,SKU-100127,Memória Kairo 246,5,120.84,false
129,SKU-100128,Bicicleta Pratic 603,5,373.86,true
130,SKU-100129,Toalha Orbis 904,21,415.47,true
131,SKU-100130,Bicicleta Nordic 163,2,542.99,true
132,SKU-100131,Cooler Primo 259,18,227.80,true
133,SKU-100132,Estante Brava 121,18,298.20,true
134,SKU-100133,Halter Zentro 212,15,516.18,true
135,SKU-100134,Teclado Mirante 673,10,669.95,true
136,SKU-100135,Bicicleta Orbis 368,13,567.76,true
137,SKU-100136,Desktop Aurora 871,7,555.71,true
138,SKU-100137,Headset Volt 135,20,973.60,true
139,SKU-100138,Cadeira Delta 479,15,222.02,true
140,SKU-100139,Cafeteira Volt 768,5,416.49,true
141,SKU-100140,Monitor Mirante 992,16,437.93,true
142,SKU-100141,Caixa Volt 211,3,383.48,true
143,SKU-100142,Fogão Volt 184,6,334.31,true
144,SKU-100143,Ar-condicionado Astra 111,20,202.52,true
145,SKU-100144,Liquidificador Nordic 805,6,176.27,true
146,SKU-100145,Controle Mirante 822,16,116.97,true
147,SKU-100146,Roteador Kairo 632,12,564.56,false
148,SKU-100147,Fogão Saga 725,7,73.12,true
149,SKU-100148,Fone Lumix 260,17,297.08,true
150,SKU-100149,Soundbar Vertex 144,9,420.50,true
151,SKU-100150,Impressora Trilha 498,18,256.75,true
152,SKU-100151,Micro-ondas Veloce 715,21,588.40,true
153,SKU-100152,Colchão Brava 666,18,123.42,true
154,SKU-100153,Smartwatch Brava 865,17,61.90,true
155,SKU-100154,Smartwatch Aurora 295,7,374.11,true
156,SKU-100155,Halter Vertex 719,12,1012.80,true
157,SKU-100156,Notebook Orbis 667,20,351.17,true
158,SKU-100157,Geladeira Zentro 313,16,239.39,true
159,SKU-100158,Liquidificador Pratic 662,20,352.12,true
160,SKU-100159,Esteira Volt 703,16,267.13,true
161,SKU-100160,Bicicleta Pratic 421,17,496.69,true
162,SKU-100161,Secadora Lumix 503,7,693.60,true
163,SKU-100162,Batedeira Vertex 317,18,266.71,true
164,SKU-100163,Colchão Trilha 265,12,385.94,true
165,SKU-100164,Fonte Nordic 190,21,774.73,true
166,SKU-100165,Cadeira Nordic 102,17,555.48,true
167,SKU-100166,Batedeira Veloce 677,10,288.29,true
168,SKU-100167,Cooler Veloce 366,13,479.93,true
169,SKU-100168,Mesa Nexa 752,12,205.49,true
170,SKU-100169,Capa Brava 473,10,838.50,true
171,SKU-100170,Colchão Volt 103,3,77.70,true
172,SKU-100171,Console Veloce 287,9,198.19,true
173,SKU-100172,Bicicleta Volt 580,10,717.77,true
174,SKU-100173,Carregador Lumix 371,10,156.58,false
175,SKU-100174,Colchão Vertex 570,15,237.47,true
176,SKU-100175,Colchão Kairo 354,2,125.26,true
177,SKU-100176,Fogão Nexa 497,5,89.97,true
178,SKU-100177,Toalha Vertex 493,18,533.04,true
179,SKU-100178,Ventilador Delta 408,12,349.35,true
180,SKU-100179,Receiver Onix 162,20,598.49,true
181,SKU-100180,Lençol Delta 636,16,135.19,true
182,SKU-100181,Toalha Delta 513,13,688.85,true
183,SKU-100182,Geladeira Kairo 466,6,131.77,true
184,SKU-100183,Notebook Primo 728,12,489.23,true
185,SKU-100184,Cadeira Astra 892,9,485.72,true
186,SKU-100185,Ventilador Mirante 423,7,590.14,true
187,SKU-100186,Console Veloce 340,18,352.88,true
188,SKU-100187,Secadora Mirante 398,17,265.26,true
189,SKU-100188,Halter Mirante 808,5,445.89,false
190,SKU-100189,Smartwatch Kairo 490,5,73.27,true
191,SKU-100190,Headphone Onix 488,17,457.67,true
192,SKU-100191,Smartwatch Kubo 257,13,226.26,true
193,SKU-100192,Batedeira Kairo 153,12,322.26,true
194,SKU-100193,Furadeira Volt 543,20,656.49,true
195,SKU-100194,Capa Nexa 307,15,264.69,true
196,SKU-100195,Halter Pratic 110,9,457.10,true
197,SKU-100196,Bicicleta Mirante 701,12,660.17,true
198,SKU-100197,Micro-ondas Delta 199,21,947.60,true
199,SKU-100198,Micro-ondas Kubo 260,3,542.55,true
200,SKU-100199,Estante Kubo 572,5,454.68,true
201,SKU-100200,Desktop Nexa 707,3,517.70,true
202,SKU-100201,Micro-ondas Vertex 328,18,253.31,true
203,SKU-100202,Parafusadeira Mirante 114,12,216.53,true
204,SKU-100203,Headset Onix 898,20,585.65,true
205,SKU-100204,Mesa Volt 929,10,310.22,false
206,SKU-100205,Serra Delta 309,6,439.71,true
207,SKU-100206,Bicicleta Nexa 323,21,201.50,true
208,SKU-100207,Cooler Kairo 832,9,339.60,true
209,SKU-100208,Jogo Kubo 743,13,286.15,true
210,SKU-100209,Roteador Astra 773,15,268.91,true
211,SKU-100210,Mesa Brava 710,18,250.24,true
212,SKU-100211,Receiver Orbis 685,15,781.85,true
213,SKU-100212,Smartphone Vertex 484,17,140.98,true
214,SKU-100213,Parafusadeira Trilha 741,6,493.99,false
215,SKU-100214,Notebook Onix 810,3,665.46,false
216,SKU-100215,Toalha Saga 278,6,318.48,true
217,SKU-100216,Esteira Nordic 772,20,308.80,true
218,SKU-100217,Capa Onix 664,17,1425.54,true
219,SKU-100218,Bicicleta Aurora 706,3,220.17,true
220,SKU-100219,Bicicleta Lumix 511,5,399.85,true
221,SKU-100220,Soundbar Mirante 896,6,816.47,true
222,SKU-100221,Aspirador Volt 270,9,595.74,true
223,SKU-100222,Memória Aurora 632,5,1427.66,false
224,SKU-100223,Aspirador Primo 351,9,392.48,false
225,SKU-100224,Cadeira Zentro 655,3,700.13,true
226,SKU-100225,Carregador Volt 653,9,543.67,false
227,SKU-100226,Fogão Kubo 554,3,298.63,true
228,SKU-100227,Ar-condicionado Pratic 848,5,621.71,true
229,SKU-100228,Purificador Astra 701,12,513.48,true
230,SKU-100229,Geladeira Primo 830,5,484.06,true
231,SKU-100230,Capa Nexa 133,21,195.14,true
232,SKU-100231,Notebook Mirante 304,9,509.22,true
233,SKU-100232,Headphone Vertex 827,2,366.70,true
234,SKU-100233,Console Saga 440,20,178.19,true
235,SKU-100234,Liquidificador Veloce 384,9,166.72,true
236,SKU-100235,Parafusadeira Aurora 322,15,231.32,true
237,SKU-100236,SSD Lumix 585,5,442.98,true
238,SKU-100237,Batedeira Nordic 501,10,358.16,true
239,SKU-100238,Liquidificador Kubo 593,5,281.82,true
240,SKU-100239,Cooler Pratic 869,5,371.97,true
241,SKU-100240,Notebook Nordic 973,6,422.93,true
242,SKU-100241,Roteador Brava 695,10,362.71,true
243,SKU-100242,Caixa Aurora 364,5,469.76,true
244,SKU-100243,Toalha Brava 602,15,371.63,true
245,SKU-100244,Roteador Pratic 717,9,270.76,true
246,SKU-100245,Sofá Orbis 434,10,64.19,true
247,SKU-100246,Capa Kairo 582,3,856.63,false
248,SKU-100247,Estante Delta 880,12,336.03,true
249,SKU-100248,Console Pratic 183,13,424.80,true
250,SKU-100249,Estante Brava 234,16,165.79,true
251,SKU-100250,Jogo Zentro 736,21,877.86,true
252,SKU-100251,Smartwatch Nexa 562,16,331.66,false
253,SKU-100252,Ar-condicionado Veloce 244,5,441.33,true
254,SKU-100253,Jogo Aurora 606,18,132.57,true
255,SKU-100254,Cafeteira Trilha 112,2,1020.36,true
256,SKU-100255,Fone Vertex 754,21,380.61,true
257,SKU-100256,Geladeira Nordic 119,16,835.62,true
258,SKU-100257,Console Mirante 533,16,199.64,true
259,SKU-100258,Impressora Kubo 913,10,215.42,true
260,SKU-100259,Colchão Nordic 731,20,1074.92,true
261,SKU-100260,Ventilador Primo 113,18,214.19,true
262,SKU-100261,Controle Lumix 418,3,435.10,true
263,SKU-100262,Serra Lumix 824,17,740.74,true
264,SKU-100263,Secadora Vertex 207,21,304.65,false
265,SKU-100264,Ar-condicionado Primo 782,21,305.35,true
266,SKU-100265,Televisor Mirante 674,2,430.42,true
267,SKU-100266,Colchão Orbis 520,16,382.57,true
268,SKU-100267,Esteira Brava 644,15,211.09,true
269,SKU-100268,Console Kubo 133,15,871.89,true
270,SKU-100269,Colchão Aurora 577,12,189.91,true
271,SKU-100270,Ar-condicionado Kubo 305,10,188.42,true
272,SKU-100271,Soundbar Zentro 562,17,263.87,true
273,SKU-100272,Cafeteira Primo 260,3,345.03,true
274,SKU-100273,Controle Onix 164,12,266.38,true
275,SKU-100274,Cadeira Primo 938,20,560.46,true
276,SKU-100275,Memória Pratic 436,6,1141.81,true
277,SKU-100276,Caixa Nexa 753,16,420.95,true
278,SKU-100277,Liquidificador Volt 783,12,296.09,true
279,SKU-100278,Desktop Nordic 668,17,576.24,false
280,SKU-100279,Micro-ondas Kubo 723,16,406.38,true
281,SKU-100280,Smartphone Vertex 717,12,304.60,true
282,SKU-100281,Caixa Kubo 594,2,530.92,true
283,SKU-100282,Controle Nexa 729,20,378.75,true
284,SKU-100283,Toalha Saga 719,13,411.99,true
285,SKU-100284,Console Delta 230,20,112.39,true
286,SKU-100285,Furadeira Kairo 595,2,767.26,true
287,SKU-100286,Cooler Pratic 622,13,548.20,true
288,SKU-100287,Smartphone Zentro 804,15,914.34,true
289,SKU-100288,Caixa Aurora 254,6,957.21,true
290,SKU-100289,Furadeira Kairo 889,21,166.43,true
291,SKU-100290,Fogão Orbis 589,15,304.67,true
292,SKU-100291,Colchão Pratic 397,18,364.22,true
293,SKU-100292,Memória Zentro 231,18,664.93,true
294,SKU-100293,Ventilador Aurora 114,10,360.05,true
295,SKU-100294,Micro-ondas Lumix 339,17,312.86,true
296,SKU-100295,Lavadora Nordic 495,16,562.96,true
297,SKU-100296,Capa Mirante 191,10,260.34,true
298,SKU-100297,Fone Zentro 156,9,447.13,true
299,SKU-100298,Lençol Volt 210,5,290.96,true
300,SKU-100299,Fogão Brava 648,21,772.90,false
301,SKU-100300,Esteira Trilha 735,6,262.72,true
302,SKU-100301,Aspirador Kubo 909,18,471.43,true
303,SKU-100302,Fonte Nordic 545,5,144.79,true
304,SKU-100303,Carregador Aurora 155,9,504.06,true
305,SKU-100304,Ar-condicionado Onix 251,20,671.01,true
306,SKU-100305,Desktop Delta 976,12,238.03,true
307,SKU-100306,Colchão Nexa 423,17,265.18,true
308,SKU-100307,Smartphone Onix 274,9,478.63,false
309,SKU-100308,Monitor Kubo 800,10,84.99,true
310,SKU-100309,Lavadora Onix 956,13,577.78,true
311,SKU-100310,Colchão Volt 939,17,365.32,true
312,SKU-100311,Fonte Zentro 116,2,328.38,true
313,SKU-100312,Headset Vertex 378,2,274.60,true
314,SKU-100313,Headphone Delta 333,12,210.76,true
315,SKU-100314,Smartwatch Saga 424,21,313.38,true
316,SKU-100315,Aspirador Kairo 951,10,108.21,false
317,SKU-100316,Televisor Primo 178,18,309.60,true
318,SKU-100317,Sofá Trilha 216,15,172.62,false
319,SKU-100318,Console Trilha 257,13,207.19,true
320,SKU-100319,Batedeira Primo 129,10,203.04,true
321,SKU-100320,Smartphone Saga 960,3,1032.11,true
322,SKU-100321,Caixa Saga 840,7,60.23,true
323,SKU-100322,Roteador Astra 727,7,370.73,true
324,SKU-100323,Smartphone Kairo 681,10,131.30,true
325,SKU-100324,Parafusadeira Saga 744,3,314.11,true
326,SKU-100325,Halter Delta 158,2,366.32,true
327,SKU-100326,Fogão Kairo 352,2,107.96,true
328,SKU-100327,Micro-ondas Aurora 998,7,251.39,true
329,SKU-100328,Controle Veloce 138,10,1048.50,true
330,SKU-100329,Ar-condicionado Pratic 391,16,273.98,true
331,SKU-100330,Liquidificador Primo 829,12,361.10,true
332,SKU-100331,Geladeira Delta 103,15,754.95,true
333,SKU-100332,Notebook Brava 363,17,507.34,false
334,SKU-100333,Televisor Brava 374,12,295.99,true
335,SKU-100334,Geladeira Pratic 519,18,277.85,true
336,SKU-100335,Purificador Delta 251,10,524.88,false
337,SKU-100336,Carregador Kairo 954,13,375.48,true
338,SKU-100337,Esteira Pratic 238,20,296.20,true
339,SKU-100338,Notebook Vertex 213,7,165.96,true
340,SKU-100339,Serra Astra 810,12,542.40,false
341,SKU-100340,Toalha Nordic 236,7,138.25,true
342,SKU-100341,Aspirador Orbis 256,9,235.73,true
343,SKU-100342,Halter Pratic 195,21,232.34,true
344,SKU-100343,Micro-ondas Trilha 839,20,721.27,true
345,SKU-100344,Roteador Brava 109,20,315.24,true
346,SKU-100345,Toalha Astra 940,15,180.01,true
347,SKU-100346,Memória Delta 745,6,145.31,true
348,SKU-100347,SSD Mirante 276,15,438.37,true
349,SKU-100348,Mesa Kairo 527,9,156.68,true
350,SKU-100349,Mesa Kairo 471,16,403.41,true
351,SKU-100350,Ar-condicionado Delta 762,16,275.20,false
352,SKU-100351,Desktop Nexa 376,21,259.58,true
353,SKU-100352,Estante Nexa 970,5,243.67,true
354,SKU-100353,Desktop Kairo 192,15,441.29,true
355,SKU-100354,Fonte Orbis 761,6,397.81,true
356,SKU-100355,Capa Saga 224,6,227.19,true
357,SKU-100356,Roteador Aurora 665,2,143.14,true
358,SKU-100357,Headset Veloce 652,10,565.45,true
359,SKU-100358,Fogão Orbis 267,15,382.96,true
360,SKU-100359,Secadora Pratic 220,6,206.82,true
361,SKU-100360,Parafusadeira Astra 687,13,149.12,true
362,SKU-100361,Carregador Onix 311,15,977.97,true
363,SKU-100362,Estante Onix 822,18,409.68,true
364,SKU-100363,Televisor Nexa 837,16,80.65,true
365,SKU-100364,Teclado Delta 212,3,318.83,true
366,SKU-100365,Receiver Aurora 848,13,334.69,true
367,SKU-100366,Aspirador Volt 193,7,648.54,true
368,SKU-100367,Memória Zentro 412,17,219.32,true
369,SKU-100368,Notebook Primo 673,12,760.96,true
370,SKU-100369,Desktop Saga 303,12,328.32,true
371,SKU-100370,Fone Nordic 253,6,497.90,true
372,SKU-100371,Memória Astra 713,3,370.26,true
373,SKU-100372,Parafusadeira Kairo 424,10,585.09,true
374,SKU-100373,Colchão Orbis 145,16,209.33,true
375,SKU-100374,Headset Kubo 196,12,1119.90,true
376,SKU-100375,Cooler Mirante 304,3,167.68,false
377,SKU-100376,Jogo Primo 784,13,856.28,true
378,SKU-100377,Lençol Orbis 603,10,147.10,true
379,SKU-100378,Notebook Kairo 403,16,435.57,true
380,SKU-100379,Jogo Vertex 975,16,541.60,true
381,SKU-100380,Desktop Nexa 667,9,471.46,true
382,SKU-100381,Lençol Lumix 539,2,324.79,true
383,SKU-100382,Desktop Zentro 927,21,628.49,true
384,SKU-100383,Monitor Primo 208,9,330.10,true
385,SKU-100384,Toalha Kairo 730,2,698.94,true
386,SKU-100385,Micro-ondas Trilha 490,16,299.29,true
387,SKU-100386,Esteira Nexa 724,10,457.74,false
388,SKU-100387,Ventilador Veloce 890,6,1186.45,true
389,SKU-100388,SSD Veloce 782,2,217.22,true
390,SKU-100389,Mesa Saga 964,13,170.43,true
391,SKU-100390,Televisor Saga 207,9,417.75,false
392,SKU-100391,Monitor Onix 514,3,232.48,false
393,SKU-100392,Serra Pratic 285,7,390.74,true
394,SKU-100393,Purificador Volt 794,12,79.04,true
395,SKU-100394,Roteador Pratic 174,15,370.99,true
396,SKU-100395,Teclado Mirante 977,5,465.18,true
397,SKU-100396,Cadeira Trilha 540,18,419.96,true
398,SKU-100397,Lavadora Trilha 909,18,669.48,true
399,SKU-100398,Ar-condicionado Pratic 466,13,478.20,true
400,SKU-100399,Purificador Veloce 722,21,675.54,true
401,SKU-100400,Aspirador Nexa 607,18,125.38,true
402,SKU-100401,Smartwatch Delta 806,9,217.52,true
403,SKU-100402,Memória Orbis 107,9,261.46,true
404,SKU-100403,Mesa Nexa 727,17,553.48,true
405,SKU-100404,Lençol Veloce 201,15,388.49,true
406,SKU-100405,Receiver Orbis 771,20,123.08,false
407,SKU-100406,Secadora Delta 658,7,382.99,true
408,SKU-100407,Smartphone Aurora 595,5,456.53,true
409,SKU-100408,Esteira Saga 879,3,342.39,true
410,SKU-100409,Lavadora Brava 654,13,364.36,true
411,SKU-100410,Estante Nexa 169,20,412.45,true
412,SKU-100411,Receiver Volt 162,15,357.23,true
413,SKU-100412,Fogão Brava 435,7,167.38,true
414,SKU-100413,Carregador Trilha 132,2,220.16,true
415,SKU-100414,Smartphone Delta 802,2,317.12,true
416,SKU-100415,Televisor Kubo 312,9,567.71,true
417,SKU-100416,Cadeira Nexa 844,12,428.19,true
418,SKU-100417,Batedeira Saga 946,3,131.77,true
419,SKU-100418,Ventilador Nexa 202,5,687.91,true
420,SKU-100419,Caixa Primo 427,18,640.71,true
421,SKU-100420,Mesa Saga 664,16,700.73,true
422,SKU-100421,Halter Kairo 899,10,526.87,true
423,SKU-100422,Cafeteira Veloce 505,5,681.39,true
424,SKU-100423,Sofá Astra 809,18,112.48,true
425,SKU-100424,Roteador Brava 721,5,192.69,true
426,SKU-100425,Console Veloce 797,5,175.01,true
427,SKU-100426,Headset Kairo 831,7,205.46,true
428,SKU-100427,Jogo Orbis 975,7,217.70,true
429,SKU-100428,Lençol Saga 831,15,277.42,true
430,SKU-100429,Receiver Mirante 859,17,361.89,true
431,SKU-100430,Aspirador Zentro 470,17,808.41,true
432,SKU-100431,Parafusadeira Orbis 147,13,327.91,true
433,SKU-100432,Batedeira Nexa 280,21,805.59,true
434,SKU-100433,Furadeira Vertex 516,21,562.17,true
435,SKU-100434,Capa Zentro 372,21,771.34,false
436,SKU-100435,Ar-condicionado Kairo 415,20,267.05,true
437,SKU-100436,Cafeteira Saga 868,20,81.88,true
438,SKU-100437,Notebook Orbis 136,5,92.24,true
439,SKU-100438,Soundbar Mirante 695,7,592.59,true
440,SKU-100439,Parafusadeira Volt 632,2,703.68,true
441,SKU-100440,Capa Delta 539,18,349.62,true
442,SKU-100441,Fogão Aurora 927,12,324.13,true
443,SKU-100442,Bicicleta Lumix 466,5,288.66,true
444,SKU-100443,Toalha Onix 870,13,601.82,true
445,SKU-100444,Smartphone Vertex 576,9,540.52,true
446,SKU-100445,Furadeira Volt 953,3,153.90,true
447,SKU-100446,Controle Aurora 837,6,149.43,true
448,SKU-100447,Notebook Kairo 262,10,113.28,true
449,SKU-100448,Parafusadeira Veloce 266,13,259.26,true
450,SKU-100449,Teclado Orbis 370,3,410.31,true
451,SKU-100450,Fonte Nexa 409,7,113.22,true
452,SKU-100451,Toalha Brava 327,9,825.67,true
453,SKU-100452,Controle Veloce 698,15,436.23,false
454,SKU-100453,Batedeira Orbis 364,16,529.15,true
455,SKU-100454,Fonte Pratic 803,17,440.43,true
456,SKU-100455,Furadeira Saga 568,12,1102.97,true
457,SKU-100456,Monitor Veloce 605,13,627.16,true
458,SKU-100457,Carregador Lumix 168,10,163.71,true
459,SKU-100458,Sofá Mirante 879,9,134.09,true
460,SKU-100459,Teclado Nordic 361,21,525.28,true
461,SKU-100460,Fogão Nexa 605,21,358.18,true
462,SKU-100461,Cafeteira Volt 223,10,422.26,true
463,SKU-100462,Estante Nordic 891,10,335.92,true
464,SKU-100463,Desktop Veloce 924,18,384.17,true
465,SKU-100464,Jogo Zentro 799,17,353.70,true
466,SKU-100465,Geladeira Veloce 575,20,724.74,true
467,SKU-100466,Receiver Saga 642,18,197.07,true
468,SKU-100467,Sofá Pratic 653,20,997.55,true
469,SKU-100468,Geladeira Kubo 168,2,398.44,true
470,SKU-100469,Lençol Orbis 859,13,373.55,true
471,SKU-100470,Ar-condicionado Nexa 973,12,206.67,true
472,SKU-100471,Desktop Volt 473,20,143.72,true
473,SKU-100472,Secadora Nordic 850,2,363.89,true
474,SKU-100473,Batedeira Nordic 513,10,378.95,true
475,SKU-100474,Cadeira Primo 134,9,404.81,true
476,SKU-100475,Toalha Trilha 262,15,254.65,true
477,SKU-100476,Desktop Nexa 496,15,367.71,true
478,SKU-100477,Lençol Orbis 364,10,727.35,true
479,SKU-100478,Notebook Aurora 871,9,864.76,true
480,SKU-100479,Secadora Primo 610,2,136.97,true
481,SKU-100480,Desktop Nordic 840,3,284.04,true
482,SKU-100481,Monitor Lumix 396,17,268.42,false
483,SKU-100482,Caixa Onix 857,6,691.29,true
484,SKU-100483,Roteador Pratic 573,13,630.57,true
485,SKU-100484,Parafusadeira Primo 136,12,91.74,true
486,SKU-100485,Sofá Trilha 939,12,118.83,true
487,SKU-100486,Fonte Lumix 312,18,306.18,true
488,SKU-100487,Toalha Mirante 579,16,632.04,true
489,SKU-100488,Impressora Volt 189,2,320.11,true
490,SKU-100489,Bicicleta Aurora 724,6,709.06,true
491,SKU-100490,Mesa Delta 556,10,627.12,true
492,SKU-100491,Soundbar Vertex 863,3,1386.20,true
493,SKU-100492,Fone Veloce 628,18,369.17,true
494,SKU-100493,Furadeira Delta 929,7,247.18,true
495,SKU-100494,Televisor Lumix 443,12,160.55,true
496,SKU-100495,Carregador Veloce 416,15,435.21,true
497,SKU-100496,Notebook Volt 152,20,835.81,true
498,SKU-100497,Esteira Volt 150,21,414.59,true
499,SKU-100498,Colchão Onix 796,5,450.07,true
500,SKU-100499,Roteador Saga 904,3,178.84,true
501,SKU-100500,Esteira Primo 213,9,444.17,true
502,SKU-100501,Colchão Kairo 849,13,266.08,true
503,SKU-100502,Impressora Nordic 521,12,404.41,true
504,SKU-100503,Controle Onix 583,2,112.07,false
505,SKU-100504,Monitor Pratic 827,7,227.13,true
506,SKU-100505,Receiver Kubo 644,12,189.93,true
507,SKU-100506,Receiver Astra 158,9,316.26,true
508,SKU-100507,Headphone Veloce 284,5,1259.61,true
509,SKU-100508,Secadora Veloce 456,21,157.72,true
510,SKU-100509,Parafusadeira Kairo 863,17,274.93,false
511,SKU-100510,Fone Nexa 205,3,509.18,true
512,SKU-100511,Cafeteira Nordic 581,18,241.13,true
513,SKU-100512,Capa Primo 135,20,920.31,true
514,SKU-100513,Micro-ondas Kubo 414,7,107.23,true
515,SKU-100514,Monitor Nexa 492,2,481.35,true
516,SKU-100515,Roteador Pratic 982,2,571.73,true
517,SKU-100516,Bicicleta Primo 709,16,623.25,true
518,SKU-100517,Desktop Trilha 369,20,345.46,true
519,SKU-100518,Mouse Kubo 752,17,194.06,true
520,SKU-100519,Aspirador Nordic 799,21,668.10,true
521,SKU-100520,Controle Onix 314,15,281.40,true
522,SKU-100521,Notebook Pratic 653,12,430.04,true
523,SKU-100522,Liquidificador Lumix 170,12,241.06,true
524,SKU-100523,Caixa Brava 954,7,222.11,true
525,SKU-100524,Desktop Mirante 898,20,1206.94,true
526,SKU-100525,Bicicleta Kairo 387,21,176.59,true
527,SKU-100526,Geladeira Zentro 124,17,965.92,true
528,SKU-100527,Notebook Nordic 869,10,345.33,false
529,SKU-100528,Controle Mirante 529,13,126.84,true
530,SKU-100529,Cadeira Volt 929,2,503.84,true
531,SKU-100530,Esteira Vertex 309,16,441.26,true
532,SKU-100531,Cooler Aurora 422,13,291.48,true
533,SKU-100532,Furadeira Veloce 348,3,230.91,true
534,SKU-100533,Capa Zentro 664,17,422.17,true
535,SKU-100534,Memória Mirante 227,6,320.05,true
536,SKU-100535,Lavadora Delta 264,17,454.51,true
537,SKU-100536,Liquidificador Astra 403,7,400.35,true
538,SKU-100537,Cooler Pratic 944,6,491.09,true
539,SKU-100538,Notebook Lumix 509,10,586.12,true
540,SKU-100539,Geladeira Brava 317,20,337.85,true
541,SKU-100540,Secadora Mirante 668,5,421.78,true
542,SKU-100541,Smartwatch Saga 899,7,361.73,true
543,SKU-100542,Monitor Primo 479,2,679.60,true
544,SKU-100543,Colchão Astra 300,21,902.93,true
545,SKU-100544,Colchão Kairo 361,5,116.66,true
546,SKU-100545,Micro-ondas Orbis 391,9,673.21,true
547,SKU-100546,Sofá Pratic 918,5,633.07,true
548,SKU-100547,Micro-ondas Primo 271,12,576.97,true
549,SKU-100548,Controle Veloce 372,9,417.24,true
550,SKU-100549,Batedeira Nexa 659,21,361.32,true
551,SKU-100550,Smartwatch Volt 935,6,105.57,true
552,SKU-100551,Memória Delta 869,2,270.22,true
553,SKU-100552,Purificador Veloce 154,21,225.01,true
554,SKU-100553,Jogo Veloce 144,5,228.36,true
555,SKU-100554,Capa Primo 309,6,911.72,true
556,SKU-100555,Bicicleta Kubo 449,13,962.44,true
557,SKU-100556,Fogão Nexa 144,18,232.20,true
558,SKU-100557,Fone Kairo 949,13,309.27,false
559,SKU-100558,Receiver Trilha 188,3,341.76,true
560,SKU-100559,Notebook Zentro 936,21,792.34,true
561,SKU-100560,Cafeteira Nexa 242,18,370.27,true
562,SKU-100561,Carregador Kubo 749,20,767.48,true
563,SKU-100562,Parafusadeira Kubo 781,12,467.60,true
564,SKU-100563,Parafusadeira Nexa 526,9,94.02,true
565,SKU-100564,Colchão Orbis 793,20,619.61,true
566,SKU-100565,Controle Brava 136,18,409.35,true
567,SKU-100566,Parafusadeira Zentro 228,6,269.46,true
568,SKU-100567,Estante Lumix 977,9,310.29,false
569,SKU-100568,Parafusadeira Lumix 125,2,1076.11,true
570,SKU-100569,Teclado Lumix 138,20,671.15,true
571,SKU-100570,Capa Lumix 374,21,295.72,true
572,SKU-100571,Serra Veloce 276,12,622.34,true
573,SKU-100572,Soundbar Orbis 359,13,304.84,true
574,SKU-100573,Sofá Aurora 495,13,1737.36,true
575,SKU-100574,Jogo Kubo 110,16,387.00,true
576,SKU-100575,Batedeira Lumix 424,12,559.27,true
577,SKU-100576,Sofá Lumix 120,9,73.99,true
578,SKU-100577,Micro-ondas Orbis 926,7,1053.95,true
579,SKU-100578,Teclado Onix 737,9,163.95,true
580,SKU-100579,Receiver Onix 437,15,331.51,true
581,SKU-100580,Impressora Orbis 825,17,78.52,true
582,SKU-100581,Estante Pratic 266,18,149.01,true
583,SKU-100582,Headphone Orbis 639,20,495.80,true
584,SKU-100583,Monitor Brava 857,6,204.46,true
585,SKU-100584,Teclado Volt 518,16,1077.23,true
586,SKU-100585,Liquidificador Primo 564,17,396.94,true
587,SKU-100586,Mesa Primo 482,21,479.14,true
588,SKU-100587,Smartwatch Onix 714,12,195.70,true
589,SKU-100588,Estante Kubo 990,7,296.60,true
590,SKU-100589,Smartphone Brava 162,12,276.02,true
591,SKU-100590,Memória Nexa 907,21,526.98,true
592,SKU-100591,Cadeira Veloce 284,2,471.46,true
593,SKU-100592,Lençol Mirante 551,13,744.80,true
594,SKU-100593,Cafeteira Mirante 326,20,539.43,false
595,SKU-100594,Bicicleta Nexa 193,13,318.69,true
596,SKU-100595,Secadora Kubo 859,21,99.92,true
597,SKU-100596,Cafeteira Mirante 939,16,541.67,true
598,SKU-100597,Secadora Mirante 864,15,218.86,true
599,SKU-100598,Estante Brava 104,6,174.73,true
600,SKU-100599,Smartphone Mirante 394,15,346.87,true
601,SKU-100600,Televisor Volt 431,3,456.78,true
602,SKU-100601,Headphone Zentro 244,20,715.70,true
603,SKU-100602,Cafeteira Kubo 751,6,222.42,true
604,SKU-100603,Soundbar Pratic 804,9,667.26,true
605,SKU-100604,Controle Zentro 593,9,442.79,true
606,SKU-100605,Sofá Veloce 339,13,473.04,true
607,SKU-100606,Teclado Saga 469,20,408.93,true
608,SKU-100607,Bicicleta Primo 920,6,132.65,true
609,SKU-100608,Ar-condicionado Kairo 437,13,630.32,true
610,SKU-100609,Parafusadeira Volt 333,15,192.51,true
611,SKU-100610,Desktop Delta 329,12,830.36,true
612,SKU-100611,Cooler Delta 253,6,416.25,true
613,SKU-100612,Ar-condicionado Nexa 917,2,362.01,true
614,SKU-100613,Estante Onix 120,9,484.49,true
615,SKU-100614,Micro-ondas Mirante 309,9,204.49,true
616,SKU-100615,Batedeira Orbis 972,17,524.92,true
617,SKU-100616,Bicicleta Trilha 415,17,232.42,true
618,SKU-100617,Smartwatch Vertex 144,10,246.71,true
619,SKU-100618,Capa Astra 438,18,630.79,true
620,SKU-100619,Capa Lumix 307,17,168.05,true
621,SKU-100620,Caixa Kairo 862,18,178.65,true
622,SKU-100621,Smartphone Pratic 970,3,345.28,true
623,SKU-100622,Micro-ondas Trilha 299,17,458.28,true
624,SKU-100623,Impressora Saga 334,12,421.95,false
625,SKU-100624,Purificador Astra 814,13,570.74,true
626,SKU-100625,Receiver Veloce 424,18,226.45,true
627,SKU-100626,Estante Lumix 701,15,110.25,true
628,SKU-100627,Soundbar Orbis 138,5,549.68,true
629,SKU-100628,Fonte Zentro 891,18,317.84,true
630,SKU-100629,Sofá Kubo 509,2,1035.81,true
631,SKU-100630,Capa Trilha 603,5,517.04,true
632,SKU-100631,Micro-ondas Nordic 180,13,502.62,true
633,SKU-100632,Batedeira Brava 487,3,283.98,true
634,SKU-100633,Lavadora Kairo 335,13,749.94,true
635,SKU-100634,Geladeira Saga 177,6,296.18,true
636,SKU-100635,Purificador Astra 802,15,252.89,true
637,SKU-100636,Liquidificador Zentro 173,17,222.57,true
638,SKU-100637,Geladeira Kubo 951,13,540.59,true
639,SKU-100638,Secadora Kubo 990,6,290.05,true
640,SKU-100639,Esteira Veloce 212,6,317.48,true
641,SKU-100640,SSD Saga 311,2,252.70,true
642,SKU-100641,Headset Astra 264,10,277.46,true
643,SKU-100642,Soundbar Kubo 949,7,289.65,true
644,SKU-100643,Cooler Onix 188,16,744.52,true
645,SKU-100644,Halter Onix 725,17,485.21,true
646,SKU-100645,Sofá Kubo 315,16,259.80,false
647,SKU-100646,Jogo Volt 206,6,389.25,false
648,SKU-100647,Lençol Veloce 185,13,374.08,true
649,SKU-100648,Toalha Kubo 854,20,1315.69,true
650,SKU-100649,Halter Saga 752,18,183.80,true
651,SKU-100650,Purificador Aurora 902,2,404.67,true
652,SKU-100651,Desktop Pratic 775,18,402.44,true
653,SKU-100652,Colchão Delta 474,20,609.45,true
654,SKU-100653,Secadora Delta 482,13,439.08,true
655,SKU-100654,Esteira Volt 666,10,376.90,true
656,SKU-100655,Roteador Astra 654,10,436.59,true
657,SKU-100656,Capa Orbis 264,9,158.74,true
658,SKU-100657,Roteador Astra 434,5,626.18,false
659,SKU-100658,Halter Delta 623,7,509.35,true
660,SKU-100659,Batedeira Mirante 663,21,306.78,true
661,SKU-100660,Colchão Mirante 796,20,559.31,true
662,SKU-100661,Receiver Pratic 937,21,354.70,true
663,SKU-100662,Aspirador Aurora 660,7,160.84,true
664,SKU-100663,Esteira Veloce 138,6,590.77,true
665,SKU-100664,Soundbar Brava 963,18,254.54,true
666,SKU-100665,Bicicleta Kubo 629,16,314.06,true
667,SKU-100666,Estante Brava 516,21,208.53,false
668,SKU-100667,Smartwatch Onix 522,6,176.01,true
669,SKU-100668,Capa Saga 294,7,672.87,false
670,SKU-100669,Teclado Aurora 372,16,343.60,true
671,SKU-100670,Fonte Kairo 651,2,239.93,true
672,SKU-100671,Monitor Vertex 127,16,305.27,true
673,SKU-100672,Cadeira Veloce 602,17,564.76,true
674,SKU-100673,Capa Vertex 871,3,170.94,true
675,SKU-100674,Purificador Mirante 900,5,174.60,true
676,SKU-100675,Fone Kairo 150,17,358.45,true
677,SKU-100676,Cooler Onix 315,12,292.80,true
678,SKU-100677,Mesa Volt 984,18,1086.24,true
679,SKU-100678,Roteador Zentro 406,9,369.50,true
680,SKU-100679,Roteador Kairo 907,7,192.25,false
681,SKU-100680,Monitor Veloce 588,5,125.35,true
682,SKU-100681,Purificador Onix 569,2,490.79,true
683,SKU-100682,Parafusadeira Nexa 108,17,758.62,true
684,SKU-100683,Mouse Delta 635,2,114.22,true
685,SKU-100684,Memória Kubo 776,7,664.29,true
686,SKU-100685,Fone Orbis 242,20,251.69,false
687,SKU-100686,Lavadora Saga 534,15,553.82,true
688,SKU-100687,Memória Primo 332,15,639.69,true
689,SKU-100688,Cafeteira Nordic 738,16,440.34,true
690,SKU-100689,Aspirador Veloce 264,10,218.36,false
691,SKU-100690,Micro-ondas Aurora 320,9,672.52,true
692,SKU-100691,Smartwatch Kubo 149,12,177.90,true
693,SKU-100692,Batedeira Kubo 251,13,1214.44,true
694,SKU-100693,Notebook Vertex 841,15,440.06,true
695,SKU-100694,Monitor Primo 240,10,618.08,true
696,SKU-100695,Lençol Kairo 393,20,330.10,true
697,SKU-100696,Halter Nordic 646,15,424.73,true
698,SKU-100697,Teclado Orbis 145,9,495.90,true
699,SKU-100698,Liquidificador Volt 276,3,153.02,true
700,SKU-100699,Bicicleta Brava 988,20,123.63,true
701,SKU-100700,Colchão Orbis 188,15,176.28,true
702,SKU-100701,Monitor Vertex 979,17,530.32,true
703,SKU-100702,Impressora Kubo 129,15,303.49,true
704,SKU-100703,Jogo Veloce 866,15,656.20,true
705,SKU-100704,Caixa Onix 380,18,653.30,true
706,SKU-100705,Teclado Astra 286,16,96.27,true
707,SKU-100706,Roteador Astra 300,12,583.76,true
708,SKU-100707,Console Trilha 958,5,435.88,true
709,SKU-100708,Desktop Zentro 588,21,296.45,true
710,SKU-100709,Colchão Astra 376,3,356.22,true
711,SKU-100710,Mouse Orbis 132,6,513.57,true
712,SKU-100711,Purificador Kubo 742,18,822.97,true
713,SKU-100712,Impressora Primo 190,15,222.00,true
714,SKU-100713,Sofá Kairo 141,18,574.98,true
715,SKU-100714,Lençol Zentro 959,16,327.78,false
716,SKU-100715,Cooler Aurora 545,13,711.27,false
717,SKU-100716,Caixa Kairo 873,2,62.48,true
718,SKU-100717,Serra Saga 836,13,79.13,true
719,SKU-100718,Mesa Zentro 243,7,330.18,false
720,SKU-100719,Secadora Kairo 379,10,1644.38,true
721,SKU-100720,Estante Primo 409,3,246.74,true
722,SKU-100721,Cadeira Kairo 233,15,311.44,true
723,SKU-100722,Monitor Aurora 266,9,488.37,false
724,SKU-100723,Ventilador Volt 193,2,741.33,true
725,SKU-100724,Bicicleta Zentro 349,2,418.75,true
726,SKU-100725,Soundbar Pratic 324,2,520.31,false
727,SKU-100726,Headset Saga 261,20,681.82,true
728,SKU-100727,Smartphone Kairo 842,12,140.89,true
729,SKU-100728,Cooler Brava 513,3,1104.12,false
730,SKU-100729,Furadeira Nordic 642,6,669.92,true
731,SKU-100730,Smartwatch Saga 820,10,182.26,true
732,SKU-100731,Memória Lumix 302,7,150.02,true
733,SKU-100732,Micro-ondas Orbis 505,13,156.87,false
734,SKU-100733,Ar-condicionado Pratic 783,20,285.55,true
735,SKU-100734,Mouse Veloce 379,17,261.13,true
736,SKU-100735,Mesa Mirante 545,6,275.69,true
737,SKU-100736,Soundbar Brava 573,16,353.50,true
738,SKU-100737,Colchão Primo 183,3,562.99,true
739,SKU-100738,Mesa Saga 210,12,175.77,true
740,SKU-100739,Headset Pratic 163,2,167.72,true
741,SKU-100740,Cooler Onix 343,16,146.76,true
742,SKU-100741,Jogo Saga 660,21,320.95,true
743,SKU-100742,Furadeira Saga 674,7,110.88,true
744,SKU-100743,Receiver Saga 481,17,318.67,true
745,SKU-100744,Desktop Kairo 745,17,274.59,true
746,SKU-100745,Impressora Lumix 242,21,590.14,true
747,SKU-100746,Fone Vertex 328,5,689.86,true
748,SKU-100747,Ventilador Primo 889,9,634.30,true
749,SKU-100748,Headphone Mirante 380,3,307.35,true
750,SKU-100749,Roteador Zentro 353,10,456.51,true
751,SKU-100750,Caixa Volt 918,10,620.11,true
752,SKU-100751,Headphone Nexa 811,6,259.07,true
753,SKU-100752,Estante Trilha 303,15,384.77,true
754,SKU-100753,Monitor Volt 172,21,761.38,true
755,SKU-100754,Estante Kairo 292,20,244.13,true
756,SKU-100755,Roteador Saga 193,10,394.98,true
757,SKU-100756,Console Volt 863,9,492.06,true
758,SKU-100757,Roteador Kubo 215,18,316.71,true
759,SKU-100758,Esteira Delta 397,3,756.35,false
760,SKU-100759,Jogo Nordic 868,2,224.75,true
761,SKU-100760,Televisor Onix 106,10,317.55,true
762,SKU-100761,Furadeira Delta 308,21,708.66,true
763,SKU-100762,Carregador Lumix 340,12,580.73,true
764,SKU-100763,Smartwatch Veloce 930,12,250.92,false
765,SKU-100764,Parafusadeira Onix 733,18,149.12,true
766,SKU-100765,Halter Volt 613,16,255.45,true
767,SKU-100766,Secadora Kubo 219,9,371.98,true
768,SKU-100767,Cadeira Nexa 981,21,356.45,true
769,SKU-100768,Smartwatch Brava 305,3,225.03,true
770,SKU-100769,Receiver Aurora 271,21,216.04,true
771,SKU-100770,Headphone Orbis 211,3,520.09,true
772,SKU-100771,Batedeira Onix 894,21,251.05,true
773,SKU-100772,SSD Astra 576,7,637.33,true
774,SKU-100773,Console Zentro 486,21,686.10,true
775,SKU-100774,Lençol Saga 479,12,1204.77,true
776,SKU-100775,Estante Veloce 845,7,201.63,true
777,SKU-100776,Headset Primo 854,2,400.16,true
778,SKU-100777,Soundbar Aurora 870,9,773.37,true
779,SKU-100778,Mesa Saga 591,7,588.26,true
780,SKU-100779,Smartphone Nordic 300,13,663.20,true
781,SKU-100780,Memória Mirante 277,10,221.17,true
782,SKU-100781,Impressora Kubo 995,2,490.74,true
783,SKU-100782,Teclado Primo 459,17,182.04,true
784,SKU-100783,Controle Primo 603,20,470.76,true
785,SKU-100784,Lavadora Astra 130,6,86.27,true
786,SKU-100785,Caixa Nexa 236,21,484.05,true
787,SKU-100786,Estante Primo 632,3,644.59,true
788,SKU-100787,Desktop Delta 660,18,177.86,true
789,SKU-100788,Purificador Volt 501,5,110.33,true
790,SKU-100789,Fonte Onix 889,10,793.91,true
791,SKU-100790,Teclado Mirante 415,13,259.13,true
792,SKU-100791,Receiver Onix 763,21,384.33,true
793,SKU-100792,Esteira Aurora 653,16,635.50,true
794,SKU-100793,Smartwatch Delta 549,5,155.27,true
795,SKU-100794,Fonte Lumix 727,15,537.40,true
796,SKU-100795,Caixa Onix 128,6,189.91,true
797,SKU-100796,Lavadora Astra 206,9,435.13,true
798,SKU-100797,Toalha Astra 735,12,191.50,true
799,SKU-100798,Serra Kairo 770,5,191.19,false
800,SKU-100799,Estante Kairo 765,7,409.05,true
801,SKU-100800,Furadeira Nordic 716,16,384.76,true
802,SKU-100801,Fonte Delta 666,15,102.29,true
803,SKU-100802,Controle Kubo 487,2,657.19,true
804,SKU-100803,Serra Kairo 290,21,408.50,true
805,SKU-100804,Bicicleta Nordic 178,6,171.84,true
806,SKU-100805,Geladeira Nexa 606,15,324.01,false
807,SKU-100806,SSD Pratic 969,21,1160.68,true
808,SKU-100807,Ar-condicionado Saga 310,10,218.87,true
809,SKU-100808,Smartwatch Vertex 656,6,242.32,true
810,SKU-100809,Fone Volt 323,5,612.35,true
811,SKU-100810,Purificador Orbis 644,5,270.21,true
812,SKU-100811,Desktop Volt 178,10,544.50,true
813,SKU-100812,Desktop Mirante 860,17,240.01,false
814,SKU-100813,Headphone Trilha 465,3,180.37,true
815,SKU-100814,Fogão Orbis 248,6,365.53,true
816,SKU-100815,Micro-ondas Trilha 342,13,327.87,true
817,SKU-100816,Furadeira Nordic 565,12,431.17,true
818,SKU-100817,Serra Orbis 492,15,1048.82,true
819,SKU-100818,Cooler Mirante 146,21,289.06,true
820,SKU-100819,Console Aurora 430,3,672.75,true
821,SKU-100820,Memória Saga 694,7,215.09,true
822,SKU-100821,Parafusadeira Kairo 751,16,493.23,true
823,SKU-100822,Toalha Vertex 243,2,986.98,true
824,SKU-100823,Lençol Orbis 415,17,534.50,true
825,SKU-100824,Headset Aurora 505,20,813.38,true
826,SKU-100825,Controle Kubo 361,20,295.65,true
827,SKU-100826,Sofá Veloce 320,13,499.14,true
828,SKU-100827,Notebook Astra 930,7,174.34,true
829,SKU-100828,Parafusadeira Nexa 412,5,459.07,true
830,SKU-100829,Jogo Nexa 365,17,200.09,false
831,SKU-100830,Smartphone Kubo 838,7,83.56,true
832,SKU-100831,Jogo Kubo 750,21,250.55,true
833,SKU-100832,Micro-ondas Zentro 374,13,397.72,true
834,SKU-100833,Cafeteira Nexa 872,7,407.09,true
835,SKU-100834,Toalha Kubo 833,6,491.27,true
836,SKU-100835,Esteira Aurora 878,20,52.28,false
837,SKU-100836,Fogão Onix 414,9,500.23,true
838,SKU-100837,Furadeira Volt 512,10,582.63,true
839,SKU-100838,Furadeira Astra 342,20,628.90,true
840,SKU-100839,Halter Nordic 114,7,264.17,true
841,SKU-100840,Batedeira Volt 367,2,516.58,true
842,SKU-100841,Fonte Kairo 391,3,215.76,true
843,SKU-100842,Capa Kubo 525,13,378.22,true
844,SKU-100843,Jogo Astra 107,5,153.70,true
845,SKU-100844,Jogo Orbis 998,20,872.64,true
846,SKU-100845,Geladeira Lumix 847,20,357.24,true
847,SKU-100846,Serra Aurora 253,7,1148.76,true
848,SKU-100847,Headphone Trilha 146,9,276.72,true
849,SKU-100848,Headphone Nordic 940,3,129.12,true
850,SKU-100849,Desktop Nordic 526,17,396.68,true
851,SKU-100850,Desktop Mirante 401,12,190.07,true
852,SKU-100851,Liquidificador Mirante 566,6,385.91,true
853,SKU-100852,Soundbar Primo 904,7,559.33,true
854,SKU-100853,Mouse Mirante 283,13,433.02,true
855,SKU-100854,Controle Astra 839,13,418.01,true
856,SKU-100855,Console Trilha 420,2,566.68,false
857,SKU-100856,Capa Aurora 415,18,442.08,true
858,SKU-100857,Fogão Aurora 686,10,322.92,true
859,SKU-100858,Televisor Mirante 180,5,114.59,true
860,SKU-100859,Lençol Mirante 612,18,395.67,true
861,SKU-100860,Esteira Volt 440,21,510.44,false
862,SKU-100861,Desktop Pratic 431,18,602.91,true
863,SKU-100862,Headset Aurora 861,9,509.83,true
864,SKU-100863,Sofá Primo 550,16,122.64,true
865,SKU-100864,Toalha Zentro 200,9,507.96,true
866,SKU-100865,Serra Kairo 309,18,326.62,true
867,SKU-100866,Controle Onix 128,20,234.27,true
868,SKU-100867,Soundbar Astra 640,3,182.32,true
869,SKU-100868,Roteador Trilha 719,2,496.03,true
870,SKU-100869,Batedeira Zentro 256,9,207.30,true
871,SKU-100870,Liquidificador Saga 204,10,488.58,true
872,SKU-100871,Sofá Zentro 554,18,355.11,true
873,SKU-100872,Console Nexa 192,16,338.75,true
874,SKU-100873,Controle Aurora 799,16,528.50,true
875,SKU-100874,Soundbar Saga 453,9,263.87,true
876,SKU-100875,Caixa Zentro 736,13,358.11,true
877,SKU-100876,Secadora Vertex 769,9,378.17,true
878,SKU-100877,Impressora Volt 680,5,439.07,true
879,SKU-100878,Serra Onix 958,6,294.50,true
880,SKU-100879,Memória Onix 569,15,225.97,true
881,SKU-100880,Televisor Astra 921,12,200.82,true
882,SKU-100881,Fogão Primo 859,16,112.38,true
883,SKU-100882,Receiver Kairo 314,17,673.27,true
884,SKU-100883,Secadora Primo 318,20,802.59,false
885,SKU-100884,Cadeira Lumix 744,6,400.92,true
886,SKU-100885,Secadora Onix 705,20,631.21,true
887,SKU-100886,Notebook Volt 981,20,916.16,true
888,SKU-100887,Roteador Volt 372,5,640.70,true
889,SKU-100888,Colchão Pratic 943,3,148.47,true
890,SKU-100889,Mouse Primo 380,15,313.37,true
891,SKU-100890,Memória Nordic 729,3,884.63,true
892,SKU-100891,Parafusadeira Kubo 366,16,189.08,true
893,SKU-100892,Soundbar Saga 527,5,423.02,true
894,SKU-100893,Colchão Delta 396,12,987.49,true
895,SKU-100894,Televisor Saga 720,2,302.85,true
896,SKU-100895,Parafusadeira Onix 231,3,306.33,true
897,SKU-100896,Cadeira Kubo 639,20,166.92,true
898,SKU-100897,SSD Astra 623,12,337.29,true
899,SKU-100898,Sofá Delta 118,5,255.26,true
900,SKU-100899,Halter Onix 381,15,540.31,true
901,SKU-100900,Ar-condicionado Zentro 784,12,424.53,true
902,SKU-100901,Lavadora Kubo 483,9,93.59,true
903,SKU-100902,Mesa Pratic 748,12,749.93,true
904,SKU-100903,Capa Volt 920,12,221.91,true
905,SKU-100904,Televisor Nexa 978,20,280.00,true
906,SKU-100905,Bicicleta Trilha 457,13,102.36,true
907,SKU-100906,Cafeteira Delta 425,17,676.02,true
908,SKU-100907,Teclado Onix 574,10,463.39,true
909,SKU-100908,SSD Saga 737,2,778.90,true
910,SKU-100909,Impressora Nordic 894,18,586.31,true
911,SKU-100910,Micro-ondas Zentro 227,2,240.44,true
912,SKU-100911,Purificador Kubo 605,7,749.74,false
913,SKU-100912,Purificador Astra 890,20,368.31,true
914,SKU-100913,Secadora Vertex 658,6,130.20,true
915,SKU-100914,Soundbar Onix 775,20,223.95,true
916,SKU-100915,Cadeira Saga 369,2,659.76,true
917,SKU-100916,Batedeira Kairo 612,18,415.55,true
918,SKU-100917,Colchão Nexa 847,12,347.40,false
919,SKU-100918,Controle Vertex 907,18,251.80,true
920,SKU-100919,Parafusadeira Onix 907,16,258.11,true
921,SKU-100920,Carregador Nexa 797,16,142.21,true
922,SKU-100921,Sofá Primo 497,13,262.63,true
923,SKU-100922,Esteira Kubo 224,2,331.76,true
924,SKU-100923,Lavadora Astra 893,16,280.70,true
925,SKU-100924,Capa Pratic 240,3,1032.59,true
926,SKU-100925,Colchão Mirante 605,21,581.89,true
927,SKU-100926,Carregador Orbis 593,21,82.69,true
928,SKU-100927,Sofá Lumix 861,18,228.53,true
929,SKU-100928,Cafeteira Vertex 527,9,374.83,true
930,SKU-100929,Serra Astra 269,12,403.21,true
931,SKU-100930,Fonte Delta 145,16,215.76,true
932,SKU-100931,Halter Primo 348,6,319.27,true
933,SKU-100932,Cadeira Brava 432,10,324.68,true
934,SKU-100933,Cadeira Nordic 881,17,354.27,true
935,SKU-100934,SSD Delta 357,6,419.07,true
936,SKU-100935,Console Pratic 732,5,239.24,true
937,SKU-100936,Mesa Nordic 825,7,260.72,true
938,SKU-100937,Roteador Kairo 425,10,226.36,true
939,SKU-100938,Memória Primo 213,10,195.70,true
940,SKU-100939,Toalha Vertex 703,5,432.44,true
941,SKU-100940,Headset Vertex 652,21,401.11,true
942,SKU-100941,Sofá Kubo 432,5,125.58,true
943,SKU-100942,Televisor Nexa 546,10,944.16,true
944,SKU-100943,Teclado Brava 594,10,108.78,true
945,SKU-100944,Lavadora Zentro 240,21,864.40,true
946,SKU-100945,Lençol Kubo 284,2,188.69,true
947,SKU-100946,Fonte Nexa 393,12,332.28,true
948,SKU-100947,Lençol Kubo 817,9,247.96,true
949,SKU-100948,Capa Veloce 598,16,158.77,true
950,SKU-100949,Purificador Onix 450,5,171.46,true
951,SKU-100950,Cafeteira Mirante 265,15,357.48,true
952,SKU-100951,Micro-ondas Onix 148,13,480.97,true
953,SKU-100952,Halter Mirante 367,13,328.45,true
954,SKU-100953,Cafeteira Astra 549,7,528.57,true
955,SKU-100954,Mouse Lumix 817,17,356.88,true
956,SKU-100955,Fogão Kairo 471,6,195.76,true
957,SKU-100956,Notebook Delta 301,3,250.26,true
958,SKU-100957,Smartphone Nexa 822,7,451.51,true
959,SKU-100958,Fogão Astra 400,15,307.82,true
960,SKU-100959,Teclado Vertex 759,5,534.47,true
961,SKU-100960,Carregador Primo 146,9,125.07,false
962,SKU-100961,Bicicleta Orbis 234,13,211.14,true
963,SKU-100962,Geladeira Vertex 540,5,452.78,true
964,SKU-100963,Lençol Aurora 956,6,348.20,true
965,SKU-100964,Fonte Trilha 902,10,326.00,true
966,SKU-100965,Batedeira Pratic 943,6,656.64,true
967,SKU-100966,Fogão Volt 467,7,289.89,false
968,SKU-100967,Televisor Mirante 259,16,497.30,true
969,SKU-100968,Desktop Saga 354,12,217.81,true
970,SKU-100969,Furadeira Mirante 192,7,362.27,true
971,SKU-100970,Geladeira Mirante 231,17,99.88,false
972,SKU-100971,Memória Saga 675,13,546.36,true
973,SKU-100972,Secadora Saga 988,13,401.61,true
974,SKU-100973,Liquidificador Trilha 306,20,561.82,true
975,SKU-100974,Toalha Primo 552,3,1668.50,true
976,SKU-100975,Roteador Aurora 108,21,1939.68,false
977,SKU-100976,Ventilador Volt 432,5,343.31,true
978,SKU-100977,Headphone Vertex 488,20,553.19,true
979,SKU-100978,Jogo Kubo 379,21,698.75,true
980,SKU-100979,Smartphone Aurora 337,20,442.96,true
981,SKU-100980,Batedeira Lumix 745,2,424.49,true
982,SKU-100981,Cooler Onix 957,20,308.82,true
983,SKU-100982,Fonte Volt 927,21,184.97,true
984,SKU-100983,Headset Nordic 284,6,457.82,true
985,SKU-100984,Jogo Kubo 799,5,310.47,true
986,SKU-100985,Ventilador Volt 905,13,295.24,true
987,SKU-100986,Headset Brava 372,3,433.60,true
988,SKU-100987,Headphone Astra 139,6,517.60,true
989,SKU-100988,Headphone Lumix 315,9,338.88,true
990,SKU-100989,Memória Volt 954,15,1962.00,true
991,SKU-100990,Cooler Veloce 360,21,497.18,false
992,SKU-100991,SSD Orbis 199,12,516.81,true
993,SKU-100992,Parafusadeira Nexa 940,17,411.35,true
994,SKU-100993,Furadeira Astra 712,15,818.37,true
995,SKU-100994,Bicicleta Orbis 563,5,57.39,true
996,SKU-100995,Console Lumix 537,15,422.93,true
997,SKU-100996,Notebook Nexa 638,3,264.38,true
998,SKU-100997,Teclado Orbis 954,2,99.31,true
999,SKU-100998,Monitor Pratic 622,16,429.00,true
1000,SKU-100999,Halter Nexa 157,18,280.09,true
1001,SKU-101000,Ar-condicionado Zentro 929,7,86.11,true
1002,SKU-101001,Esteira Mirante 940,9,283.08,true
1003,SKU-101002,Teclado Lumix 107,12,265.60,true
1004,SKU-101003,Toalha Onix 195,21,120.06,true
1005,SKU-101004,Purificador Aurora 501,21,1358.40,true
1006,SKU-101005,Secadora Volt 929,16,435.91,true
1007,SKU-101006,Capa Pratic 407,20,1056.63,true
1008,SKU-101007,Furadeira Nordic 591,7,401.06,true
1009,SKU-101008,Fonte Orbis 220,9,420.56,true
1010,SKU-101009,Soundbar Zentro 680,2,677.04,true
1011,SKU-101010,Impressora Onix 301,10,126.68,true
1012,SKU-101011,Headphone Volt 400,9,236.46,true
1013,SKU-101012,Headphone Brava 646,5,194.85,false
1014,SKU-101013,Notebook Zentro 921,17,326.47,true
1015,SKU-101014,Cadeira Delta 840,13,1088.35,true
1016,SKU-101015,Notebook Trilha 416,20,308.87,true
1017,SKU-101016,Lençol Vertex 811,7,223.87,true
1018,SKU-101017,Cooler Onix 931,16,194.82,true
1019,SKU-101018,Aspirador Volt 253,12,178.12,true
1020,SKU-101019,Smartwatch Pratic 776,15,517.21,true
1021,SKU-101020,Teclado Nordic 994,5,481.36,true
1022,SKU-101021,Parafusadeira Mirante 422,5,195.13,true
1023,SKU-101022,Desktop Veloce 614,2,155.10,true
1024,SKU-101023,Cadeira Vertex 667,5,807.88,true
1025,SKU-101024,Soundbar Kairo 752,2,377.77,true
1026,SKU-101025,Estante Brava 817,9,272.49,true
1027,SKU-101026,Desktop Zentro 127,17,472.66,false
1028,SKU-101027,Notebook Veloce 940,12,517.91,true
1029,SKU-101028,Parafusadeira Nexa 454,3,260.71,true
1030,SKU-101029,Notebook Kubo 297,15,144.46,false
1031,SKU-101030,Purificador Onix 568,15,736.56,true
1032,SKU-101031,Jogo Aurora 717,7,920.87,true
1033,SKU-101032,Smartphone Delta 257,17,300.06,true
1034,SKU-101033,Caixa Nexa 884,20,323.44,true
1035,SKU-101034,Fogão Delta 206,13,213.04,true
1036,SKU-101035,Estante Astra 583,2,284.66,true
1037,SKU-101036,Ventilador Trilha 965,21,165.74,true
1038,SKU-101037,Ar-condicionado Trilha 274,10,917.10,true
1039,SKU-101038,Micro-ondas Delta 781,5,254.33,false
1040,SKU-101039,Capa Brava 436,5,625.49,true
1041,SKU-101040,Aspirador Aurora 818,13,216.25,true
1042,SKU-101041,Liquidificador Veloce 601,13,237.23,true
1043,SKU-101042,Sofá Nordic 182,13,390.31,true
1044,SKU-101043,Monitor Astra 307,9,470.87,true
1045,SKU-101044,Micro-ondas Kairo 414,20,487.54,false
1046,SKU-101045,Sofá Primo 501,6,263.17,false
1047,SKU-101046,Caixa Lumix 299,10,527.67,true
1048,SKU-101047,Caixa Nexa 766,5,258.84,true
1049,SKU-101048,Micro-ondas Nexa 186,12,503.35,true
1050,SKU-101049,Controle Delta 838,17,256.04,true
1051,SKU-101050,Headset Kubo 265,13,262.68,true
1052,SKU-101051,Notebook Nordic 118,12,143.93,true
1053,SKU-101052,Mesa Brava 211,10,424.92,true
1054,SKU-101053,Mouse Mirante 543,16,108.51,true
1055,SKU-101054,Mesa Aurora 473,18,587.93,true
1056,SKU-101055,Sofá Pratic 754,2,761.45,true
1057,SKU-101056,Purificador Onix 545,12,586.29,true
1058,SKU-101057,Purificador Veloce 589,15,326.83,true
1059,SKU-101058,Cooler Onix 442,10,693.06,true
1060,SKU-101059,Ventilador Brava 697,3,349.74,true
1061,SKU-101060,Headphone Aurora 881,12,347.25,true
1062,SKU-101061,Purificador Astra 661,3,1022.77,true
1063,SKU-101062,Fogão Vertex 200,5,510.36,true
1064,SKU-101063,Capa Vertex 224,15,182.21,true
1065,SKU-101064,Cafeteira Vertex 970,17,451.21,true
1066,SKU-101065,Lençol Astra 653,18,701.11,true
1067,SKU-101066,Mouse Volt 745,7,599.20,true
1068,SKU-101067,Cafeteira Pratic 653,10,358.87,true
1069,SKU-101068,Fone Delta 584,17,614.63,false
1070,SKU-101069,Teclado Nexa 352,7,123.69,false
1071,SKU-101070,Notebook Pratic 660,9,455.37,true
1072,SKU-101071,Ventilador Primo 971,15,707.17,true
1073,SKU-101072,Televisor Mirante 302,3,206.25,true
1074,SKU-101073,Capa Veloce 806,20,175.63,true
1075,SKU-101074,Toalha Onix 905,20,168.91,true
1076,SKU-101075,Soundbar Veloce 732,15,510.91,true
1077,SKU-101076,Geladeira Kairo 135,13,529.32,true
1078,SKU-101077,Purificador Vertex 156,6,134.29,true
1079,SKU-101078,Controle Nordic 751,7,141.22,true
1080,SKU-101079,Bicicleta Onix 745,3,282.44,true
1081,SKU-101080,Esteira Primo 304,15,404.16,true
1082,SKU-101081,Capa Astra 228,15,475.79,true
1083,SKU-101082,Ar-condicionado Saga 497,7,438.78,true
1084,SKU-101083,Purificador Orbis 493,2,537.16,true
1085,SKU-101084,Geladeira Mirante 103,16,293.63,true
1086,SKU-101085,Lavadora Kairo 610,18,413.25,true
1087,SKU-101086,Monitor Veloce 637,12,384.28,true
1088,SKU-101087,Bicicleta Vertex 767,7,216.64,true
1089,SKU-101088,SSD Delta 309,6,648.74,true
1090,SKU-101089,Halter Vertex 669,21,273.38,true
1091,SKU-101090,Controle Volt 921,17,495.23,true
1092,SKU-101091,Smartphone Veloce 984,16,556.05,true
1093,SKU-101092,Lençol Kubo 552,17,191.57,true
1094,SKU-101093,Fone Delta 329,9,285.54,true
1095,SKU-101094,Smartwatch Delta 487,13,136.64,true
1096,SKU-101095,Impressora Brava 250,20,489.23,true
1097,SKU-101096,Parafusadeira Onix 747,5,861.69,true
1098,SKU-101097,Bicicleta Kubo 440,2,291.72,true
1099,SKU-101098,Cadeira Nexa 727,5,292.93,true
1100,SKU-101099,Geladeira Vertex 879,9,324.67,false
1101,SKU-101100,Impressora Primo 151,13,593.34,true
1102,SKU-101101,Caixa Delta 448,2,215.52,true
1103,SKU-101102,Ventilador Veloce 387,13,238.95,true
1104,SKU-101103,Caixa Orbis 382,18,303.12,true
1105,SKU-101104,Liquidificador Nexa 744,18,99.97,true
1106,SKU-101105,Soundbar Volt 280,16,318.49,true
1107,SKU-101106,Sofá Lumix 489,18,280.42,true
1108,SKU-101107,Ventilador Nordic 753,16,255.76,true
1109,SKU-101108,Receiver Brava 889,17,299.34,false
1110,SKU-101109,Fone Onix 919,10,136.92,true
1111,SKU-101110,Serra Onix 244,17,448.20,true
1112,SKU-101111,Console Saga 413,20,930.14,true
1113,SKU-101112,Cadeira Primo 596,7,77.68,true
1114,SKU-101113,Purificador Veloce 403,18,355.45,true
1115,SKU-101114,Secadora Volt 187,18,627.62,true
1116,SKU-101115,Desktop Orbis 462,3,359.60,true
1117,SKU-101116,Bicicleta Primo 732,5,232.06,true
1118,SKU-101117,Mouse Primo 832,20,261.28,true
1119,SKU-101118,Soundbar Primo 816,2,513.52,false
1120,SKU-101119,Serra Volt 326,15,850.86,true
1121,SKU-101120,Geladeira Orbis 755,18,282.45,true
1122,SKU-101121,Cooler Saga 503,15,343.37,true
1123,SKU-101122,Mouse Nordic 418,12,278.15,false
1124,SKU-101123,Cadeira Delta 557,3,660.20,true
1125,SKU-101124,Esteira Brava 694,20,329.75,true
1126,SKU-101125,Cafeteira Trilha 740,6,243.50,true
1127,SKU-101126,Carregador Orbis 161,10,80.46,true
1128,SKU-101127,Ar-condicionado Zentro 547,21,220.26,true
1129,SKU-101128,Televisor Primo 273,10,272.55,false
1130,SKU-101129,Cooler Lumix 663,2,537.28,true
1131,SKU-101130,Headphone Veloce 154,3,333.45,true
1132,SKU-101131,Monitor Nexa 500,5,365.39,true
1133,SKU-101132,Mouse Zentro 987,17,563.14,true
1134,SKU-101133,Fonte Primo 722,16,274.83,true
1135,SKU-101134,Liquidificador Pratic 455,16,316.95,true
1136,SKU-101135,Estante Zentro 708,6,616.15,true
1137,SKU-101136,Lavadora Pratic 164,17,299.67,true
1138,SKU-101137,Fogão Volt 129,12,659.01,true
1139,SKU-101138,Cafeteira Trilha 452,13,3269.70,true
1140,SKU-101139,Fonte Vertex 449,12,258.45,true
1141,SKU-101140,Colchão Astra 143,13,433.26,true
1142,SKU-101141,Parafusadeira Saga 202,18,78.01,true
1143,SKU-101142,Furadeira Kubo 533,20,735.84,true
1144,SKU-101143,Impressora Brava 968,20,468.70,true
1145,SKU-101144,Controle Onix 594,18,278.92,true
1146,SKU-101145,SSD Onix 246,15,378.43,true
1147,SKU-101146,Furadeira Pratic 931,3,633.22,true
1148,SKU-101147,Estante Nexa 842,15,413.38,true
1149,SKU-101148,Fogão Astra 456,21,173.46,true
1150,SKU-101149,Capa Aurora 769,13,356.60,false
1151,SKU-101150,Cadeira Zentro 824,9,155.60,true
1152,SKU-101151,Batedeira Onix 154,9,442.31,true
1153,SKU-101152,Parafusadeira Vertex 797,13,252.18,true
1154,SKU-101153,Toalha Kubo 794,17,401.49,true
1155,SKU-101154,Aspirador Mirante 360,5,182.88,true
1156,SKU-101155,Ar-condicionado Astra 987,7,124.20,true
1157,SKU-101156,Geladeira Delta 749,5,517.20,true
1158,SKU-101157,Memória Nordic 968,12,167.67,true
1159,SKU-101158,Geladeira Pratic 709,16,567.49,true
1160,SKU-101159,Memória Veloce 307,9,170.51,true
1161,SKU-101160,Halter Volt 117,17,199.30,true
1162,SKU-101161,Controle Kubo 296,6,249.93,true
1163,SKU-101162,Aspirador Nordic 471,15,1226.69,true
1164,SKU-101163,Fogão Onix 675,15,149.08,true
1165,SKU-101164,Memória Trilha 842,3,142.87,true
1166,SKU-101165,Headset Vertex 240,5,63.42,true
1167,SKU-101166,Memória Onix 182,7,294.14,true
1168,SKU-101167,Esteira Volt 258,13,818.71,true
1169,SKU-101168,Fonte Primo 401,5,682.36,true
1170,SKU-101169,Sofá Pratic 373,15,137.98,true
1171,SKU-101170,Cafeteira Nexa 501,5,263.52,false
1172,SKU-101171,Controle Delta 870,7,115.13,true
1173,SKU-101172,Lençol Kubo 918,10,375.42,true
1174,SKU-101173,Serra Lumix 708,20,733.89,true
1175,SKU-101174,Serra Kairo 777,3,268.56,true
1176,SKU-101175,Televisor Onix 219,18,391.59,false
1177,SKU-101176,Impressora Orbis 931,17,227.45,true
1178,SKU-101177,Televisor Delta 679,10,749.25,true
1179,SKU-101178,Console Primo 769,18,147.33,true
1180,SKU-101179,Caixa Lumix 484,9,855.81,true
1181,SKU-101180,Serra Volt 879,15,161.35,true
1182,SKU-101181,Fonte Lumix 397,21,177.87,true
1183,SKU-101182,Memória Aurora 688,18,175.23,true
1184,SKU-101183,Capa Aurora 154,18,353.84,true
1185,SKU-101184,Bicicleta Zentro 379,15,246.38,true
1186,SKU-101185,Serra Zentro 875,16,366.67,true
1187,SKU-101186,Liquidificador Onix 309,16,188.53,true
1188,SKU-101187,Notebook Onix 151,21,914.21,true
1189,SKU-101188,Roteador Lumix 197,18,128.87,true
1190,SKU-101189,Ar-condicionado Brava 602,15,1082.13,false
1191,SKU-101190,Estante Trilha 830,9,407.00,true
1192,SKU-101191,Geladeira Vertex 232,13,268.40,true
1193,SKU-101192,Bicicleta Onix 584,9,1024.63,true
1194,SKU-101193,Memória Pratic 631,17,168.00,true
1195,SKU-101194,Estante Kubo 956,9,495.25,true
1196,SKU-101195,Carregador Saga 468,3,190.36,true
1197,SKU-101196,Ventilador Pratic 913,10,213.78,true
1198,SKU-101197,Mouse Kubo 408,10,708.24,true
1199,SKU-101198,Televisor Aurora 497,17,373.85,false
1200,SKU-101199,Cafeteira Kubo 444,6,384.67,false
1201,SKU-101200,Notebook Pratic 949,10,392.58,false
1202,SKU-101201,Serra Nexa 632,18,320.63,true
1203,SKU-101202,Impressora Volt 780,7,384.82,true
1204,SKU-101203,Purificador Vertex 847,18,870.63,true
1205,SKU-101204,Carregador Kubo 353,5,94.88,true
1206,SKU-101205,Aspirador Kairo 166,21,430.35,true
1207,SKU-101206,Mesa Volt 285,5,690.57,true
1208,SKU-101207,Smartphone Nordic 734,10,364.42,true
1209,SKU-101208,Televisor Mirante 747,3,654.35,false
1210,SKU-101209,Secadora Kubo 290,18,242.41,true
1211,SKU-101210,Mouse Trilha 401,9,128.70,true
1212,SKU-101211,Cadeira Saga 309,16,292.90,false
1213,SKU-101212,Cafeteira Kairo 908,18,465.90,true
1214,SKU-101213,Smartwatch Primo 276,18,118.61,true
1215,SKU-101214,Colchão Vertex 206,15,407.61,true
1216,SKU-101215,Lençol Saga 900,7,461.21,true
1217,SKU-101216,Mesa Pratic 821,9,692.61,true
1218,SKU-101217,Liquidificador Vertex 875,6,157.30,true
1219,SKU-101218,Carregador Trilha 246,12,78.73,true
1220,SKU-101219,Smartwatch Primo 369,21,187.45,false
1221,SKU-101220,Capa Aurora 843,9,95.73,true
1222,SKU-101221,Mouse Brava 708,20,584.04,true
1223,SKU-101222,Cafeteira Onix 547,12,448.32,true
1224,SKU-101223,Fogão Saga 109,17,359.23,true
1225,SKU-101224,Televisor Lumix 370,20,857.76,false
1226,SKU-101225,Cafeteira Aurora 936,17,621.59,true
1227,SKU-101226,Batedeira Astra 701,2,309.75,true
1228,SKU-101227,Memória Veloce 131,10,399.88,true
1229,SKU-101228,Soundbar Delta 367,3,348.51,true
1230,SKU-101229,Notebook Zentro 651,20,845.17,true
1231,SKU-101230,SSD Nordic 987,16,677.22,true
1232,SKU-101231,Halter Primo 636,20,580.82,false
1233,SKU-101232,Fone Orbis 987,6,191.20,true
1234,SKU-101233,Soundbar Aurora 153,2,1040.43,true
1235,SKU-101234,Colchão Zentro 114,21,453.85,true
1236,SKU-101235,Serra Nordic 101,10,302.02,true
1237,SKU-101236,Headset Vertex 153,10,267.88,true
1238,SKU-101237,Cadeira Volt 394,2,343.82,true
1239,SKU-101238,Console Kubo 708,15,563.24,true
1240,SKU-101239,Roteador Orbis 770,15,237.15,true
1241,SKU-101240,Carregador Aurora 772,13,533.43,true
1242,SKU-101241,Carregador Vertex 397,6,206.41,false
1243,SKU-101242,Headset Vertex 164,9,571.12,true
1244,SKU-101243,Headset Delta 717,18,357.56,true
1245,SKU-101244,Cafeteira Kairo 734,10,160.73,true
1246,SKU-101245,Impressora Vertex 601,2,195.08,true
1247,SKU-101246,Receiver Delta 894,18,172.73,true
1248,SKU-101247,Lençol Onix 287,12,459.33,true
1249,SKU-101248,Smartphone Nordic 996,2,214.77,true
1250,SKU-101249,Mouse Volt 737,20,717.00,true
1251,SKU-101250,Monitor Brava 555,3,133.33,true
1252,SKU-101251,Geladeira Kairo 474,20,412.79,true
1253,SKU-101252,Impressora Astra 774,21,650.11,false
1254,SKU-101253,Halter Orbis 824,21,89.09,true
1255,SKU-101254,Console Kairo 916,21,706.47,true
1256,SKU-101255,Cooler Kubo 636,12,80.74,true
1257,SKU-101256,SSD Saga 567,17,310.11,true
1258,SKU-101257,Headphone Aurora 282,17,248.94,true
1259,SKU-101258,Notebook Trilha 966,13,223.97,true
1260,SKU-101259,Lençol Primo 581,21,517.50,true
1261,SKU-101260,Esteira Vertex 958,7,107.25,true
1262,SKU-101261,Micro-ondas Orbis 779,18,362.19,true
1263,SKU-101262,Colchão Mirante 345,6,301.36,true
1264,SKU-101263,Halter Mirante 155,13,49.61,true
1265,SKU-101264,Televisor Kairo 612,17,1079.37,true
1266,SKU-101265,Bicicleta Saga 613,15,572.88,true
1267,SKU-101266,Receiver Mirante 701,2,581.70,true
1268,SKU-101267,Fone Saga 466,20,383.11,true
1269,SKU-101268,Purificador Kubo 979,9,689.68,true
1270,SKU-101269,Serra Pratic 420,9,514.06,true
1271,SKU-101270,Memória Pratic 134,18,347.11,true
1272,SKU-101271,Capa Lumix 710,15,271.16,true
1273,SKU-101272,Soundbar Primo 152,5,685.48,true
1274,SKU-101273,Lençol Zentro 997,3,709.76,true
1275,SKU-101274,Sofá Onix 371,3,326.04,true
1276,SKU-101275,Soundbar Onix 348,12,244.18,true
1277,SKU-101276,Mesa Volt 680,2,397.45,true
1278,SKU-101277,Batedeira Brava 888,5,362.94,false
1279,SKU-101278,Aspirador Delta 555,9,721.80,true
1280,SKU-101279,Fogão Zentro 518,5,529.92,false
1281,SKU-101280,Capa Brava 955,13,232.21,true
1282,SKU-101281,Estante Kairo 400,13,376.62,false
1283,SKU-101282,Mesa Vertex 917,18,286.56,true
1284,SKU-101283,Furadeira Pratic 744,18,75.81,true
1285,SKU-101284,Estante Vertex 110,6,427.38,true
1286,SKU-101285,Batedeira Delta 371,13,262.74,false
1287,SKU-101286,Capa Pratic 478,7,89.06,true
1288,SKU-101287,Cadeira Primo 300,9,243.06,true
1289,SKU-101288,Parafusadeira Saga 298,7,122.90,true
1290,SKU-101289,Teclado Onix 112,18,101.20,true
1291,SKU-101290,Colchão Primo 941,15,391.12,true
1292,SKU-101291,Capa Aurora 406,20,352.45,true
1293,SKU-101292,Memória Brava 358,12,125.27,true
1294,SKU-101293,Esteira Kubo 887,6,438.80,true
1295,SKU-101294,Mouse Brava 936,13,256.84,true
1296,SKU-101295,Estante Onix 379,15,819.10,true
1297,SKU-101296,Teclado Onix 662,17,577.63,false
1298,SKU-101297,Monitor Primo 514,17,201.36,true
1299,SKU-101298,SSD Onix 681,10,210.64,true
1300,SKU-101299,Soundbar Veloce 974,15,270.04,true
1301,SKU-101300,Geladeira Kubo 468,10,321.10,true
1302,SKU-101301,Batedeira Pratic 326,5,500.99,false
1303,SKU-101302,Secadora Astra 416,10,630.50,true
1304,SKU-101303,Bicicleta Veloce 868,6,430.25,true
1305,SKU-101304,Ventilador Veloce 301,3,395.90,false
1306,SKU-101305,Mouse Lumix 628,17,162.37,true
1307,SKU-101306,Console Orbis 719,21,547.00,true
1308,SKU-101307,Sofá Saga 717,6,419.64,true
1309,SKU-101308,Furadeira Brava 919,9,291.93,true
1310,SKU-101309,Cadeira Pratic 228,9,145.77,true
1311,SKU-101310,Liquidificador Brava 447,3,172.10,false
1312,SKU-101311,Caixa Lumix 258,21,639.14,true
1313,SKU-101312,Batedeira Astra 779,6,1256.43,true
1314,SKU-101313,Toalha Astra 984,9,718.28,true
1315,SKU-101314,Bicicleta Trilha 321,6,472.45,true
1316,SKU-101315,Fone Zentro 403,15,325.31,true
1317,SKU-101316,Smartphone Veloce 455,21,567.49,true
1318,SKU-101317,Aspirador Vertex 212,20,794.02,true
1319,SKU-101318,Televisor Kairo 442,2,382.83,true
1320,SKU-101319,Bicicleta Aurora 320,16,329.35,true
1321,SKU-101320,Fogão Kairo 381,3,78.07,true
1322,SKU-101321,Mesa Saga 308,15,339.37,true
1323,SKU-101322,Geladeira Nexa 733,6,282.82,true
1324,SKU-101323,Notebook Zentro 926,7,570.34,true
1325,SKU-101324,Esteira Orbis 937,3,100.70,true
1326,SKU-101325,Bicicleta Nexa 675,5,632.51,true
1327,SKU-101326,Console Nordic 526,17,112.32,true
1328,SKU-101327,Halter Vertex 279,21,116.04,true
1329,SKU-101328,Lavadora Nexa 237,16,613.79,true
1330,SKU-101329,Smartwatch Brava 190,12,603.05,true
1331,SKU-101330,Ar-condicionado Mirante 455,15,239.36,true
1332,SKU-101331,Sofá Saga 490,21,287.20,true
1333,SKU-101332,Fogão Primo 174,3,356.80,true
1334,SKU-101333,Cooler Primo 412,2,402.84,true
1335,SKU-101334,Halter Pratic 223,6,314.57,true
1336,SKU-101335,Lençol Trilha 180,9,347.65,true
1337,SKU-101336,Cafeteira Zentro 324,12,380.99,true
1338,SKU-101337,Micro-ondas Astra 397,12,651.86,true
1339,SKU-101338,Bicicleta Trilha 675,10,412.76,true
1340,SKU-101339,Liquidificador Saga 419,15,237.91,true
1341,SKU-101340,Micro-ondas Delta 199,16,1027.74,true
1342,SKU-101341,Mesa Kubo 830,12,207.76,true
1343,SKU-101342,Secadora Pratic 565,15,564.04,true
1344,SKU-101343,Headphone Nexa 349,21,175.80,true
1345,SKU-101344,Esteira Nordic 863,20,333.94,true
1346,SKU-101345,Cafeteira Pratic 910,17,361.26,true
1347,SKU-101346,Lavadora Aurora 553,12,535.75,true
1348,SKU-101347,Soundbar Trilha 303,6,449.58,true
1349,SKU-101348,Furadeira Primo 256,13,553.07,true
1350,SKU-101349,Smartphone Nexa 202,16,129.25,true
1351,SKU-101350,Memória Saga 867,7,474.06,true
1352,SKU-101351,Headphone Veloce 107,17,152.80,true
1353,SKU-101352,Halter Veloce 949,17,652.83,true
1354,SKU-101353,Televisor Saga 996,16,358.85,true
1355,SKU-101354,Batedeira Nordic 135,21,352.33,true
1356,SKU-101355,Cooler Aurora 802,16,652.13,true
1357,SKU-101356,Lavadora Kairo 112,18,555.20,true
1358,SKU-101357,Bicicleta Kairo 367,7,374.94,true
1359,SKU-101358,Purificador Volt 472,13,195.10,true
1360,SKU-101359,Ar-condicionado Vertex 321,7,365.40,true
1361,SKU-101360,Memória Delta 860,18,437.93,true
1362,SKU-101361,Purificador Veloce 681,12,444.72,true
1363,SKU-101362,Monitor Kubo 805,12,925.52,true
1364,SKU-101363,Cafeteira Astra 463,3,402.41,true
1365,SKU-101364,Controle Saga 608,17,227.88,false
1366,SKU-101365,Colchão Brava 218,18,169.05,true
1367,SKU-101366,Sofá Mirante 647,20,607.10,true
1368,SKU-101367,Controle Onix 693,13,276.77,true
1369,SKU-101368,Fone Nexa 153,5,95.64,true
1370,SKU-101369,Aspirador Vertex 693,9,990.03,true
1371,SKU-101370,Mesa Zentro 206,15,129.69,true
1372,SKU-101371,Receiver Onix 445,18,280.84,true
1373,SKU-101372,Carregador Nordic 287,6,230.73,true
1374,SKU-101373,Secadora Onix 622,15,219.28,true
1375,SKU-101374,Receiver Nordic 203,2,500.96,true
1376,SKU-101375,Mesa Saga 673,17,157.76,true
1377,SKU-101376,Smartphone Volt 464,21,633.50,true
1378,SKU-101377,Halter Delta 653,20,1010.09,true
1379,SKU-101378,Serra Kairo 702,9,318.17,true
1380,SKU-101379,Sofá Veloce 191,5,357.28,true
1381,SKU-101380,Roteador Zentro 891,16,389.78,true
1382,SKU-101381,Headset Aurora 170,5,136.63,true
1383,SKU-101382,Notebook Delta 486,15,592.20,true
1384,SKU-101383,Jogo Saga 411,13,377.95,true
1385,SKU-101384,Fone Veloce 481,7,58.34,true
1386,SKU-101385,Carregador Astra 489,6,663.84,true
1387,SKU-101386,Carregador Orbis 652,6,301.36,true
1388,SKU-101387,Toalha Aurora 384,10,541.12,true
1389,SKU-101388,Batedeira Primo 720,13,304.53,true
1390,SKU-101389,Furadeira Mirante 125,17,266.89,true
1391,SKU-101390,Desktop Vertex 461,15,700.81,true
1392,SKU-101391,Fogão Kairo 617,12,146.43,true
1393,SKU-101392,Smartphone Primo 199,17,427.32,true
1394,SKU-101393,Jogo Saga 426,9,1001.89,true
1395,SKU-101394,Estante Lumix 553,17,680.12,true
1396,SKU-101395,Cadeira Lumix 972,7,260.95,true
1397,SKU-101396,Receiver Onix 936,3,246.46,true
1398,SKU-101397,Fone Volt 998,16,407.47,true
1399,SKU-101398,Soundbar Veloce 932,18,340.58,true
1400,SKU-101399,Fone Vertex 669,16,156.31,false
1401,SKU-101400,Secadora Volt 265,17,606.44,true
1402,SKU-101401,Ventilador Kairo 601,15,126.52,false
1403,SKU-101402,Cooler Nexa 161,13,437.54,true
1404,SKU-101403,Caixa Onix 388,3,323.61,true
1405,SKU-101404,Capa Saga 460,20,217.36,true
1406,SKU-101405,Notebook Orbis 667,6,378.17,true
1407,SKU-101406,Soundbar Nexa 549,7,227.59,true
1408,SKU-101407,Receiver Lumix 722,6,73.65,true
1409,SKU-101408,Smartphone Vertex 754,18,128.61,true
1410,SKU-101409,Memória Vertex 223,12,448.14,true
1411,SKU-101410,Esteira Volt 546,2,602.64,true
1412,SKU-101411,Geladeira Veloce 243,2,103.52,true
1413,SKU-101412,Geladeira Lumix 653,15,146.87,true
1414,SKU-101413,Televisor Delta 341,6,354.41,true
1415,SKU-101414,Batedeira Onix 842,21,117.27,true
1416,SKU-101415,Bicicleta Kairo 817,2,497.07,true
1417,SKU-101416,Toalha Vertex 914,16,263.89,true
1418,SKU-101417,Controle Astra 376,10,375.57,true
1419,SKU-101418,Micro-ondas Onix 183,16,135.96,true
1420,SKU-101419,Capa Primo 828,12,120.96,true
1421,SKU-101420,Notebook Mirante 203,15,261.72,true
1422,SKU-101421,Caixa Brava 792,6,262.09,true
1423,SKU-101422,Bicicleta Brava 432,21,119.61,true
1424,SKU-101423,Purificador Lumix 577,2,702.10,true
1425,SKU-101424,Parafusadeira Mirante 981,5,170.19,true
1426,SKU-101425,Sofá Trilha 661,3,129.58,true
1427,SKU-101426,Colchão Brava 460,20,107.03,true
1428,SKU-101427,Soundbar Vertex 471,2,841.65,true
1429,SKU-101428,Ar-condicionado Mirante 893,18,312.60,true
1430,SKU-101429,Fone Veloce 225,18,412.13,true
1431,SKU-101430,Jogo Aurora 269,5,449.31,true
1432,SKU-101431,Console Nordic 107,2,409.49,true
1433,SKU-101432,Halter Brava 128,5,447.55,true
1434,SKU-101433,Liquidificador Aurora 524,2,284.31,true
1435,SKU-101434,Fogão Vertex 873,3,525.52,true
1436,SKU-101435,Headset Kairo 704,3,189.00,true
1437,SKU-101436,Console Veloce 133,7,87.86,true
1438,SKU-101437,Receiver Saga 212,17,747.89,true
1439,SKU-101438,Toalha Nordic 474,17,312.93,true
1440,SKU-101439,SSD Mirante 543,5,276.94,true
1441,SKU-101440,Purificador Onix 746,16,226.24,true
1442,SKU-101441,Fonte Mirante 698,10,141.55,true
1443,SKU-101442,Controle Aurora 478,17,191.32,true
1444,SKU-101443,Lençol Nexa 684,9,167.78,true
1445,SKU-101444,Aspirador Trilha 253,7,219.22,true
1446,SKU-101445,Parafusadeira Zentro 675,13,322.12,true
1447,SKU-101446,Impressora Zentro 874,9,515.67,true
1448,SKU-101447,Teclado Onix 406,21,157.22,true
1449,SKU-101448,Lavadora Trilha 459,13,523.87,true
1450,SKU-101449,Fogão Lumix 606,15,849.69,true
1451,SKU-101450,Monitor Nordic 245,17,284.24,true
1452,SKU-101451,Serra Onix 100,17,107.96,true
1453,SKU-101452,Purificador Astra 162,12,273.10,true
1454,SKU-101453,Monitor Saga 522,7,488.82,true
1455,SKU-101454,Soundbar Astra 868,3,519.08,true
1456,SKU-101455,Secadora Primo 546,6,975.51,true
1457,SKU-101456,Secadora Lumix 889,2,302.06,true
1458,SKU-101457,Lavadora Brava 285,6,1570.43,true
1459,SKU-101458,Colchão Trilha 454,10,482.20,true
1460,SKU-101459,Headset Brava 420,7,303.98,true
1461,SKU-101460,Fonte Saga 441,2,1179.19,true
1462,SKU-101461,SSD Aurora 992,13,310.60,true
1463,SKU-101462,Serra Volt 273,12,166.96,true
1464,SKU-101463,Headset Vertex 838,16,802.68,true
1465,SKU-101464,Lençol Nexa 960,16,287.04,true
1466,SKU-101465,Teclado Nexa 586,20,410.26,true
1467,SKU-101466,Batedeira Pratic 531,9,99.78,true
1468,SKU-101467,Lavadora Brava 974,16,213.15,true
1469,SKU-101468,Serra Zentro 939,7,153.89,true
1470,SKU-101469,Aspirador Aurora 615,7,228.32,false
1471,SKU-101470,Mouse Onix 304,16,868.90,true
1472,SKU-101471,Sofá Onix 518,18,405.91,true
1473,SKU-101472,Geladeira Kubo 707,15,356.33,false
1474,SKU-101473,Teclado Lumix 391,3,206.52,true
1475,SKU-101474,Liquidificador Mirante 726,10,397.80,true
1476,SKU-101475,Halter Onix 343,12,537.74,true
1477,SKU-101476,Liquidificador Nexa 623,5,670.52,true
1478,SKU-101477,Fone Primo 995,3,568.16,false
1479,SKU-101478,Desktop Onix 564,21,207.60,true
1480,SKU-101479,Micro-ondas Volt 383,6,372.18,true
1481,SKU-101480,Halter Delta 166,15,265.13,true
1482,SKU-101481,Roteador Nordic 897,3,176.41,true
1483,SKU-101482,Cooler Aurora 456,20,311.95,false
1484,SKU-101483,Fone Onix 565,7,1095.52,true
1485,SKU-101484,Fogão Saga 673,7,486.44,true
1486,SKU-101485,Monitor Astra 785,12,193.91,true
1487,SKU-101486,SSD Onix 753,5,503.58,true
1488,SKU-101487,Purificador Nexa 961,2,261.96,true
1489,SKU-101488,Toalha Volt 766,13,394.33,false
1490,SKU-101489,Ar-condicionado Volt 845,10,341.29,false
1491,SKU-101490,Roteador Delta 349,3,543.38,true
1492,SKU-101491,Cafeteira Nexa 634,10,438.00,true
1493,SKU-101492,Carregador Pratic 756,3,107.88,true
1494,SKU-101493,Teclado Pratic 148,15,268.44,true
1495,SKU-101494,Halter Primo 511,21,171.02,false
1496,SKU-101495,Console Zentro 620,9,171.65,true
1497,SKU-101496,Cooler Lumix 912,12,315.09,true
1498,SKU-101497,Mouse Vertex 917,15,206.05,true
1499,SKU-101498,Halter Kubo 997,21,421.61,true
1500,SKU-101499,Console Kubo 469,5,618.51,true
1501,SKU-101500,Mouse Veloce 586,16,185.72,true
1502,SKU-101501,Mouse Zentro 656,12,182.25,true
1503,SKU-101502,Colchão Kairo 180,3,770.76,true
1504,SKU-101503,Notebook Veloce 511,5,247.66,false
1505,SKU-101504,Lençol Nordic 271,12,338.49,true
1506,SKU-101505,Batedeira Orbis 237,9,385.79,true
1507,SKU-101506,Cooler Orbis 740,16,279.02,true
1508,SKU-101507,Fonte Trilha 292,9,327.68,true
1509,SKU-101508,Controle Zentro 312,15,263.84,true
1510,SKU-101509,Mesa Kairo 441,20,174.26,true
1511,SKU-101510,Teclado Delta 671,3,166.51,true
1512,SKU-101511,Smartwatch Saga 936,2,302.23,true
1513,SKU-101512,Toalha Saga 469,18,1358.78,true
1514,SKU-101513,Smartphone Brava 150,12,184.20,true
1515,SKU-101514,Purificador Nexa 773,20,442.39,true
1516,SKU-101515,Soundbar Astra 178,9,381.11,true
1517,SKU-101516,Televisor Brava 129,9,293.22,true
1518,SKU-101517,Secadora Astra 633,6,302.93,false
1519,SKU-101518,Caixa Kubo 546,20,589.73,true
1520,SKU-101519,Cadeira Astra 549,7,347.82,true
1521,SKU-101520,Esteira Vertex 677,3,358.72,true
1522,SKU-101521,Notebook Trilha 242,12,220.32,true
1523,SKU-101522,Capa Zentro 714,15,821.80,true
1524,SKU-101523,Console Nexa 893,12,423.15,true
1525,SKU-101524,Geladeira Mirante 450,5,402.41,false
1526,SKU-101525,Memória Kairo 860,18,422.11,true
1527,SKU-101526,Purificador Pratic 847,21,149.23,true
1528,SKU-101527,Desktop Veloce 706,12,156.60,true
1529,SKU-101528,Toalha Onix 973,17,1059.96,true
1530,SKU-101529,Jogo Nexa 620,17,618.67,true
1531,SKU-101530,Lençol Kairo 860,13,225.61,true
1532,SKU-101531,Mouse Trilha 195,13,251.95,true
1533,SKU-101532,Soundbar Aurora 682,7,843.68,true
1534,SKU-101533,Console Astra 651,3,151.07,true
1535,SKU-101534,Controle Pratic 104,20,1039.13,true
1536,SKU-101535,Fone Saga 424,12,1009.47,true
1537,SKU-101536,Parafusadeira Nexa 966,9,97.56,true
1538,SKU-101537,Notebook Zentro 449,2,184.89,true
1539,SKU-101538,Colchão Trilha 628,21,295.23,true
1540,SKU-101539,Toalha Delta 270,9,588.39,true
1541,SKU-101540,Headphone Veloce 414,16,263.96,true
1542,SKU-101541,Micro-ondas Nordic 539,6,527.75,true
1543,SKU-101542,Purificador Nordic 457,13,251.66,true
1544,SKU-101543,Receiver Volt 156,18,647.51,true
1545,SKU-101544,Carregador Aurora 215,15,111.53,true
1546,SKU-101545,Mouse Astra 291,21,340.34,false
1547,SKU-101546,Sofá Nordic 365,9,710.15,true
1548,SKU-101547,Bicicleta Astra 487,18,352.58,true
1549,SKU-101548,Carregador Zentro 877,17,212.70,true
1550,SKU-101549,Memória Primo 399,18,393.72,true
1551,SKU-101550,Televisor Volt 794,20,356.06,true
1552,SKU-101551,Notebook Kubo 666,13,248.06,true
1553,SKU-101552,Mouse Delta 653,16,434.66,true
1554,SKU-101553,Carregador Pratic 638,2,586.52,true
1555,SKU-101554,Cooler Volt 419,3,282.62,false
1556,SKU-101555,Fone Brava 761,5,986.89,true
1557,SKU-101556,Controle Pratic 986,2,446.17,true
1558,SKU-101557,Receiver Zentro 487,10,552.97,true
1559,SKU-101558,Notebook Lumix 376,3,407.23,true
1560,SKU-101559,Monitor Trilha 577,21,1144.34,true
1561,SKU-101560,Roteador Pratic 355,2,107.22,true
1562,SKU-101561,Console Saga 491,18,180.87,true
1563,SKU-101562,Aspirador Aurora 686,13,285.51,true
1564,SKU-101563,Teclado Veloce 627,2,208.84,true
1565,SKU-101564,Smartphone Lumix 810,12,1635.37,true
1566,SKU-101565,Lavadora Lumix 809,15,419.58,true
1567,SKU-101566,Desktop Lumix 830,16,554.85,true
1568,SKU-101567,Headphone Lumix 400,2,320.58,true
1569,SKU-101568,Cadeira Zentro 160,6,445.56,true
1570,SKU-101569,Lavadora Pratic 232,6,602.29,true
1571,SKU-101570,Fogão Kairo 179,6,691.04,true
1572,SKU-101571,Serra Saga 509,15,129.12,true
1573,SKU-101572,Impressora Aurora 968,7,103.25,true
1574,SKU-101573,Mesa Delta 677,17,234.29,true
1575,SKU-101574,Smartwatch Primo 529,21,137.16,true
1576,SKU-101575,Controle Orbis 411,7,209.10,true
1577,SKU-101576,Soundbar Lumix 912,18,262.99,true
1578,SKU-101577,Ar-condicionado Onix 251,15,437.98,true
1579,SKU-101578,Caixa Pratic 183,16,539.67,true
1580,SKU-101579,Fonte Delta 315,7,895.79,true
1581,SKU-101580,Lavadora Mirante 413,3,392.06,false
1582,SKU-101581,Colchão Zentro 146,5,128.76,false
1583,SKU-101582,Televisor Veloce 789,16,239.43,false
1584,SKU-101583,Colchão Aurora 823,17,336.95,false
1585,SKU-101584,Lavadora Trilha 904,7,114.43,true
1586,SKU-101585,Toalha Onix 244,16,193.06,true
1587,SKU-101586,Geladeira Orbis 854,3,184.25,true
1588,SKU-101587,Halter Pratic 315,20,287.08,true
1589,SKU-101588,Furadeira Pratic 681,15,606.08,false
1590,SKU-101589,Purificador Mirante 655,18,127.37,true
1591,SKU-101590,Caixa Volt 743,3,461.20,true
1592,SKU-101591,SSD Volt 575,10,524.85,false
1593,SKU-101592,Colchão Kairo 633,18,513.17,true
1594,SKU-101593,Cooler Nexa 909,5,272.14,true
1595,SKU-101594,Fonte Mirante 860,7,506.38,true
1596,SKU-101595,Geladeira Veloce 570,12,113.20,false
1597,SKU-101596,Ventilador Mirante 469,3,324.70,true
1598,SKU-101597,Batedeira Orbis 929,10,666.40,true
1599,SKU-101598,Memória Nordic 469,3,143.99,true
1600,SKU-101599,Cadeira Kairo 169,20,476.32,true
1601,SKU-101600,Geladeira Saga 258,9,392.40,true
1602,SKU-101601,Fonte Aurora 126,2,690.42,true
1603,SKU-101602,Toalha Kubo 379,6,494.94,true
1604,SKU-101603,Lavadora Delta 807,5,267.48,true
1605,SKU-101604,Receiver Volt 717,12,129.53,true
1606,SKU-101605,Teclado Lumix 989,13,1689.02,true
1607,SKU-101606,Secadora Kairo 797,6,269.94,true
1608,SKU-101607,Halter Orbis 438,12,2949.20,true
1609,SKU-101608,Capa Onix 509,15,252.05,true
1610,SKU-101609,Smartphone Delta 328,13,350.71,true
1611,SKU-101610,Parafusadeira Trilha 772,7,729.74,true
1612,SKU-101611,Televisor Aurora 298,18,76.41,true
1613,SKU-101612,Fone Delta 101,20,362.08,true
1614,SKU-101613,Geladeira Trilha 982,18,232.96,true
1615,SKU-101614,Impressora Delta 605,15,201.43,true
1616,SKU-101615,Impressora Lumix 398,9,326.80,true
1617,SKU-101616,Smartphone Mirante 521,3,754.44,true
1618,SKU-101617,Secadora Kubo 799,12,675.41,true
1619,SKU-101618,Cadeira Mirante 358,7,243.63,true
1620,SKU-101619,Caixa Mirante 107,5,241.16,true
1621,SKU-101620,Estante Nexa 729,21,962.60,true
1622,SKU-101621,Lavadora Kubo 277,18,543.71,true
1623,SKU-101622,Toalha Lumix 669,15,568.83,true
1624,SKU-101623,Notebook Volt 820,10,894.35,true
1625,SKU-101624,Fonte Vertex 355,5,249.30,true
1626,SKU-101625,Halter Mirante 880,2,71.73,true
1627,SKU-101626,Cafeteira Orbis 435,3,296.54,true
1628,SKU-101627,Aspirador Veloce 214,17,567.73,true
1629,SKU-101628,Purificador Lumix 149,6,439.01,true
1630,SKU-101629,Lavadora Pratic 552,13,190.95,true
1631,SKU-101630,Lavadora Vertex 817,16,218.05,true
1632,SKU-101631,Micro-ondas Kairo 436,6,239.00,true
1633,SKU-101632,Televisor Zentro 429,15,313.92,true
1634,SKU-101633,Parafusadeira Astra 419,20,485.54,true
1635,SKU-101634,SSD Kubo 616,20,729.08,true
1636,SKU-101635,Smartwatch Trilha 477,13,251.42,true
1637,SKU-101636,Furadeira Trilha 732,17,465.92,true
1638,SKU-101637,Televisor Orbis 573,9,842.89,true
1639,SKU-101638,Colchão Kairo 161,10,239.64,true
1640,SKU-101639,Smartphone Veloce 311,2,373.02,true
1641,SKU-101640,Controle Orbis 337,7,638.39,true
1642,SKU-101641,Fogão Kubo 553,16,374.38,true
1643,SKU-101642,Televisor Pratic 992,7,397.40,true
1644,SKU-101643,Estante Aurora 883,5,872.29,true
1645,SKU-101644,Purificador Primo 639,12,439.87,true
1646,SKU-101645,Lençol Kairo 871,20,353.22,true
1647,SKU-101646,Furadeira Delta 340,21,294.43,true
1648,SKU-101647,Aspirador Veloce 737,20,252.16,true
1649,SKU-101648,Aspirador Kairo 240,10,526.77,true
1650,SKU-101649,Serra Saga 671,2,213.42,true
1651,SKU-101650,Ventilador Aurora 361,16,391.49,true
1652,SKU-101651,Headset Nordic 615,18,234.14,true
1653,SKU-101652,Memória Nexa 531,6,254.03,true
1654,SKU-101653,Ventilador Nordic 679,21,386.76,false
1655,SKU-101654,Monitor Kairo 413,15,133.91,true
1656,SKU-101655,Mesa Volt 824,17,433.41,true
1657,SKU-101656,Estante Delta 642,12,510.34,true
1658,SKU-101657,Mesa Nordic 450,18,170.69,true
1659,SKU-101658,Roteador Mirante 466,20,346.05,true
1660,SKU-101659,Fogão Delta 268,13,615.07,true
1661,SKU-101660,Purificador Volt 379,7,435.33,true
1662,SKU-101661,Fogão Kubo 253,3,215.48,true
1663,SKU-101662,Headset Pratic 233,17,420.05,true
1664,SKU-101663,Parafusadeira Primo 787,17,123.23,true
1665,SKU-101664,Capa Mirante 244,21,646.37,true
1666,SKU-101665,Toalha Saga 183,21,158.65,false
1667,SKU-101666,Soundbar Orbis 789,2,524.46,true
1668,SKU-101667,Lavadora Kubo 352,15,938.89,true
1669,SKU-101668,Notebook Zentro 130,18,501.64,true
1670,SKU-101669,Colchão Astra 287,3,593.46,true
1671,SKU-101670,Mouse Brava 402,9,423.34,true
1672,SKU-101671,Furadeira Volt 144,17,637.33,true
1673,SKU-101672,Monitor Nexa 725,20,474.82,true
1674,SKU-101673,Fogão Zentro 150,2,519.80,true
1675,SKU-101674,Mesa Saga 478,12,180.57,true
1676,SKU-101675,Receiver Primo 119,3,240.23,true
1677,SKU-101676,Smartwatch Lumix 996,3,322.80,true
1678,SKU-101677,Roteador Vertex 514,7,260.24,true
1679,SKU-101678,Esteira Volt 562,21,238.93,true
1680,SKU-101679,Cafeteira Pratic 882,2,376.63,true
1681,SKU-101680,Receiver Primo 436,15,117.35,true
1682,SKU-101681,Ventilador Pratic 927,9,898.18,true
1683,SKU-101682,Purificador Veloce 115,7,820.14,false
1684,SKU-101683,Lavadora Saga 350,10,456.80,true
1685,SKU-101684,Caixa Nordic 757,20,161.22,true
1686,SKU-101685,Serra Nordic 928,12,627.40,true
1687,SKU-101686,Cafeteira Veloce 925,21,132.32,true
1688,SKU-101687,Cafeteira Volt 219,17,538.11,true
1689,SKU-101688,Ar-condicionado Nexa 287,6,192.32,true
1690,SKU-101689,Serra Mirante 214,17,241.71,false
1691,SKU-101690,Notebook Orbis 254,15,241.81,true
1692,SKU-101691,Cadeira Orbis 212,18,199.04,true
1693,SKU-101692,Headphone Lumix 363,7,251.17,true
1694,SKU-101693,Bicicleta Kairo 931,2,614.23,false
1695,SKU-101694,Furadeira Onix 619,9,234.69,true
1696,SKU-101695,Monitor Astra 538,3,353.72,true
1697,SKU-101696,Liquidificador Nordic 401,9,348.86,true
1698,SKU-101697,Televisor Onix 827,2,534.52,true
1699,SKU-101698,Headphone Veloce 934,7,286.46,true
1700,SKU-101699,Cafeteira Astra 708,9,851.61,true
1701,SKU-101700,Colchão Orbis 397,17,103.51,true
1702,SKU-101701,Fogão Aurora 975,9,186.78,true
1703,SKU-101702,Roteador Orbis 916,20,170.30,true
1704,SKU-101703,SSD Brava 668,17,66.45,true
1705,SKU-101704,Purificador Kubo 485,12,197.31,true
1706,SKU-101705,Purificador Mirante 941,15,874.16,true
1707,SKU-101706,Receiver Orbis 892,6,242.42,true
1708,SKU-101707,Soundbar Pratic 386,12,334.10,true
1709,SKU-101708,Ar-condicionado Nordic 542,7,1054.60,true
1710,SKU-101709,Purificador Trilha 332,9,251.52,true
1711,SKU-101710,Headset Orbis 172,5,252.07,true
1712,SKU-101711,Fonte Brava 197,10,219.28,true
1713,SKU-101712,Cadeira Nexa 806,10,339.80,true
1714,SKU-101713,Micro-ondas Astra 502,7,677.03,true
1715,SKU-101714,Furadeira Aurora 871,18,192.69,true
1716,SKU-101715,Capa Lumix 612,12,480.98,true
1717,SKU-101716,Geladeira Nexa 716,16,273.51,true
1718,SKU-101717,Headset Brava 516,9,598.01,true
1719,SKU-101718,Roteador Kairo 809,10,310.03,true
1720,SKU-101719,Headphone Pratic 249,2,341.93,true
1721,SKU-101720,Parafusadeira Aurora 368,15,594.98,true
1722,SKU-101721,Roteador Trilha 928,12,286.34,true
1723,SKU-101722,Memória Nexa 502,3,82.19,true
1724,SKU-101723,Capa Pratic 480,3,479.46,true
1725,SKU-101724,Lençol Nordic 575,6,284.33,true
1726,SKU-101725,Roteador Brava 308,15,761.13,false
1727,SKU-101726,Receiver Primo 984,5,308.37,true
1728,SKU-101727,Toalha Orbis 630,21,391.76,false
1729,SKU-101728,Serra Brava 108,6,417.61,true
1730,SKU-101729,Colchão Kubo 216,13,701.58,false
1731,SKU-101730,Smartwatch Aurora 915,15,349.89,true
1732,SKU-101731,SSD Vertex 757,17,190.21,true
1733,SKU-101732,Smartphone Kairo 239,13,300.03,true
1734,SKU-101733,Smartphone Pratic 619,17,280.12,true
1735,SKU-101734,Capa Lumix 130,16,228.55,true
1736,SKU-101735,Serra Lumix 892,12,285.22,true
1737,SKU-101736,Micro-ondas Onix 825,17,304.67,true
1738,SKU-101737,Geladeira Brava 456,3,829.29,true
1739,SKU-101738,Parafusadeira Lumix 447,13,218.75,true
1740,SKU-101739,Impressora Brava 594,10,225.48,true
1741,SKU-101740,Ar-condicionado Veloce 833,17,1361.84,true
1742,SKU-101741,Colchão Saga 942,3,180.37,true
1743,SKU-101742,Roteador Aurora 249,17,503.06,true
1744,SKU-101743,Headset Primo 258,16,785.56,true
1745,SKU-101744,Carregador Aurora 954,6,308.52,true
1746,SKU-101745,Console Pratic 547,20,368.23,true
1747,SKU-101746,Lençol Nordic 139,21,513.09,true
1748,SKU-101747,Toalha Trilha 273,3,384.82,false
1749,SKU-101748,Purificador Nexa 105,2,138.76,true
1750,SKU-101749,Jogo Saga 301,13,273.78,true
1751,SKU-101750,Console Onix 812,6,450.61,true
1752,SKU-101751,Impressora Vertex 766,3,438.48,true
1753,SKU-101752,Secadora Nordic 184,16,423.38,true
1754,SKU-101753,Halter Orbis 820,16,98.45,true
1755,SKU-101754,Cooler Zentro 739,13,382.50,true
1756,SKU-101755,Parafusadeira Pratic 828,6,374.26,true
1757,SKU-101756,Jogo Lumix 200,5,214.44,true
1758,SKU-101757,Halter Nordic 763,3,213.83,true
1759,SKU-101758,Parafusadeira Onix 233,20,329.33,true
1760,SKU-101759,Cadeira Saga 557,2,239.14,false
1761,SKU-101760,Bicicleta Orbis 714,5,400.22,true
1762,SKU-101761,Smartphone Lumix 860,9,933.62,true
1763,SKU-101762,Televisor Nexa 615,16,275.36,true
1764,SKU-101763,Lençol Veloce 150,21,260.11,true
1765,SKU-101764,Console Orbis 760,18,1057.16,true
1766,SKU-101765,Cafeteira Lumix 837,2,346.63,true
1767,SKU-101766,Halter Trilha 765,9,801.84,true
1768,SKU-101767,Jogo Vertex 609,12,249.68,true
1769,SKU-101768,Furadeira Brava 392,16,268.90,true
1770,SKU-101769,Toalha Zentro 949,13,436.39,true
1771,SKU-101770,Impressora Orbis 147,9,402.06,true
1772,SKU-101771,Headset Orbis 860,18,369.77,true
1773,SKU-101772,Fone Onix 835,9,387.45,true
1774,SKU-101773,SSD Vertex 264,5,594.33,true
1775,SKU-101774,Smartwatch Veloce 651,6,226.70,true
1776,SKU-101775,Cooler Primo 339,17,282.86,true
1777,SKU-101776,Sofá Brava 839,18,453.71,true
1778,SKU-101777,Roteador Vertex 888,7,464.36,true
1779,SKU-101778,Estante Kairo 611,12,526.11,false
1780,SKU-101779,Televisor Nexa 428,7,1181.73,true
1781,SKU-101780,Furadeira Saga 816,13,438.67,true
1782,SKU-101781,Mouse Zentro 616,13,359.83,true
1783,SKU-101782,Receiver Kubo 287,12,592.58,true
1784,SKU-101783,Desktop Zentro 563,12,643.80,true
1785,SKU-101784,Sofá Nordic 199,7,262.77,true
1786,SKU-101785,Ventilador Delta 610,7,170.33,true
1787,SKU-101786,Serra Primo 309,7,218.70,true
1788,SKU-101787,Parafusadeira Pratic 129,5,738.74,true
1789,SKU-101788,Televisor Veloce 189,13,833.50,true
1790,SKU-101789,Impressora Volt 118,12,281.71,true
1791,SKU-101790,Esteira Aurora 671,21,193.42,true
1792,SKU-101791,Toalha Pratic 780,3,116.80,true
1793,SKU-101792,Headphone Saga 701,21,160.83,true
1794,SKU-101793,Smartphone Pratic 104,13,161.17,true
1795,SKU-101794,Geladeira Veloce 820,10,217.06,true
1796,SKU-101795,Cadeira Nexa 110,7,160.91,true
1797,SKU-101796,Lavadora Orbis 480,15,210.05,true
1798,SKU-101797,Micro-ondas Veloce 592,20,162.12,true
1799,SKU-101798,Monitor Aurora 203,12,152.37,false
1800,SKU-101799,Fonte Nordic 205,12,638.10,true
1801,SKU-101800,Carregador Vertex 893,13,245.83,true
1802,SKU-101801,Colchão Kairo 346,10,148.01,true
1803,SKU-101802,Halter Aurora 112,15,116.21,true
1804,SKU-101803,Cafeteira Nordic 900,15,653.85,true
1805,SKU-101804,Fogão Saga 313,10,179.95,false
1806,SKU-101805,Monitor Saga 579,6,240.80,true
1807,SKU-101806,Headset Trilha 815,7,201.58,true
1808,SKU-101807,Halter Saga 841,5,506.33,true
1809,SKU-101808,Capa Nexa 858,15,375.66,true
1810,SKU-101809,SSD Saga 962,13,755.39,true
1811,SKU-101810,Fonte Pratic 524,9,241.88,true
1812,SKU-101811,Liquidificador Orbis 498,15,242.58,true
1813,SKU-101812,Cafeteira Orbis 488,13,832.54,true
1814,SKU-101813,Fonte Delta 720,3,138.49,true
1815,SKU-101814,Aspirador Volt 875,18,102.54,true
1816,SKU-101815,Smartwatch Kubo 133,15,365.39,true
1817,SKU-101816,Console Veloce 603,5,121.63,false
1818,SKU-101817,Fonte Saga 888,3,381.83,true
1819,SKU-101818,Furadeira Trilha 608,15,331.09,true
1820,SKU-101819,Soundbar Veloce 864,17,143.99,true
1821,SKU-101820,Batedeira Nexa 349,9,100.52,true
1822,SKU-101821,SSD Trilha 513,15,258.61,true
1823,SKU-101822,Halter Brava 662,12,240.95,false
1824,SKU-101823,Cadeira Pratic 536,15,423.17,true
1825,SKU-101824,Furadeira Astra 136,9,154.89,true
1826,SKU-101825,Mesa Nordic 751,6,283.40,true
1827,SKU-101826,Smartphone Onix 883,18,652.03,true
1828,SKU-101827,Monitor Aurora 232,13,92.45,true
1829,SKU-101828,Cooler Saga 194,15,93.56,true
1830,SKU-101829,Controle Brava 943,2,301.37,true
1831,SKU-101830,Lavadora Pratic 933,17,528.10,true
1832,SKU-101831,Micro-ondas Kubo 257,5,464.16,true
1833,SKU-101832,Sofá Kubo 332,10,420.16,true
1834,SKU-101833,Mesa Brava 657,21,508.11,true
1835,SKU-101834,Roteador Delta 622,16,323.16,true
1836,SKU-101835,Headset Aurora 411,16,801.56,true
1837,SKU-101836,Geladeira Pratic 578,9,191.00,true
1838,SKU-101837,Batedeira Pratic 313,15,378.55,true
1839,SKU-101838,Fone Mirante 817,9,356.28,true
1840,SKU-101839,Cooler Kubo 334,12,360.18,true
1841,SKU-101840,Impressora Lumix 323,21,410.01,false
1842,SKU-101841,Ventilador Vertex 354,17,1227.30,true
1843,SKU-101842,Soundbar Delta 455,10,114.76,true
1844,SKU-101843,Impressora Kairo 432,15,213.42,true
1845,SKU-101844,Headphone Brava 265,6,273.54,true
1846,SKU-101845,Bicicleta Astra 850,16,477.16,true
1847,SKU-101846,Ventilador Nexa 265,9,655.62,true
1848,SKU-101847,Fone Orbis 485,15,316.39,true
1849,SKU-101848,Parafusadeira Mirante 849,20,403.42,true
1850,SKU-101849,Notebook Trilha 948,9,565.54,true
1851,SKU-101850,Furadeira Delta 324,21,609.56,true
1852,SKU-101851,Receiver Volt 583,10,724.37,true
1853,SKU-101852,Parafusadeira Aurora 686,16,183.90,true
1854,SKU-101853,Halter Aurora 276,20,149.98,true
1855,SKU-101854,Carregador Trilha 734,9,564.17,true
1856,SKU-101855,Headphone Zentro 498,17,503.56,true
1857,SKU-101856,Cadeira Nexa 151,9,217.80,true
1858,SKU-101857,Lençol Kairo 292,21,443.18,true
1859,SKU-101858,Batedeira Mirante 509,16,356.63,true
1860,SKU-101859,Furadeira Aurora 334,17,304.82,true
1861,SKU-101860,Aspirador Trilha 782,18,216.68,true
1862,SKU-101861,Aspirador Veloce 612,16,494.08,true
1863,SKU-101862,Soundbar Aurora 245,9,300.09,true
1864,SKU-101863,Sofá Kairo 990,16,374.43,true
1865,SKU-101864,Headphone Kairo 646,17,278.44,true
1866,SKU-101865,Halter Primo 427,13,189.88,true
1867,SKU-101866,Mesa Kairo 180,6,654.29,true
1868,SKU-101867,Colchão Aurora 952,10,314.77,true
1869,SKU-101868,Fogão Veloce 594,13,153.34,true
1870,SKU-101869,Headphone Pratic 947,16,545.24,true
1871,SKU-101870,Halter Orbis 747,16,286.15,true
1872,SKU-101871,Headset Aurora 856,13,436.64,true
1873,SKU-101872,Micro-ondas Volt 755,18,147.97,true
1874,SKU-101873,Roteador Kubo 508,7,579.10,true
1875,SKU-101874,Soundbar Nexa 494,13,232.75,true
1876,SKU-101875,Lavadora Mirante 269,16,184.38,true
1877,SKU-101876,Estante Volt 805,13,100.84,true
1878,SKU-101877,Mesa Veloce 179,12,391.77,true
1879,SKU-101878,Soundbar Trilha 426,12,587.26,true
1880,SKU-101879,Furadeira Kubo 858,6,738.10,true
1881,SKU-101880,Controle Zentro 973,16,494.23,true
1882,SKU-101881,Ventilador Kubo 448,9,166.87,true
1883,SKU-101882,Esteira Lumix 335,20,173.32,true
1884,SKU-101883,Notebook Nordic 685,15,538.55,false
1885,SKU-101884,Furadeira Aurora 250,21,307.61,true
1886,SKU-101885,Cafeteira Mirante 329,17,288.51,true
1887,SKU-101886,Desktop Volt 445,2,187.91,true
1888,SKU-101887,Aspirador Vertex 281,5,962.54,true
1889,SKU-101888,Teclado Kubo 655,9,493.13,true
1890,SKU-101889,Micro-ondas Lumix 725,21,543.55,true
1891,SKU-101890,Esteira Vertex 918,12,354.14,true
1892,SKU-101891,Headset Primo 817,21,444.34,false
1893,SKU-101892,Carregador Vertex 674,16,409.46,true
1894,SKU-101893,Halter Kairo 323,9,529.04,true
1895,SKU-101894,Monitor Orbis 749,18,179.88,true
1896,SKU-101895,Teclado Astra 549,16,186.27,true
1897,SKU-101896,Mouse Volt 597,13,521.31,true
1898,SKU-101897,Parafusadeira Aurora 528,18,884.43,true
1899,SKU-101898,Serra Kubo 967,17,310.94,true
1900,SKU-101899,Fonte Onix 215,9,200.04,true
1901,SKU-101900,Notebook Primo 647,9,492.42,true
1902,SKU-101901,Monitor Zentro 835,10,127.93,true
1903,SKU-101902,Jogo Mirante 768,20,239.10,true
1904,SKU-101903,Lençol Trilha 221,17,3134.30,true
1905,SKU-101904,Toalha Kubo 514,13,493.17,true
1906,SKU-101905,Ventilador Aurora 636,20,401.58,true
1907,SKU-101906,Impressora Veloce 400,17,338.11,true
1908,SKU-101907,Serra Delta 626,6,197.16,true
1909,SKU-101908,Headset Saga 253,9,336.96,false
1910,SKU-101909,Televisor Nexa 172,7,290.82,true
1911,SKU-101910,Desktop Veloce 384,12,769.97,true
1912,SKU-101911,Ar-condicionado Saga 369,18,887.77,true
1913,SKU-101912,Esteira Volt 589,7,375.80,true
1914,SKU-101913,Smartwatch Saga 606,17,352.63,true
1915,SKU-101914,Cafeteira Kubo 701,3,170.46,true
1916,SKU-101915,Micro-ondas Aurora 867,3,546.93,true
1917,SKU-101916,Ventilador Delta 681,13,319.55,true
1918,SKU-101917,Desktop Trilha 404,9,300.17,true
1919,SKU-101918,Secadora Mirante 892,5,780.85,true
1920,SKU-101919,Bicicleta Veloce 722,6,331.80,true
1921,SKU-101920,Headset Primo 509,12,243.11,true
1922,SKU-101921,Smartphone Delta 533,17,333.58,true
1923,SKU-101922,SSD Astra 944,6,326.78,true
1924,SKU-101923,Caixa Pratic 428,13,459.48,true
1925,SKU-101924,Capa Nordic 811,21,1322.20,true
1926,SKU-101925,Micro-ondas Lumix 645,7,363.21,true
1927,SKU-101926,Serra Veloce 435,21,320.24,true
1928,SKU-101927,Lençol Aurora 146,17,1016.49,true
1929,SKU-101928,Cooler Vertex 449,18,408.54,true
1930,SKU-101929,Aspirador Volt 952,10,778.90,true
1931,SKU-101930,Memória Delta 174,18,125.92,true
1932,SKU-101931,Cafeteira Onix 510,16,519.65,true
1933,SKU-101932,Ventilador Kairo 470,20,391.08,true
1934,SKU-101933,Secadora Volt 466,20,256.12,true
1935,SKU-101934,Monitor Pratic 573,6,165.82,true
1936,SKU-101935,Jogo Lumix 923,16,560.70,true
1937,SKU-101936,Impressora Kairo 988,15,398.94,true
1938,SKU-101937,SSD Volt 875,2,108.93,true
1939,SKU-101938,Jogo Astra 950,15,682.79,true
1940,SKU-101939,Capa Trilha 734,2,592.47,true
1941,SKU-101940,Parafusadeira Pratic 659,12,417.40,true
1942,SKU-101941,Toalha Veloce 538,6,362.85,true
1943,SKU-101942,Halter Nexa 758,2,129.10,true
1944,SKU-101943,Console Nordic 408,9,278.20,true
1945,SKU-101944,Controle Nordic 313,17,673.94,true
1946,SKU-101945,Desktop Pratic 452,20,412.27,true
1947,SKU-101946,Impressora Astra 973,21,129.41,true
1948,SKU-101947,Smartphone Onix 716,9,88.54,true
1949,SKU-101948,Fogão Brava 996,20,190.70,true
1950,SKU-101949,Roteador Nordic 108,12,291.84,true
1951,SKU-101950,Geladeira Vertex 485,16,216.01,true
1952,SKU-101951,Caixa Onix 133,9,588.84,true
1953,SKU-101952,Headphone Astra 185,2,418.02,true
1954,SKU-101953,Halter Nordic 996,15,100.30,true
1955,SKU-101954,Smartphone Mirante 271,17,765.61,true
1956,SKU-101955,Lençol Nexa 941,16,637.96,true
1957,SKU-101956,Lençol Kairo 785,15,520.04,true
1958,SKU-101957,Capa Volt 725,7,43.38,true
1959,SKU-101958,Furadeira Saga 637,12,143.79,true
1960,SKU-101959,Console Saga 262,5,248.10,true
1961,SKU-101960,Headset Delta 351,9,426.30,true
1962,SKU-101961,Headphone Astra 512,13,161.99,true
1963,SKU-101962,Furadeira Onix 262,17,178.73,true
1964,SKU-101963,Memória Orbis 176,20,271.93,true
1965,SKU-101964,Roteador Trilha 585,15,457.92,true
1966,SKU-101965,Ar-condicionado Veloce 255,16,472.04,true
1967,SKU-101966,Memória Astra 475,12,398.29,true
1968,SKU-101967,Receiver Trilha 267,17,380.82,true
1969,SKU-101968,Micro-ondas Nordic 664,7,386.27,false
1970,SKU-101969,Teclado Astra 513,10,209.79,true
1971,SKU-101970,Ventilador Astra 164,5,230.82,true
1972,SKU-101971,Secadora Lumix 237,9,568.64,true
1973,SKU-101972,Toalha Delta 817,20,501.14,true
1974,SKU-101973,Fone Delta 751,3,1250.19,true
1975,SKU-101974,Geladeira Nordic 656,6,325.48,true
1976,SKU-101975,Micro-ondas Onix 601,18,185.70,false
1977,SKU-101976,Halter Delta 759,13,208.73,true
1978,SKU-101977,Mouse Primo 320,9,202.46,true
1979,SKU-101978,Notebook Lumix 225,2,487.34,true
1980,SKU-101979,Caixa Primo 371,2,547.13,false
1981,SKU-101980,Lençol Delta 487,13,728.24,true
1982,SKU-101981,Headset Primo 152,15,272.10,true
1983,SKU-101982,Colchão Delta 889,2,362.49,true
1984,SKU-101983,Carregador Trilha 991,10,628.40,true
1985,SKU-101984,Purificador Onix 441,7,99.14,true
1986,SKU-101985,Toalha Volt 445,10,102.66,true
1987,SKU-101986,Esteira Saga 229,3,265.70,true
1988,SKU-101987,Estante Orbis 493,16,1007.58,true
1989,SKU-101988,Monitor Kairo 670,3,556.48,true
1990,SKU-101989,Aspirador Vertex 445,18,198.98,true
1991,SKU-101990,Estante Nexa 187,9,156.59,true
1992,SKU-101991,Smartwatch Kubo 764,7,196.12,false
1993,SKU-101992,Geladeira Nexa 951,21,196.95,true
1994,SKU-101993,Liquidificador Pratic 338,5,91.85,true
1995,SKU-101994,Secadora Nordic 193,6,883.89,true
1996,SKU-101995,Impressora Kairo 458,20,78.49,true
1997,SKU-101996,Cadeira Orbis 150,12,88.07,true
1998,SKU-101997,Fonte Veloce 922,6,881.93,true
1999,SKU-101998,Ar-condicionado Kubo 855,15,126.01,true
2000,SKU-101999,Notebook Delta 149,5,420.21,true
2001,SKU-102000,Headset Saga 532,7,439.84,true
2002,SKU-102001,Teclado Astra 545,16,400.05,true
2003,SKU-102002,Smartwatch Trilha 200,18,152.90,true
2004,SKU-102003,Headset Kairo 282,5,92.73,true
2005,SKU-102004,Esteira Trilha 454,20,114.91,true
2006,SKU-102005,Memória Astra 808,10,439.82,true
2007,SKU-102006,Parafusadeira Trilha 651,2,592.57,true
2008,SKU-102007,Teclado Aurora 467,10,177.15,true
2009,SKU-102008,Mouse Onix 133,17,386.22,true
2010,SKU-102009,Bicicleta Lumix 581,2,529.80,true
2011,SKU-102010,Memória Pratic 955,5,1018.36,true
2012,SKU-102011,Smartwatch Primo 237,3,167.77,true
2013,SKU-102012,Soundbar Volt 305,21,224.51,true
2014,SKU-102013,Soundbar Saga 903,18,498.90,true
2015,SKU-102014,SSD Brava 740,7,819.44,true
2016,SKU-102015,Furadeira Volt 821,12,617.03,true
2017,SKU-102016,Fonte Veloce 882,13,433.02,true
2018,SKU-102017,Aspirador Orbis 351,2,146.24,true
2019,SKU-102018,Cooler Vertex 533,2,390.52,true
2020,SKU-102019,Notebook Veloce 998,9,420.71,true
2021,SKU-102020,Halter Mirante 787,7,202.96,true
2022,SKU-102021,Soundbar Brava 697,10,367.39,true
2023,SKU-102022,Lavadora Pratic 848,20,483.31,true
2024,SKU-102023,Ventilador Veloce 292,20,699.39,false
2025,SKU-102024,Roteador Veloce 670,20,384.63,true
2026,SKU-102025,Liquidificador Volt 773,7,131.35,true
2027,SKU-102026,Receiver Veloce 334,3,1013.08,true
2028,SKU-102027,Furadeira Aurora 778,16,255.22,true
2029,SKU-102028,Fogão Nexa 465,9,972.04,true
2030,SKU-102029,Impressora Primo 647,21,396.18,true
2031,SKU-102030,Parafusadeira Lumix 205,13,202.14,true
2032,SKU-102031,Fonte Nexa 594,9,166.84,true
2033,SKU-102032,Headphone Brava 883,7,216.74,true
2034,SKU-102033,Ventilador Vertex 124,15,303.30,true
2035,SKU-102034,Halter Kubo 132,3,235.34,true
2036,SKU-102035,Smartphone Onix 494,15,485.17,true
2037,SKU-102036,Teclado Veloce 969,10,261.22,true
2038,SKU-102037,Impressora Nordic 457,5,292.45,true
2039,SKU-102038,Televisor Nexa 475,7,312.00,true
2040,SKU-102039,Cafeteira Saga 809,10,270.80,true
2041,SKU-102040,Fonte Nexa 693,21,281.28,true
2042,SKU-102041,Headset Nexa 423,6,320.11,false
2043,SKU-102042,Roteador Kubo 573,13,227.24,true
2044,SKU-102043,Lavadora Primo 793,6,231.05,true
2045,SKU-102044,Teclado Kubo 845,9,481.82,false
2046,SKU-102045,Esteira Kubo 447,16,432.20,true
2047,SKU-102046,Desktop Nexa 475,3,633.14,false
2048,SKU-102047,Receiver Vertex 945,9,330.51,true
2049,SKU-102048,Geladeira Primo 625,16,752.69,true
2050,SKU-102049,Batedeira Delta 619,15,187.22,false
2051,SKU-102050,Capa Aurora 578,10,340.91,true
2052,SKU-102051,Bicicleta Nordic 905,3,304.56,true
2053,SKU-102052,Roteador Volt 918,20,324.98,true
2054,SKU-102053,Esteira Pratic 362,5,102.64,true
2055,SKU-102054,Sofá Nordic 115,13,690.07,true
2056,SKU-102055,Micro-ondas Kairo 887,16,358.25,true
2057,SKU-102056,Bicicleta Lumix 547,2,120.71,true
2058,SKU-102057,Estante Lumix 662,10,413.89,true
2059,SKU-102058,Desktop Saga 847,20,741.32,true
2060,SKU-102059,Colchão Saga 289,16,127.00,true
2061,SKU-102060,Mouse Nordic 195,10,840.69,true
2062,SKU-102061,Headset Veloce 333,20,200.72,false
2063,SKU-102062,Cooler Onix 532,15,139.91,true
2064,SKU-102063,Smartwatch Mirante 485,7,494.70,true
2065,SKU-102064,Fone Veloce 297,5,256.01,true
2066,SKU-102065,Ar-condicionado Nexa 849,10,600.34,true
2067,SKU-102066,Jogo Mirante 480,16,488.78,true
2068,SKU-102067,Fonte Veloce 897,2,141.19,false
2069,SKU-102068,Jogo Orbis 369,3,149.34,true
2070,SKU-102069,Toalha Orbis 837,20,240.07,true
2071,SKU-102070,Halter Veloce 750,5,130.70,true
2072,SKU-102071,Headphone Volt 510,13,404.09,false
2073,SKU-102072,Monitor Kubo 579,13,638.61,true
2074,SKU-102073,Colchão Volt 602,15,217.49,true
2075,SKU-102074,Impressora Vertex 541,13,589.27,true
2076,SKU-102075,Caixa Trilha 148,18,216.38,true
2077,SKU-102076,Lençol Mirante 644,12,283.01,true
2078,SKU-102077,Cooler Nordic 907,17,370.51,true
2079,SKU-102078,Smartwatch Astra 997,2,410.46,true
2080,SKU-102079,Furadeira Kubo 311,2,482.71,true
2081,SKU-102080,Geladeira Nordic 755,2,170.73,false
2082,SKU-102081,Headset Zentro 293,2,163.01,true
2083,SKU-102082,Controle Kubo 901,7,657.46,true
2084,SKU-102083,Impressora Mirante 293,3,214.66,false
2085,SKU-102084,Purificador Pratic 878,5,658.28,true
2086,SKU-102085,Capa Nexa 501,5,626.26,true
2087,SKU-102086,Caixa Nordic 548,13,393.82,true
2088,SKU-102087,Geladeira Aurora 781,3,701.87,true
2089,SKU-102088,Capa Brava 420,7,91.81,true
2090,SKU-102089,Lavadora Nexa 811,15,254.95,true
2091,SKU-102090,Secadora Nexa 415,9,432.97,true
2092,SKU-102091,Capa Mirante 778,3,496.10,true
2093,SKU-102092,Cafeteira Astra 607,15,445.45,true
2094,SKU-102093,Purificador Veloce 689,3,687.56,true
2095,SKU-102094,Esteira Orbis 294,20,227.47,true
2096,SKU-102095,Aspirador Lumix 930,15,272.33,true
2097,SKU-102096,Smartwatch Onix 441,18,593.46,true
2098,SKU-102097,Console Mirante 111,10,156.43,true
2099,SKU-102098,Colchão Zentro 608,12,1079.45,true
2100,SKU-102099,SSD Aurora 944,21,658.24,true
2101,SKU-102100,Halter Zentro 430,6,307.48,true
2102,SKU-102101,Desktop Astra 118,12,168.78,true
2103,SKU-102102,Receiver Saga 235,5,501.12,false
2104,SKU-102103,Cooler Veloce 977,9,886.55,true
2105,SKU-102104,Aspirador Primo 960,2,347.73,true
2106,SKU-102105,Geladeira Saga 544,15,279.64,true
2107,SKU-102106,Console Lumix 348,10,152.85,true
2108,SKU-102107,Caixa Veloce 529,6,104.85,true
2109,SKU-102108,Receiver Zentro 469,7,639.57,true
2110,SKU-102109,Batedeira Aurora 329,15,440.15,true
2111,SKU-102110,Headset Trilha 605,15,242.11,true
2112,SKU-102111,Cafeteira Onix 667,10,1082.85,true
2113,SKU-102112,Receiver Astra 717,16,364.09,true
2114,SKU-102113,Memória Pratic 282,9,327.34,true
2115,SKU-102114,Caixa Astra 864,16,397.36,true
2116,SKU-102115,Capa Aurora 635,13,246.14,false
2117,SKU-102116,Memória Veloce 169,6,305.91,true
2118,SKU-102117,Ar-condicionado Kairo 937,3,416.14,true
2119,SKU-102118,Receiver Nordic 755,15,529.81,true
2120,SKU-102119,Micro-ondas Delta 501,3,989.86,true
2121,SKU-102120,Memória Nordic 442,10,303.34,false
2122,SKU-102121,Halter Mirante 641,12,760.63,true
2123,SKU-102122,Toalha Delta 108,13,452.49,false
2124,SKU-102123,Smartwatch Orbis 872,12,446.29,true
2125,SKU-102124,Sofá Vertex 465,16,504.64,true
2126,SKU-102125,Parafusadeira Veloce 962,9,946.92,true
2127,SKU-102126,SSD Primo 782,18,787.30,true
2128,SKU-102127,Secadora Volt 737,6,382.71,true
2129,SKU-102128,Impressora Orbis 947,15,369.83,true
2130,SKU-102129,Bicicleta Mirante 288,15,580.86,true
2131,SKU-102130,Fogão Delta 899,16,506.32,true
2132,SKU-102131,Carregador Vertex 108,2,835.66,true
2133,SKU-102132,Micro-ondas Saga 615,5,403.74,true
2134,SKU-102133,Aspirador Onix 679,2,301.95,true
2135,SKU-102134,Ventilador Veloce 706,20,162.38,true
2136,SKU-102135,Notebook Mirante 313,13,208.88,false
2137,SKU-102136,Micro-ondas Nordic 828,12,662.43,true
2138,SKU-102137,Roteador Nexa 175,6,344.95,true
2139,SKU-102138,Capa Mirante 256,7,225.60,true
2140,SKU-102139,Lavadora Brava 292,16,435.28,true
2141,SKU-102140,Smartphone Mirante 162,16,496.07,true
2142,SKU-102141,Bicicleta Aurora 457,6,496.19,true
2143,SKU-102142,Ventilador Mirante 268,20,695.73,true
2144,SKU-102143,Geladeira Lumix 199,15,187.69,true
2145,SKU-102144,Lençol Vertex 106,9,407.80,true
2146,SKU-102145,Monitor Volt 409,9,706.67,true
2147,SKU-102146,Soundbar Orbis 312,2,438.26,true
2148,SKU-102147,Carregador Delta 238,12,201.98,true
2149,SKU-102148,Smartwatch Orbis 666,2,110.40,true
2150,SKU-102149,Aspirador Volt 188,21,73.76,true
2151,SKU-102150,Fone Saga 767,16,327.76,true
2152,SKU-102151,Colchão Lumix 203,7,96.37,true
2153,SKU-102152,Ventilador Aurora 874,2,330.58,true
2154,SKU-102153,Ventilador Kubo 962,18,180.46,true
2155,SKU-102154,Memória Brava 186,12,851.33,true
2156,SKU-102155,Cafeteira Veloce 154,21,254.91,true
2157,SKU-102156,Esteira Vertex 824,21,417.96,true
2158,SKU-102157,Roteador Aurora 318,21,693.31,false
2159,SKU-102158,Micro-ondas Aurora 591,20,270.34,true
2160,SKU-102159,Bicicleta Delta 723,2,363.13,true
2161,SKU-102160,Fonte Primo 865,7,144.61,true
2162,SKU-102161,Fonte Vertex 574,3,408.13,true
2163,SKU-102162,Fonte Astra 784,16,850.56,true
2164,SKU-102163,Lençol Primo 362,5,290.57,true
2165,SKU-102164,Fonte Delta 849,3,253.00,true
2166,SKU-102165,Bicicleta Orbis 921,13,220.40,false
2167,SKU-102166,Mesa Trilha 792,21,334.32,true
2168,SKU-102167,Cadeira Nexa 321,2,285.32,false
2169,SKU-102168,Estante Primo 745,17,115.66,true
2170,SKU-102169,Console Volt 615,10,381.65,true
2171,SKU-102170,Desktop Nexa 102,17,917.23,true
2172,SKU-102171,Carregador Onix 916,18,461.51,true
2173,SKU-102172,Soundbar Veloce 136,16,180.25,true
2174,SKU-102173,Controle Mirante 261,2,298.97,true
2175,SKU-102174,Notebook Onix 341,2,73.33,true
2176,SKU-102175,Sofá Pratic 824,16,569.83,true
2177,SKU-102176,Serra Saga 908,15,490.59,true
2178,SKU-102177,Lavadora Nexa 262,2,356.65,true
2179,SKU-102178,Mouse Aurora 470,6,511.60,true
2180,SKU-102179,Fonte Kairo 420,18,632.96,true
2181,SKU-102180,Aspirador Nordic 631,20,552.19,true
2182,SKU-102181,Micro-ondas Veloce 170,12,149.03,true
2183,SKU-102182,Toalha Onix 339,3,300.72,true
2184,SKU-102183,Micro-ondas Trilha 269,10,415.12,true
2185,SKU-102184,Notebook Pratic 783,2,849.20,true
2186,SKU-102185,Fonte Orbis 910,7,498.19,true
2187,SKU-102186,Ventilador Volt 979,10,606.57,true
2188,SKU-102187,Carregador Kubo 677,3,142.90,true
2189,SKU-102188,Colchão Mirante 861,7,445.03,true
2190,SKU-102189,Fogão Kairo 622,6,818.93,true
2191,SKU-102190,SSD Saga 991,6,1029.42,true
2192,SKU-102191,Teclado Aurora 976,3,155.56,true
2193,SKU-102192,Smartphone Volt 270,12,105.53,true
2194,SKU-102193,Receiver Nexa 503,18,194.25,true
2195,SKU-102194,Furadeira Volt 402,17,287.94,true
2196,SKU-102195,Impressora Kubo 494,3,236.45,true
2197,SKU-102196,SSD Onix 977,13,570.84,true
2198,SKU-102197,Notebook Lumix 132,12,380.98,true
2199,SKU-102198,Console Kairo 949,3,232.88,true
2200,SKU-102199,Parafusadeira Mirante 342,20,399.02,true
2201,SKU-102200,Carregador Brava 108,12,207.58,true
2202,SKU-102201,Impressora Delta 422,17,202.28,true
2203,SKU-102202,Teclado Kairo 563,16,324.31,true
2204,SKU-102203,Soundbar Trilha 378,6,248.81,false
2205,SKU-102204,Parafusadeira Brava 929,13,177.25,true
2206,SKU-102205,Toalha Saga 276,13,367.79,true
2207,SKU-102206,Furadeira Vertex 646,13,330.09,true
2208,SKU-102207,Capa Aurora 662,10,390.49,true
2209,SKU-102208,Monitor Kubo 452,6,4460.50,true
2210,SKU-102209,Fonte Brava 837,18,929.61,true
2211,SKU-102210,Televisor Onix 207,13,421.62,true
2212,SKU-102211,Console Kairo 261,2,731.29,true
2213,SKU-102212,Colchão Kairo 428,9,233.80,true
2214,SKU-102213,Liquidificador Volt 100,6,252.70,true
2215,SKU-102214,Micro-ondas Trilha 177,12,228.51,true
2216,SKU-102215,Mouse Pratic 163,3,97.55,true
2217,SKU-102216,Halter Onix 801,17,508.20,true
2218,SKU-102217,Toalha Aurora 458,18,306.83,true
2219,SKU-102218,Aspirador Primo 668,3,262.62,true
2220,SKU-102219,Headset Mirante 157,6,431.77,true
2221,SKU-102220,Secadora Kubo 636,3,563.17,true
2222,SKU-102221,Halter Veloce 838,9,360.62,true
2223,SKU-102222,Soundbar Nordic 227,5,1406.96,true
2224,SKU-102223,Roteador Astra 646,12,160.90,true
2225,SKU-102224,Toalha Pratic 469,18,345.60,false
2226,SKU-102225,Cooler Kairo 164,13,557.11,true
2227,SKU-102226,Toalha Onix 645,15,490.32,true
2228,SKU-102227,Cadeira Trilha 355,21,447.43,true
2229,SKU-102228,Teclado Onix 901,15,503.56,true
2230,SKU-102229,Soundbar Saga 825,7,202.86,true
2231,SKU-102230,Carregador Brava 345,12,436.28,true
2232,SKU-102231,Purificador Lumix 437,7,331.33,true
2233,SKU-102232,Console Volt 169,20,463.77,true
2234,SKU-102233,Monitor Trilha 554,17,163.00,true
2235,SKU-102234,Furadeira Saga 134,15,694.19,true
2236,SKU-102235,Jogo Nordic 658,20,520.31,true
2237,SKU-102236,SSD Delta 615,20,538.80,true
2238,SKU-102237,Micro-ondas Onix 782,12,202.20,true
2239,SKU-102238,Carregador Saga 251,13,301.91,true
2240,SKU-102239,Fone Brava 369,13,568.14,true
2241,SKU-102240,Colchão Primo 212,6,625.67,true
2242,SKU-102241,Batedeira Kairo 837,17,262.68,true
2243,SKU-102242,Cafeteira Nordic 315,13,586.09,true
2244,SKU-102243,Bicicleta Kairo 176,7,407.25,true
2245,SKU-102244,Geladeira Orbis 497,16,691.46,true
2246,SKU-102245,Roteador Nexa 771,12,583.36,true
2247,SKU-102246,Furadeira Kairo 373,2,269.22,true
2248,SKU-102247,Cafeteira Lumix 910,15,212.35,true
2249,SKU-102248,Mouse Primo 856,21,622.17,true
2250,SKU-102249,Fogão Trilha 124,7,300.53,true
2251,SKU-102250,Mouse Kubo 951,5,199.16,true
2252,SKU-102251,Ventilador Brava 973,18,247.78,true
2253,SKU-102252,Capa Trilha 568,17,363.27,true
2254,SKU-102253,Secadora Mirante 388,5,214.90,true
2255,SKU-102254,Memória Volt 784,18,276.17,true
2256,SKU-102255,Soundbar Zentro 466,17,376.57,true
2257,SKU-102256,Serra Primo 661,2,112.00,true
2258,SKU-102257,Headphone Onix 190,7,552.10,false
2259,SKU-102258,Halter Vertex 288,12,422.04,true
2260,SKU-102259,Caixa Delta 843,5,214.68,true
2261,SKU-102260,Fone Primo 117,18,188.57,true
2262,SKU-102261,Controle Vertex 931,5,407.71,true
2263,SKU-102262,Furadeira Kubo 892,7,97.00,true
2264,SKU-102263,Caixa Saga 468,6,174.52,true
2265,SKU-102264,Micro-ondas Trilha 528,16,268.02,true
2266,SKU-102265,Jogo Vertex 859,17,832.20,true
2267,SKU-102266,Notebook Nexa 476,16,654.28,true
2268,SKU-102267,Cafeteira Kairo 893,17,613.37,true
2269,SKU-102268,Cooler Trilha 484,21,348.98,true
2270,SKU-102269,Headphone Orbis 625,2,226.25,true
2271,SKU-102270,Cooler Nexa 244,15,614.85,true
2272,SKU-102271,Carregador Orbis 581,13,383.39,true
2273,SKU-102272,Mouse Volt 757,10,515.37,true
2274,SKU-102273,Carregador Pratic 527,12,237.33,true
2275,SKU-102274,Sofá Nexa 244,5,113.85,true
2276,SKU-102275,Lavadora Trilha 145,2,468.11,true
2277,SKU-102276,Batedeira Saga 953,17,481.51,true
2278,SKU-102277,Smartphone Mirante 127,16,211.27,true
2279,SKU-102278,Monitor Saga 347,15,729.14,false
2280,SKU-102279,Impressora Orbis 606,13,709.13,true
2281,SKU-102280,Roteador Orbis 488,18,88.43,false
2282,SKU-102281,Toalha Nordic 267,16,782.15,true
2283,SKU-102282,SSD Nordic 311,3,508.27,true
2284,SKU-102283,Fogão Aurora 935,2,616.93,false
2285,SKU-102284,Furadeira Saga 821,7,309.67,true
2286,SKU-102285,Smartphone Lumix 276,12,861.54,true
2287,SKU-102286,Micro-ondas Pratic 273,9,440.68,true
2288,SKU-102287,Lençol Brava 713,17,99.35,true
2289,SKU-102288,Serra Kairo 260,18,82.98,true
2290,SKU-102289,Mouse Mirante 882,17,789.61,true
2291,SKU-102290,Televisor Veloce 426,9,248.09,true
2292,SKU-102291,Micro-ondas Aurora 902,21,852.69,true
2293,SKU-102292,Cadeira Pratic 645,21,380.58,true
2294,SKU-102293,Teclado Trilha 126,6,341.05,true
2295,SKU-102294,Esteira Kubo 886,13,618.18,true
2296,SKU-102295,Secadora Nordic 150,13,221.13,true
2297,SKU-102296,Console Kubo 157,18,459.93,false
2298,SKU-102297,Teclado Aurora 497,16,183.15,true
2299,SKU-102298,Bicicleta Primo 331,12,233.01,true
2300,SKU-102299,Capa Onix 128,9,587.61,true
2301,SKU-102300,Monitor Kairo 973,20,896.20,true
2302,SKU-102301,Caixa Nexa 203,15,1192.57,true
2303,SKU-102302,Batedeira Veloce 863,12,589.43,true
2304,SKU-102303,Purificador Kairo 459,17,592.59,true
2305,SKU-102304,Roteador Mirante 632,2,110.44,true
2306,SKU-102305,Teclado Brava 357,9,177.26,true
2307,SKU-102306,Mouse Kairo 744,3,394.86,true
2308,SKU-102307,Memória Brava 367,13,847.37,true
2309,SKU-102308,Jogo Primo 288,17,586.52,true
2310,SKU-102309,Ar-condicionado Nexa 840,9,588.96,true
2311,SKU-102310,Fone Delta 424,5,433.91,true
2312,SKU-102311,Smartphone Volt 337,13,245.70,true
2313,SKU-102312,SSD Saga 298,16,69.22,true
2314,SKU-102313,Ar-condicionado Kairo 238,3,534.56,true
2315,SKU-102314,Notebook Orbis 405,21,472.54,true
2316,SKU-102315,Headset Kairo 411,5,675.88,true
2317,SKU-102316,Soundbar Kubo 652,3,106.03,true
2318,SKU-102317,Sofá Mirante 200,9,457.28,true
2319,SKU-102318,Micro-ondas Onix 333,9,754.76,true
2320,SKU-102319,Controle Vertex 611,15,233.33,true
2321,SKU-102320,Halter Zentro 704,6,252.83,true
2322,SKU-102321,Teclado Brava 204,2,342.95,true
2323,SKU-102322,Lavadora Saga 311,9,502.19,true
2324,SKU-102323,Lençol Vertex 330,16,349.23,true
2325,SKU-102324,Capa Aurora 988,18,196.42,true
2326,SKU-102325,Headset Delta 813,21,337.63,true
2327,SKU-102326,Receiver Brava 730,12,879.57,true
2328,SKU-102327,Geladeira Astra 802,18,782.78,true
2329,SKU-102328,Fogão Delta 455,7,636.74,false
2330,SKU-102329,Cooler Kairo 768,12,872.77,false
2331,SKU-102330,Jogo Astra 936,7,115.90,false
2332,SKU-102331,Purificador Aurora 140,12,496.92,false
2333,SKU-102332,Toalha Brava 222,9,340.35,false
2334,SKU-102333,Micro-ondas Nexa 829,10,800.95,true
2335,SKU-102334,Halter Mirante 219,10,1638.30,true
2336,SKU-102335,Serra Onix 514,9,166.22,true
2337,SKU-102336,SSD Pratic 225,9,167.61,true
2338,SKU-102337,Carregador Veloce 788,20,895.04,true
2339,SKU-102338,Furadeira Saga 200,7,402.18,true
2340,SKU-102339,Roteador Mirante 711,12,122.98,false
2341,SKU-102340,Fogão Kubo 523,18,1254.70,true
2342,SKU-102341,Controle Saga 997,21,312.95,true
2343,SKU-102342,Secadora Astra 132,12,325.41,true
2344,SKU-102343,Fonte Brava 457,7,130.57,true
2345,SKU-102344,Teclado Nexa 722,12,114.46,true
2346,SKU-102345,Micro-ondas Delta 323,16,110.95,true
2347,SKU-102346,Liquidificador Aurora 944,16,391.22,true
2348,SKU-102347,Fone Lumix 434,5,674.98,true
2349,SKU-102348,Sofá Delta 638,5,560.67,true
2350,SKU-102349,Controle Zentro 749,17,692.80,true
2351,SKU-102350,Bicicleta Vertex 619,3,264.68,true
2352,SKU-102351,Jogo Brava 340,6,501.11,true
2353,SKU-102352,Cadeira Delta 227,7,450.28,true
2354,SKU-102353,Receiver Kairo 219,10,455.72,true
2355,SKU-102354,Lavadora Volt 156,15,216.79,true
2356,SKU-102355,Lençol Kubo 514,21,86.71,true
2357,SKU-102356,Mouse Mirante 507,13,510.89,true
2358,SKU-102357,Esteira Delta 753,13,666.32,true
2359,SKU-102358,Parafusadeira Kairo 924,17,593.99,true
2360,SKU-102359,Jogo Zentro 847,2,720.57,true
2361,SKU-102360,Notebook Brava 857,12,361.45,true
2362,SKU-102361,Roteador Onix 671,15,429.72,true
2363,SKU-102362,Televisor Nexa 170,18,246.69,true
2364,SKU-102363,Ar-condicionado Primo 986,10,450.21,false
2365,SKU-102364,Bicicleta Aurora 399,18,698.45,true
2366,SKU-102365,Liquidificador Veloce 613,3,575.00,true
2367,SKU-102366,Desktop Trilha 926,21,67.34,true
2368,SKU-102367,Bicicleta Aurora 622,5,198.51,true
2369,SKU-102368,Soundbar Kubo 308,7,457.96,true
2370,SKU-102369,Cooler Saga 138,6,337.30,true
2371,SKU-102370,Teclado Nexa 532,13,159.17,true
2372,SKU-102371,Parafusadeira Primo 950,2,146.51,true
2373,SKU-102372,Controle Trilha 508,5,594.92,true
2374,SKU-102373,Esteira Primo 914,6,261.93,true
2375,SKU-102374,Mesa Volt 983,5,489.30,true
2376,SKU-102375,Estante Zentro 909,18,645.28,true
2377,SKU-102376,Batedeira Kairo 864,17,174.27,true
2378,SKU-102377,Jogo Nordic 823,21,409.33,true
2379,SKU-102378,Notebook Orbis 923,10,181.32,true
2380,SKU-102379,Mouse Delta 153,5,1099.59,true
2381,SKU-102380,Console Nordic 315,17,709.50,true
2382,SKU-102381,Lavadora Lumix 847,21,464.15,true
2383,SKU-102382,Geladeira Delta 757,9,1096.45,true
2384,SKU-102383,Fonte Mirante 216,18,578.24,false
2385,SKU-102384,Lavadora Nexa 387,3,516.68,true
2386,SKU-102385,Mouse Astra 788,9,356.90,true
2387,SKU-102386,Desktop Orbis 467,5,385.04,true
2388,SKU-102387,Mesa Delta 262,17,165.59,true
2389,SKU-102388,Colchão Delta 142,17,348.91,true
2390,SKU-102389,Headphone Trilha 318,10,217.84,false
2391,SKU-102390,Caixa Veloce 461,18,346.58,true
2392,SKU-102391,Console Veloce 710,2,301.69,true
2393,SKU-102392,Serra Zentro 150,17,383.33,true
2394,SKU-102393,Mouse Nexa 491,5,1126.40,true
2395,SKU-102394,Aspirador Kairo 699,16,405.37,true
2396,SKU-102395,Memória Kairo 936,3,1004.06,true
2397,SKU-102396,Colchão Delta 900,12,553.42,true
2398,SKU-102397,Cooler Pratic 781,15,452.49,true
2399,SKU-102398,Mesa Saga 561,21,252.94,false
2400,SKU-102399,Cadeira Delta 664,2,278.47,true
2401,SKU-102400,Roteador Aurora 122,9,322.42,true
2402,SKU-102401,Purificador Nexa 189,17,302.37,true
2403,SKU-102402,Console Saga 571,9,179.25,true
2404,SKU-102403,Geladeira Volt 698,13,254.99,true
2405,SKU-102404,Fonte Onix 670,16,881.03,true
2406,SKU-102405,Parafusadeira Orbis 881,15,423.78,true
2407,SKU-102406,SSD Aurora 792,18,346.32,true
2408,SKU-102407,SSD Delta 364,2,191.25,true
2409,SKU-102408,Controle Aurora 199,16,399.80,true
2410,SKU-102409,Parafusadeira Vertex 480,7,425.20,true
2411,SKU-102410,Soundbar Astra 164,7,144.57,true
2412,SKU-102411,Fogão Lumix 634,21,311.78,true
2413,SKU-102412,Caixa Veloce 300,18,120.60,true
2414,SKU-102413,Geladeira Nexa 407,9,204.41,true
2415,SKU-102414,Roteador Onix 308,3,546.40,false
2416,SKU-102415,Impressora Vertex 795,13,486.32,true
2417,SKU-102416,Sofá Astra 869,3,326.97,true
2418,SKU-102417,Lençol Primo 959,3,306.96,true
2419,SKU-102418,Smartphone Pratic 921,6,97.34,true
2420,SKU-102419,Monitor Orbis 537,2,531.98,true
2421,SKU-102420,Geladeira Orbis 955,7,489.28,true
2422,SKU-102421,Estante Aurora 312,16,149.48,true
2423,SKU-102422,Serra Nordic 627,10,242.45,true
2424,SKU-102423,Jogo Orbis 977,6,205.66,true
2425,SKU-102424,Secadora Onix 111,6,517.49,false
2426,SKU-102425,Bicicleta Vertex 479,7,798.58,true
2427,SKU-102426,Colchão Volt 827,10,512.69,true
2428,SKU-102427,Ventilador Vertex 824,17,1111.62,true
2429,SKU-102428,Esteira Aurora 383,20,671.32,true
2430,SKU-102429,Notebook Veloce 409,16,275.12,true
2431,SKU-102430,Controle Vertex 531,20,408.89,true
2432,SKU-102431,Impressora Nexa 204,7,268.95,true
2433,SKU-102432,Jogo Onix 510,16,645.79,true
2434,SKU-102433,Soundbar Brava 504,9,450.27,true
2435,SKU-102434,Roteador Pratic 689,16,3827.60,true
2436,SKU-102435,Cadeira Brava 190,5,295.14,true
2437,SKU-102436,Secadora Trilha 366,9,425.45,false
2438,SKU-102437,Capa Pratic 892,3,502.62,false
2439,SKU-102438,Fogão Mirante 385,2,291.71,false
2440,SKU-102439,Ventilador Astra 715,16,620.20,false
2441,SKU-102440,Purificador Nexa 627,6,446.24,true
2442,SKU-102441,Carregador Delta 325,13,269.51,true
2443,SKU-102442,Fone Orbis 559,5,374.59,false
2444,SKU-102443,Monitor Kairo 823,3,373.93,true
2445,SKU-102444,Batedeira Veloce 328,15,399.11,true
2446,SKU-102445,Televisor Kairo 765,21,1210.59,true
2447,SKU-102446,Headset Lumix 923,17,608.64,true
2448,SKU-102447,Furadeira Volt 598,2,359.18,true
2449,SKU-102448,Notebook Lumix 825,10,105.94,false
2450,SKU-102449,Purificador Astra 758,10,778.07,true
2451,SKU-102450,Toalha Lumix 443,2,740.62,true
2452,SKU-102451,Desktop Nexa 798,3,145.90,true
2453,SKU-102452,Geladeira Pratic 225,7,574.10,true
2454,SKU-102453,Bicicleta Kubo 134,10,429.38,true
2455,SKU-102454,Smartphone Saga 118,17,291.69,true
2456,SKU-102455,Controle Kubo 773,6,581.41,true
2457,SKU-102456,Headphone Mirante 505,13,175.79,true
2458,SKU-102457,SSD Aurora 475,6,519.11,false
2459,SKU-102458,Televisor Primo 604,21,709.78,true
2460,SKU-102459,Headphone Lumix 438,9,334.53,true
2461,SKU-102460,Fonte Lumix 127,10,597.58,true
2462,SKU-102461,Sofá Delta 423,18,248.54,true
2463,SKU-102462,Serra Saga 886,10,161.52,true
2464,SKU-102463,Secadora Kairo 422,12,920.97,true
2465,SKU-102464,Roteador Mirante 438,2,296.42,true
2466,SKU-102465,Memória Kubo 774,17,203.37,true
2467,SKU-102466,Receiver Saga 935,15,633.01,true
2468,SKU-102467,Purificador Brava 903,2,725.77,true
2469,SKU-102468,Toalha Orbis 859,6,203.21,true
2470,SKU-102469,Headphone Saga 856,9,620.25,true
2471,SKU-102470,Cooler Vertex 416,10,1020.98,true
2472,SKU-102471,Purificador Trilha 255,17,354.16,true
2473,SKU-102472,Caixa Primo 365,21,146.52,true
2474,SKU-102473,Lavadora Kairo 974,18,388.30,true
2475,SKU-102474,Serra Volt 181,21,57.05,true
2476,SKU-102475,Toalha Lumix 253,9,385.47,true
2477,SKU-102476,Memória Brava 175,3,302.85,true
2478,SKU-102477,Teclado Volt 662,21,465.12,true
2479,SKU-102478,Fonte Trilha 931,20,84.24,true
2480,SKU-102479,Furadeira Aurora 763,6,559.06,true
2481,SKU-102480,Soundbar Nordic 539,6,272.86,true
2482,SKU-102481,Colchão Saga 762,17,506.62,true
2483,SKU-102482,Televisor Zentro 529,9,193.27,true
2484,SKU-102483,Monitor Pratic 120,18,96.80,true
2485,SKU-102484,Desktop Zentro 899,16,226.13,true
2486,SKU-102485,Console Zentro 693,15,179.53,true
2487,SKU-102486,Geladeira Lumix 646,17,234.06,true
2488,SKU-102487,SSD Pratic 351,15,263.54,false
2489,SKU-102488,Esteira Zentro 369,20,620.16,true
2490,SKU-102489,Lençol Primo 911,12,684.47,true
2491,SKU-102490,Fone Nordic 778,15,725.49,true
2492,SKU-102491,Teclado Nordic 593,10,265.37,true
2493,SKU-102492,Aspirador Astra 657,13,110.79,true
2494,SKU-102493,Console Nordic 180,12,558.84,true
2495,SKU-102494,Parafusadeira Primo 772,21,250.19,true
2496,SKU-102495,Ar-condicionado Kairo 686,9,581.47,true
2497,SKU-102496,Impressora Kubo 749,10,267.24,true
2498,SKU-102497,Smartphone Orbis 687,21,768.20,true
2499,SKU-102498,Toalha Mirante 507,16,164.37,true
2500,SKU-102499,Mouse Veloce 653,15,778.66,false
2501,SKU-102500,Jogo Vertex 424,2,159.57,true
2502,SKU-102501,Roteador Orbis 231,12,294.56,true
2503,SKU-102502,Geladeira Kairo 389,7,420.62,false
2504,SKU-102503,Fogão Kubo 675,6,348.46,true
2505,SKU-102504,Lavadora Saga 555,21,246.43,true
2506,SKU-102505,Liquidificador Kubo 166,12,1304.52,true
2507,SKU-102506,Mesa Veloce 439,7,263.34,true
2508,SKU-102507,Receiver Volt 646,10,569.70,true
2509,SKU-102508,Mouse Pratic 263,5,468.86,true
2510,SKU-102509,Televisor Onix 680,20,268.47,true
2511,SKU-102510,Impressora Orbis 575,18,343.64,true
2512,SKU-102511,Ventilador Kubo 489,7,377.76,true
2513,SKU-102512,Secadora Delta 752,2,1561.95,true
2514,SKU-102513,Micro-ondas Kubo 985,17,139.04,true
2515,SKU-102514,Estante Zentro 439,12,302.73,true
2516,SKU-102515,Cooler Lumix 904,20,948.51,true
2517,SKU-102516,Caixa Orbis 525,9,375.58,false
2518,SKU-102517,Toalha Nordic 147,20,506.67,true
2519,SKU-102518,Controle Saga 829,21,716.37,true
2520,SKU-102519,Soundbar Astra 400,16,386.14,false
2521,SKU-102520,Purificador Volt 133,6,664.77,true
2522,SKU-102521,Toalha Mirante 817,18,769.67,true
2523,SKU-102522,Halter Nexa 187,10,868.35,false
2524,SKU-102523,Cafeteira Orbis 938,18,157.36,true
2525,SKU-102524,Fonte Delta 814,13,1006.89,true
2526,SKU-102525,Liquidificador Nexa 497,15,206.64,true
2527,SKU-102526,Halter Brava 334,12,489.72,true
2528,SKU-102527,Mouse Primo 701,13,1015.79,true
2529,SKU-102528,Controle Trilha 433,16,617.97,true
2530,SKU-102529,Desktop Kubo 401,15,168.81,true
2531,SKU-102530,Monitor Brava 623,2,775.57,true
2532,SKU-102531,Controle Primo 156,12,1011.03,true
2533,SKU-102532,Soundbar Trilha 514,21,340.67,true
2534,SKU-102533,Secadora Orbis 476,3,134.43,true
2535,SKU-102534,SSD Delta 623,15,120.15,false
2536,SKU-102535,Estante Pratic 262,7,168.85,true
2537,SKU-102536,Bicicleta Kairo 766,18,915.66,true
2538,SKU-102537,Esteira Orbis 508,20,360.37,false
2539,SKU-102538,Liquidificador Nexa 265,21,433.19,true
2540,SKU-102539,Toalha Kubo 146,6,525.43,true
2541,SKU-102540,SSD Nexa 379,20,233.64,true
2542,SKU-102541,Soundbar Zentro 944,9,351.87,true
2543,SKU-102542,Cafeteira Aurora 673,17,2985.88,true
2544,SKU-102543,Lavadora Primo 464,21,262.49,true
2545,SKU-102544,Teclado Brava 618,3,531.25,false
2546,SKU-102545,Toalha Astra 993,12,358.18,true
2547,SKU-102546,Televisor Kairo 178,18,163.12,true
2548,SKU-102547,Esteira Volt 435,6,212.00,true
2549,SKU-102548,Esteira Vertex 922,10,302.79,true
2550,SKU-102549,Serra Astra 393,18,692.06,true
2551,SKU-102550,Smartwatch Zentro 120,6,524.74,true
2552,SKU-102551,Teclado Trilha 114,10,131.89,true
2553,SKU-102552,Esteira Primo 383,13,627.24,true
2554,SKU-102553,Halter Vertex 126,10,383.98,false
2555,SKU-102554,Colchão Orbis 966,7,771.68,true
2556,SKU-102555,Roteador Saga 210,15,869.40,true
2557,SKU-102556,Carregador Orbis 856,18,1073.63,true
2558,SKU-102557,Televisor Orbis 746,3,879.10,true
2559,SKU-102558,Teclado Kairo 773,21,309.34,true
2560,SKU-102559,Smartwatch Lumix 698,3,189.50,true
2561,SKU-102560,Desktop Aurora 885,20,399.91,true
2562,SKU-102561,Geladeira Nexa 348,3,436.59,true
2563,SKU-102562,Esteira Trilha 116,21,411.38,true
2564,SKU-102563,Cadeira Zentro 971,17,372.88,false
2565,SKU-102564,Halter Pratic 271,9,216.59,true
2566,SKU-102565,Estante Vertex 146,20,540.36,true
2567,SKU-102566,Batedeira Veloce 906,9,66.67,true
2568,SKU-102567,Teclado Nordic 178,21,347.06,true
2569,SKU-102568,SSD Mirante 986,3,190.10,true
2570,SKU-102569,Cafeteira Onix 499,7,242.93,true
2571,SKU-102570,Lavadora Kubo 577,18,1095.61,true
2572,SKU-102571,Roteador Mirante 334,17,206.41,true
2573,SKU-102572,Estante Astra 245,16,186.19,true
2574,SKU-102573,Esteira Zentro 328,13,802.30,true
2575,SKU-102574,Batedeira Orbis 776,15,587.17,false
2576,SKU-102575,Purificador Nexa 680,7,302.00,true
2577,SKU-102576,Lençol Pratic 666,3,442.53,true
2578,SKU-102577,Lavadora Brava 793,5,121.14,true
2579,SKU-102578,Caixa Trilha 897,17,700.35,true
2580,SKU-102579,Batedeira Zentro 699,6,332.51,true
2581,SKU-102580,Roteador Brava 498,6,246.68,true
2582,SKU-102581,Parafusadeira Vertex 960,13,517.47,true
2583,SKU-102582,Purificador Zentro 449,5,168.44,true
2584,SKU-102583,Cafeteira Veloce 449,16,491.61,true
2585,SKU-102584,Televisor Kubo 452,21,650.56,true
2586,SKU-102585,Fone Astra 767,18,83.41,true
2587,SKU-102586,Roteador Primo 901,21,105.71,true
2588,SKU-102587,Mouse Trilha 442,21,245.72,true
2589,SKU-102588,Lençol Zentro 292,13,612.79,true
2590,SKU-102589,Batedeira Veloce 277,18,474.37,true
2591,SKU-102590,Liquidificador Orbis 341,5,509.50,true
2592,SKU-102591,Jogo Orbis 212,21,117.43,true
2593,SKU-102592,Ventilador Onix 612,10,587.17,false
2594,SKU-102593,Fogão Volt 150,16,166.68,true
2595,SKU-102594,Colchão Veloce 250,6,1024.54,false
2596,SKU-102595,Notebook Delta 705,6,261.59,true
2597,SKU-102596,Headset Lumix 147,10,258.32,true
2598,SKU-102597,Batedeira Veloce 893,21,467.90,true
2599,SKU-102598,Secadora Saga 986,20,615.03,true
2600,SKU-102599,Geladeira Aurora 280,20,381.04,true
2601,SKU-102600,Esteira Nordic 921,7,109.20,true
2602,SKU-102601,Console Zentro 933,5,164.30,true
2603,SKU-102602,Ventilador Saga 666,20,637.68,true
2604,SKU-102603,Liquidificador Orbis 462,15,670.73,true
2605,SKU-102604,Furadeira Aurora 311,9,307.71,true
2606,SKU-102605,Bicicleta Astra 480,21,286.75,true
2607,SKU-102606,Mouse Nexa 522,15,280.36,true
2608,SKU-102607,Cooler Vertex 438,12,235.50,true
2609,SKU-102608,Micro-ondas Mirante 519,9,637.25,true
2610,SKU-102609,Fone Aurora 792,5,109.26,true
2611,SKU-102610,Smartwatch Mirante 412,9,406.22,true
2612,SKU-102611,Fogão Onix 489,10,126.41,true
2613,SKU-102612,Smartphone Lumix 641,21,611.31,true
2614,SKU-102613,Caixa Kairo 857,3,539.23,true
2615,SKU-102614,Parafusadeira Onix 173,12,898.81,true
2616,SKU-102615,Carregador Primo 573,13,294.76,true
2617,SKU-102616,Estante Pratic 982,20,647.91,true
2618,SKU-102617,Parafusadeira Pratic 828,6,285.45,true
2619,SKU-102618,Headphone Onix 945,18,328.91,true
2620,SKU-102619,Aspirador Kubo 138,9,655.34,true
2621,SKU-102620,Ar-condicionado Volt 125,12,138.92,true
2622,SKU-102621,Ar-condicionado Astra 719,21,151.67,true
2623,SKU-102622,Console Aurora 640,17,194.46,true
2624,SKU-102623,Serra Brava 412,6,373.56,false
2625,SKU-102624,Memória Pratic 156,13,590.74,true
2626,SKU-102625,Fogão Trilha 781,3,330.96,true
2627,SKU-102626,Fonte Brava 725,6,460.04,true
2628,SKU-102627,Headphone Pratic 140,20,511.09,true
2629,SKU-102628,Ar-condicionado Vertex 201,21,103.15,false
2630,SKU-102629,Cooler Vertex 895,21,563.03,true
2631,SKU-102630,Fone Delta 153,16,219.05,true
2632,SKU-102631,Lavadora Pratic 766,7,379.50,true
2633,SKU-102632,Impressora Trilha 537,17,57.06,true
2634,SKU-102633,Fogão Delta 208,5,309.11,true
2635,SKU-102634,Cooler Aurora 632,2,623.09,true
2636,SKU-102635,Cafeteira Vertex 160,20,195.20,true
2637,SKU-102636,Mouse Mirante 215,10,188.94,true
2638,SKU-102637,Purificador Nexa 566,5,263.28,true
2639,SKU-102638,Headset Kubo 226,20,538.48,false
2640,SKU-102639,Toalha Mirante 948,16,950.95,true
2641,SKU-102640,Sofá Onix 527,6,198.12,true
2642,SKU-102641,Headphone Trilha 651,7,292.28,true
2643,SKU-102642,Micro-ondas Volt 962,13,499.41,true
2644,SKU-102643,Lençol Nexa 507,6,523.49,true
2645,SKU-102644,Desktop Veloce 914,5,572.62,true
2646,SKU-102645,Smartwatch Saga 788,21,257.85,true
2647,SKU-102646,Estante Nordic 174,21,579.11,false
2648,SKU-102647,Lençol Nexa 495,16,431.25,true
2649,SKU-102648,Cafeteira Zentro 679,2,266.81,true
2650,SKU-102649,Parafusadeira Onix 881,16,810.64,true
2651,SKU-102650,Liquidificador Vertex 106,16,408.44,true
2652,SKU-102651,Soundbar Zentro 406,6,473.58,true
2653,SKU-102652,Console Brava 138,3,304.89,true
2654,SKU-102653,Headphone Kubo 437,18,876.82,true
2655,SKU-102654,Micro-ondas Onix 103,7,287.63,true
2656,SKU-102655,Console Veloce 658,18,546.13,false
2657,SKU-102656,Controle Kairo 544,21,145.63,true
2658,SKU-102657,Fogão Orbis 922,7,714.36,true
2659,SKU-102658,Impressora Brava 893,18,804.63,true
2660,SKU-102659,Ventilador Orbis 231,6,517.01,true
2661,SKU-102660,Purificador Saga 542,21,167.06,true
2662,SKU-102661,Purificador Orbis 184,6,608.30,false
2663,SKU-102662,Ar-condicionado Mirante 543,18,132.65,true
2664,SKU-102663,Lavadora Nordic 307,3,216.23,true
2665,SKU-102664,Aspirador Delta 275,9,145.54,true
2666,SKU-102665,Headphone Volt 548,21,280.89,false
2667,SKU-102666,Fonte Astra 241,7,243.00,false
2668,SKU-102667,Fogão Kairo 282,20,670.56,true
2669,SKU-102668,Teclado Kubo 878,7,1556.74,true
2670,SKU-102669,Ventilador Nordic 875,17,307.44,true
2671,SKU-102670,Smartwatch Lumix 344,16,1189.44,false
2672,SKU-102671,Batedeira Astra 102,3,393.57,true
2673,SKU-102672,Roteador Lumix 977,16,1233.30,true
2674,SKU-102673,Mesa Trilha 706,9,573.59,true
2675,SKU-102674,Lavadora Brava 846,2,687.26,true
2676,SKU-102675,Soundbar Mirante 282,10,515.93,true
2677,SKU-102676,Toalha Nexa 857,2,275.89,true
2678,SKU-102677,Fone Kubo 613,20,502.38,true
2679,SKU-102678,Smartwatch Pratic 250,20,296.88,false
2680,SKU-102679,Ventilador Kubo 613,12,396.75,true
2681,SKU-102680,Esteira Nexa 386,15,514.51,true
2682,SKU-102681,Furadeira Astra 776,16,438.83,true
2683,SKU-102682,Soundbar Primo 127,5,479.33,true
2684,SKU-102683,Carregador Onix 764,7,295.72,true
2685,SKU-102684,Estante Saga 318,20,327.65,true
2686,SKU-102685,Estante Delta 303,7,244.84,true
2687,SKU-102686,Headphone Delta 927,21,125.32,true
2688,SKU-102687,Controle Nexa 796,15,410.54,true
2689,SKU-102688,Batedeira Vertex 998,17,872.74,false
2690,SKU-102689,Toalha Primo 305,16,140.43,true
2691,SKU-102690,Ventilador Nexa 702,15,232.30,true
2692,SKU-102691,Sofá Orbis 479,9,524.53,true
2693,SKU-102692,Capa Kubo 170,18,222.47,true
2694,SKU-102693,Soundbar Vertex 407,7,537.14,true
2695,SKU-102694,Mesa Nordic 108,16,731.93,true
2696,SKU-102695,Jogo Nexa 114,2,716.71,true
2697,SKU-102696,Headphone Onix 901,18,697.56,true
2698,SKU-102697,Batedeira Veloce 876,12,325.08,true
2699,SKU-102698,Desktop Saga 389,17,191.04,true
2700,SKU-102699,Impressora Vertex 934,20,504.52,true
2701,SKU-102700,Parafusadeira Kairo 250,12,416.75,true
2702,SKU-102701,Controle Lumix 238,5,96.27,true
2703,SKU-102702,Bicicleta Volt 602,5,82.48,true
2704,SKU-102703,Fogão Saga 861,12,258.05,true
2705,SKU-102704,Furadeira Primo 525,13,295.53,true
2706,SKU-102705,Mesa Nexa 150,3,433.30,true
2707,SKU-102706,Cooler Kairo 816,6,268.53,true
2708,SKU-102707,Toalha Mirante 350,21,519.13,true
2709,SKU-102708,Parafusadeira Vertex 912,3,621.04,true
2710,SKU-102709,Cafeteira Mirante 131,20,568.72,true
2711,SKU-102710,Geladeira Kairo 246,17,162.57,true
2712,SKU-102711,Ventilador Onix 355,2,287.82,true
2713,SKU-102712,Secadora Mirante 822,9,810.41,false
2714,SKU-102713,Cooler Trilha 919,16,476.03,true
2715,SKU-102714,Micro-ondas Veloce 944,12,402.47,true
2716,SKU-102715,Micro-ondas Nexa 668,20,89.35,true
2717,SKU-102716,Controle Zentro 525,15,309.68,true
2718,SKU-102717,Sofá Vertex 683,15,548.02,true
2719,SKU-102718,Halter Saga 139,9,404.65,true
2720,SKU-102719,Cafeteira Delta 498,10,357.04,true
2721,SKU-102720,Controle Nordic 145,2,247.75,true
2722,SKU-102721,Jogo Pratic 870,18,169.59,true
2723,SKU-102722,Purificador Onix 679,13,184.81,true
2724,SKU-102723,Controle Volt 588,7,839.85,false
2725,SKU-102724,Roteador Veloce 729,5,513.87,true
2726,SKU-102725,Notebook Trilha 500,20,1081.78,true
2727,SKU-102726,Capa Nordic 940,18,102.11,true
2728,SKU-102727,Cooler Volt 750,12,464.21,true
2729,SKU-102728,Capa Nexa 413,6,552.72,false
2730,SKU-102729,Notebook Primo 509,9,418.62,false
2731,SKU-102730,Aspirador Vertex 655,16,97.02,true
2732,SKU-102731,Fone Trilha 871,15,510.17,true
2733,SKU-102732,Lençol Vertex 178,10,501.20,true
2734,SKU-102733,Televisor Onix 994,6,161.21,true
2735,SKU-102734,Caixa Pratic 214,5,352.00,true
2736,SKU-102735,Headphone Vertex 505,18,255.54,true
2737,SKU-102736,Cadeira Orbis 381,13,295.49,true
2738,SKU-102737,Capa Vertex 108,18,159.96,false
2739,SKU-102738,Roteador Orbis 152,18,727.82,false
2740,SKU-102739,Liquidificador Nexa 612,5,72.24,true
2741,SKU-102740,Roteador Saga 333,6,166.52,true
2742,SKU-102741,Ar-condicionado Primo 378,13,709.05,true
2743,SKU-102742,Carregador Pratic 879,2,358.67,true
2744,SKU-102743,Esteira Pratic 703,10,434.59,true
2745,SKU-102744,Desktop Volt 599,9,620.71,true
2746,SKU-102745,Jogo Kairo 864,3,436.81,false
2747,SKU-102746,Receiver Zentro 139,3,140.73,true
2748,SKU-102747,Receiver Kairo 145,17,658.63,true
2749,SKU-102748,Fogão Kubo 289,13,377.87,true
2750,SKU-102749,Smartphone Vertex 694,9,295.10,true
2751,SKU-102750,Capa Astra 661,20,313.49,true
2752,SKU-102751,Mouse Orbis 441,17,451.35,true
2753,SKU-102752,Console Aurora 724,5,578.39,true
2754,SKU-102753,Impressora Nordic 132,16,511.39,true
2755,SKU-102754,Teclado Aurora 662,18,184.95,true
2756,SKU-102755,Bicicleta Vertex 858,13,921.92,true
2757,SKU-102756,Cooler Aurora 884,15,99.47,true
2758,SKU-102757,Aspirador Trilha 456,12,599.58,true
2759,SKU-102758,Smartphone Orbis 836,18,744.65,true
2760,SKU-102759,Impressora Mirante 339,20,761.54,true
2761,SKU-102760,Fogão Vertex 419,13,354.14,false
2762,SKU-102761,Headset Primo 642,17,1048.41,true
2763,SKU-102762,Bicicleta Pratic 209,21,810.47,true
2764,SKU-102763,Mouse Delta 595,9,678.49,true
2765,SKU-102764,Geladeira Trilha 126,17,165.79,true
2766,SKU-102765,Aspirador Astra 859,18,113.92,true
2767,SKU-102766,Esteira Mirante 441,3,253.84,true
2768,SKU-102767,Headphone Pratic 801,17,664.39,false
2769,SKU-102768,Estante Zentro 888,6,453.55,false
2770,SKU-102769,Headphone Veloce 654,10,534.50,false
2771,SKU-102770,Monitor Zentro 785,9,876.10,true
2772,SKU-102771,Bicicleta Pratic 706,5,576.14,true
2773,SKU-102772,Geladeira Vertex 802,13,324.49,true
2774,SKU-102773,Capa Vertex 166,10,481.93,true
2775,SKU-102774,Smartwatch Primo 221,5,547.62,true
2776,SKU-102775,Aspirador Pratic 839,12,1022.43,false
2777,SKU-102776,Soundbar Kubo 197,16,322.19,true
2778,SKU-102777,Serra Lumix 853,20,75.16,true
2779,SKU-102778,Aspirador Aurora 151,5,239.37,true
2780,SKU-102779,Cooler Nordic 965,2,273.33,true
2781,SKU-102780,Batedeira Volt 486,10,422.61,true
2782,SKU-102781,Receiver Brava 567,6,625.85,true
2783,SKU-102782,Fonte Veloce 322,2,500.38,true
2784,SKU-102783,Headset Delta 685,10,229.70,true
2785,SKU-102784,SSD Pratic 916,9,1027.52,false
2786,SKU-102785,Roteador Mirante 576,3,898.27,true
2787,SKU-102786,Impressora Onix 376,2,329.24,true
2788,SKU-102787,Capa Orbis 370,9,978.55,true
2789,SKU-102788,Mouse Pratic 580,9,476.55,true
2790,SKU-102789,Estante Lumix 330,18,274.74,true
2791,SKU-102790,Furadeira Kairo 545,2,462.78,true
2792,SKU-102791,Toalha Delta 172,16,566.61,true
2793,SKU-102792,Fone Vertex 380,5,67.10,true
2794,SKU-102793,Colchão Saga 967,15,314.21,true
2795,SKU-102794,Headset Zentro 775,13,222.37,true
2796,SKU-102795,Esteira Volt 791,17,228.26,true
2797,SKU-102796,Furadeira Volt 826,6,324.65,true
2798,SKU-102797,Cadeira Volt 492,6,575.01,true
2799,SKU-102798,Notebook Trilha 166,18,389.90,true
2800,SKU-102799,Micro-ondas Delta 611,15,471.09,true
2801,SKU-102800,Colchão Kubo 658,9,999.10,true
2802,SKU-102801,Serra Volt 805,16,307.01,false
2803,SKU-102802,Roteador Pratic 974,12,234.22,true
2804,SKU-102803,Soundbar Brava 641,6,836.91,true
2805,SKU-102804,Purificador Saga 822,10,158.15,true
2806,SKU-102805,Roteador Vertex 873,7,236.89,true
2807,SKU-102806,Sofá Brava 378,6,369.11,true
2808,SKU-102807,Headset Delta 281,18,588.53,true
2809,SKU-102808,Headphone Nexa 201,2,322.77,true
2810,SKU-102809,Lençol Pratic 133,12,1174.59,false
2811,SKU-102810,Teclado Orbis 502,6,626.74,true
2812,SKU-102811,Lençol Zentro 139,3,379.22,true
2813,SKU-102812,Mesa Zentro 424,7,66.76,true
2814,SKU-102813,Batedeira Astra 487,17,503.84,true
2815,SKU-102814,Cadeira Veloce 512,6,298.88,true
2816,SKU-102815,Aspirador Veloce 859,7,659.39,true
2817,SKU-102816,Aspirador Brava 830,17,141.73,true
2818,SKU-102817,SSD Nordic 587,2,120.93,true
2819,SKU-102818,Mouse Vertex 365,13,404.96,true
2820,SKU-102819,Monitor Astra 315,6,620.64,true
2821,SKU-102820,Esteira Nordic 207,10,227.78,true
2822,SKU-102821,Lençol Zentro 695,18,547.49,true
2823,SKU-102822,Estante Kairo 211,10,279.29,true
2824,SKU-102823,Console Trilha 400,17,470.12,true
2825,SKU-102824,Desktop Onix 621,21,704.04,true
2826,SKU-102825,Toalha Mirante 288,17,328.69,true
2827,SKU-102826,Memória Delta 654,18,283.77,true
2828,SKU-102827,Mouse Lumix 674,20,572.62,false
2829,SKU-102828,Caixa Vertex 251,2,498.25,true
2830,SKU-102829,Secadora Trilha 461,20,570.12,false
2831,SKU-102830,Micro-ondas Nexa 541,9,581.94,true
2832,SKU-102831,Purificador Onix 185,21,273.82,true
2833,SKU-102832,Micro-ondas Onix 804,6,357.70,true
2834,SKU-102833,Estante Kairo 403,17,191.46,true
2835,SKU-102834,Aspirador Brava 879,13,215.55,false
2836,SKU-102835,Esteira Astra 330,18,138.20,true
2837,SKU-102836,Micro-ondas Trilha 149,17,395.60,true
2838,SKU-102837,Jogo Delta 289,3,658.09,true
2839,SKU-102838,Fonte Veloce 987,18,189.05,true
2840,SKU-102839,Esteira Kubo 834,7,647.35,false
2841,SKU-102840,Micro-ondas Mirante 708,20,380.30,true
2842,SKU-102841,Headphone Delta 749,16,185.64,true
2843,SKU-102842,Smartphone Primo 602,21,684.77,true
2844,SKU-102843,Controle Vertex 778,12,202.43,true
2845,SKU-102844,Jogo Astra 412,10,477.73,true
2846,SKU-102845,Soundbar Veloce 573,15,380.13,true
2847,SKU-102846,SSD Delta 925,13,129.52,true
2848,SKU-102847,SSD Zentro 127,2,244.60,true
2849,SKU-102848,Geladeira Saga 598,5,279.44,true
2850,SKU-102849,Estante Volt 236,10,119.45,true
2851,SKU-102850,Capa Saga 337,12,342.95,true
2852,SKU-102851,Memória Zentro 539,12,637.94,true
2853,SKU-102852,Cadeira Saga 544,6,556.59,true
2854,SKU-102853,Serra Trilha 757,7,777.37,true
2855,SKU-102854,Cadeira Vertex 849,9,770.00,true
2856,SKU-102855,Monitor Nordic 888,15,624.89,false
2857,SKU-102856,Fonte Orbis 663,21,131.10,true
2858,SKU-102857,Furadeira Veloce 473,18,307.23,true
2859,SKU-102858,Furadeira Pratic 591,6,331.02,true
2860,SKU-102859,Serra Nordic 211,12,231.12,true
2861,SKU-102860,Toalha Orbis 279,13,299.26,true
2862,SKU-102861,Serra Zentro 575,3,458.41,true
2863,SKU-102862,Aspirador Kairo 774,18,296.44,true
2864,SKU-102863,Bicicleta Primo 544,15,172.57,true
2865,SKU-102864,Geladeira Kairo 715,18,751.29,true
2866,SKU-102865,Esteira Zentro 552,16,203.01,false
2867,SKU-102866,Fonte Aurora 341,20,163.57,true
2868,SKU-102867,Purificador Astra 606,10,170.39,true
2869,SKU-102868,Capa Nordic 852,17,42.93,true
2870,SKU-102869,Cafeteira Mirante 283,9,552.39,true
2871,SKU-102870,Roteador Zentro 758,10,295.58,true
2872,SKU-102871,Aspirador Trilha 559,16,537.17,true
2873,SKU-102872,Lençol Primo 934,17,579.76,true
2874,SKU-102873,Headset Orbis 985,9,243.24,true
2875,SKU-102874,Impressora Primo 541,17,564.59,true
2876,SKU-102875,Colchão Brava 755,21,230.59,true
2877,SKU-102876,Capa Onix 758,21,210.20,true
2878,SKU-102877,Monitor Onix 871,21,268.40,true
2879,SKU-102878,Cafeteira Orbis 980,20,99.72,true
2880,SKU-102879,Fone Aurora 299,6,80.37,true
2881,SKU-102880,Purificador Saga 986,17,295.03,true
2882,SKU-102881,Bicicleta Nordic 241,15,975.27,true
2883,SKU-102882,Micro-ondas Lumix 313,21,399.45,true
2884,SKU-102883,Smartwatch Primo 173,6,714.85,true
2885,SKU-102884,Fogão Lumix 714,16,403.06,true
2886,SKU-102885,Aspirador Astra 939,3,294.53,true
2887,SKU-102886,Micro-ondas Astra 762,21,140.29,true
2888,SKU-102887,Console Onix 778,21,582.39,true
2889,SKU-102888,Parafusadeira Kairo 514,9,204.05,true
2890,SKU-102889,Lençol Volt 836,13,182.13,true
2891,SKU-102890,Headset Primo 139,21,202.34,true
2892,SKU-102891,Smartwatch Trilha 335,7,85.24,true
2893,SKU-102892,Estante Volt 451,3,371.81,true
2894,SKU-102893,Mesa Trilha 772,20,195.79,true
2895,SKU-102894,Fone Vertex 506,9,318.70,true
2896,SKU-102895,Fogão Brava 376,6,464.87,true
2897,SKU-102896,Batedeira Delta 788,10,409.58,true
2898,SKU-102897,Sofá Kairo 803,9,88.41,true
2899,SKU-102898,SSD Aurora 586,12,885.05,true
2900,SKU-102899,Serra Veloce 775,12,193.29,true
2901,SKU-102900,Colchão Nexa 914,20,863.14,true
2902,SKU-102901,Estante Brava 413,20,145.68,true
2903,SKU-102902,Halter Kairo 360,12,225.42,false
2904,SKU-102903,Estante Nordic 738,15,414.88,true
2905,SKU-102904,Batedeira Orbis 200,3,934.21,true
2906,SKU-102905,Memória Primo 728,7,177.64,false
2907,SKU-102906,Smartphone Orbis 907,16,220.63,true
2908,SKU-102907,Notebook Delta 810,15,720.60,true
2909,SKU-102908,Smartphone Brava 120,15,469.87,true
2910,SKU-102909,Parafusadeira Delta 681,3,289.62,false
2911,SKU-102910,Mesa Trilha 605,13,192.51,true
2912,SKU-102911,Lençol Pratic 871,3,504.39,true
2913,SKU-102912,Desktop Aurora 298,20,291.21,true
2914,SKU-102913,Esteira Kubo 592,16,225.35,true
2915,SKU-102914,Estante Kubo 663,3,342.27,true
2916,SKU-102915,Soundbar Trilha 752,3,56.23,true
2917,SKU-102916,Mesa Trilha 486,3,83.29,true
2918,SKU-102917,Toalha Astra 224,15,408.55,true
2919,SKU-102918,Notebook Aurora 528,18,842.44,true
2920,SKU-102919,Headset Mirante 981,9,331.88,true
2921,SKU-102920,Caixa Volt 507,2,433.04,true
2922,SKU-102921,Smartphone Vertex 456,21,393.77,false
2923,SKU-102922,Receiver Nordic 413,9,334.05,true
2924,SKU-102923,Geladeira Pratic 792,13,196.63,true
2925,SKU-102924,Batedeira Veloce 489,3,552.35,true
2926,SKU-102925,Lençol Vertex 985,17,704.83,true
2927,SKU-102926,Caixa Delta 295,3,687.25,true
2928,SKU-102927,Parafusadeira Kubo 117,12,355.38,true
2929,SKU-102928,Memória Trilha 407,7,486.28,true
2930,SKU-102929,Memória Delta 666,12,302.31,true
2931,SKU-102930,Impressora Aurora 236,13,387.55,true
2932,SKU-102931,Toalha Zentro 260,18,431.81,true
2933,SKU-102932,Sofá Primo 610,3,175.29,true
2934,SKU-102933,Geladeira Kairo 779,12,324.10,false
2935,SKU-102934,Smartwatch Astra 316,2,571.92,true
2936,SKU-102935,Notebook Delta 644,12,675.19,true
2937,SKU-102936,Cadeira Onix 892,12,348.21,false
2938,SKU-102937,Esteira Kubo 998,5,287.76,true
2939,SKU-102938,Jogo Zentro 697,3,833.56,true
2940,SKU-102939,Liquidificador Pratic 853,16,346.68,true
2941,SKU-102940,Mouse Vertex 252,12,354.65,true
2942,SKU-102941,Estante Primo 425,6,397.17,true
2943,SKU-102942,Console Vertex 128,6,140.38,true
2944,SKU-102943,Mesa Primo 609,5,442.27,true
2945,SKU-102944,Carregador Nexa 404,21,559.34,false
2946,SKU-102945,Lençol Veloce 645,2,1133.52,true
2947,SKU-102946,Lençol Kubo 801,5,505.15,false
2948,SKU-102947,Cooler Astra 679,10,500.32,true
2949,SKU-102948,Furadeira Kairo 710,10,372.73,false
2950,SKU-102949,Ventilador Brava 290,7,165.31,true
2951,SKU-102950,Liquidificador Onix 854,16,374.68,true
2952,SKU-102951,Memória Lumix 776,21,304.07,true
2953,SKU-102952,Lavadora Nordic 433,15,108.53,true
2954,SKU-102953,Furadeira Orbis 914,5,357.24,true
2955,SKU-102954,Controle Veloce 547,7,623.80,true
2956,SKU-102955,Ar-condicionado Pratic 660,6,206.52,true
2957,SKU-102956,Soundbar Veloce 136,7,617.79,false
2958,SKU-102957,Carregador Onix 846,6,387.90,true
2959,SKU-102958,Estante Volt 512,21,381.96,true
2960,SKU-102959,Desktop Brava 455,17,903.64,true
2961,SKU-102960,Smartwatch Vertex 505,7,247.84,true
2962,SKU-102961,Capa Kairo 834,9,546.92,true
2963,SKU-102962,Cafeteira Brava 329,18,603.48,true
2964,SKU-102963,Fone Brava 426,16,664.69,true
2965,SKU-102964,Batedeira Aurora 615,13,931.89,true
2966,SKU-102965,Jogo Orbis 965,7,220.36,true
2967,SKU-102966,Micro-ondas Mirante 265,16,279.65,true
2968,SKU-102967,Receiver Lumix 285,21,324.90,true
2969,SKU-102968,Lavadora Aurora 491,15,461.92,true
2970,SKU-102969,Memória Brava 186,21,389.41,true
2971,SKU-102970,Desktop Nexa 190,12,208.29,true
2972,SKU-102971,Parafusadeira Primo 692,5,374.70,true
2973,SKU-102972,Geladeira Brava 605,3,413.47,true
2974,SKU-102973,Bicicleta Vertex 717,15,988.46,true
2975,SKU-102974,Halter Volt 111,15,176.98,true
2976,SKU-102975,Micro-ondas Nordic 387,16,643.20,true
2977,SKU-102976,Fonte Brava 840,20,601.25,true
2978,SKU-102977,Impressora Vertex 241,5,221.88,true
2979,SKU-102978,Headphone Orbis 778,20,459.37,true
2980,SKU-102979,Jogo Trilha 791,10,462.78,true
2981,SKU-102980,Secadora Astra 393,20,949.69,true
2982,SKU-102981,Liquidificador Veloce 540,18,463.62,true
2983,SKU-102982,Estante Astra 974,2,366.49,true
2984,SKU-102983,Furadeira Onix 358,12,694.67,true
2985,SKU-102984,SSD Volt 879,18,258.09,true
2986,SKU-102985,Smartwatch Delta 987,2,192.00,true
2987,SKU-102986,Soundbar Trilha 563,5,284.81,true
2988,SKU-102987,Soundbar Saga 661,21,379.11,true
2989,SKU-102988,Roteador Orbis 304,6,524.49,true
2990,SKU-102989,Fonte Zentro 806,3,113.95,true
2991,SKU-102990,Mouse Nexa 152,13,202.43,true
2992,SKU-102991,Liquidificador Saga 530,20,297.81,true
2993,SKU-102992,Lavadora Orbis 217,18,214.94,true
2994,SKU-102993,Serra Nexa 386,10,115.85,true
2995,SKU-102994,Colchão Veloce 733,2,277.55,true
2996,SKU-102995,Fonte Nordic 994,7,378.31,true
2997,SKU-102996,Furadeira Kubo 330,18,717.38,true
2998,SKU-102997,Controle Lumix 797,6,633.75,true
2999,SKU-102998,Estante Nordic 471,18,384.62,true
3000,SKU-102999,Mouse Trilha 751,5,250.91,true
3001,SKU-103000,Carregador Vertex 860,13,409.99,true
3002,SKU-103001,Lavadora Brava 505,7,170.46,true
3003,SKU-103002,Mouse Onix 901,13,715.30,true
3004,SKU-103003,Caixa Delta 944,12,224.11,true
3005,SKU-103004,Headset Orbis 501,10,279.25,true
3006,SKU-103005,Headphone Kubo 992,16,389.51,true
3007,SKU-103006,Batedeira Veloce 897,3,253.96,true
3008,SKU-103007,Teclado Lumix 473,16,513.38,true
3009,SKU-103008,Batedeira Mirante 475,18,135.31,true
3010,SKU-103009,Fone Primo 558,17,338.90,true
3011,SKU-103010,Parafusadeira Delta 773,7,327.83,false
3012,SKU-103011,Geladeira Onix 749,20,253.83,true
3013,SKU-103012,Notebook Zentro 134,2,160.74,true
3014,SKU-103013,Desktop Primo 451,9,339.55,true
3015,SKU-103014,Parafusadeira Nexa 710,7,377.20,true
3016,SKU-103015,Roteador Astra 837,21,886.64,true
3017,SKU-103016,Colchão Nordic 701,13,773.81,true
3018,SKU-103017,Capa Onix 397,15,606.18,true
3019,SKU-103018,Impressora Lumix 187,3,645.62,true
3020,SKU-103019,Fonte Nordic 597,15,416.77,true
3021,SKU-103020,Roteador Kubo 565,5,284.25,true
3022,SKU-103021,Cadeira Kubo 534,3,628.11,true
3023,SKU-103022,Receiver Pratic 547,15,636.17,true
3024,SKU-103023,Colchão Delta 692,17,353.04,true
3025,SKU-103024,SSD Onix 933,12,249.42,true
3026,SKU-103025,Teclado Veloce 740,16,154.17,true
3027,SKU-103026,Esteira Pratic 172,12,250.07,true
3028,SKU-103027,Mouse Saga 282,17,133.92,true
3029,SKU-103028,Lençol Onix 675,16,490.82,true
3030,SKU-103029,Cadeira Vertex 286,3,252.93,true
3031,SKU-103030,Smartwatch Saga 591,7,641.50,true
3032,SKU-103031,Receiver Orbis 207,17,145.70,true
3033,SKU-103032,Aspirador Astra 810,20,1036.31,true
3034,SKU-103033,Receiver Kairo 957,9,287.42,true
3035,SKU-103034,Parafusadeira Brava 902,9,508.27,true
3036,SKU-103035,Televisor Kairo 390,7,571.16,true
3037,SKU-103036,Toalha Brava 797,13,213.83,true
3038,SKU-103037,Sofá Delta 733,13,817.74,false
3039,SKU-103038,Console Astra 478,5,113.64,true
3040,SKU-103039,Smartphone Nordic 708,6,311.60,true
3041,SKU-103040,Secadora Kubo 833,9,452.42,true
3042,SKU-103041,Roteador Delta 600,9,85.63,true
3043,SKU-103042,Sofá Zentro 460,2,591.76,true
3044,SKU-103043,Ar-condicionado Trilha 273,21,1203.57,true
3045,SKU-103044,Televisor Kairo 974,3,469.66,true
3046,SKU-103045,Fone Saga 597,7,321.01,true
3047,SKU-103046,Fogão Kairo 845,5,372.36,true
3048,SKU-103047,Lençol Trilha 842,2,457.25,true
3049,SKU-103048,Bicicleta Saga 615,12,205.58,true
3050,SKU-103049,Sofá Delta 596,17,952.26,true
3051,SKU-103050,Ar-condicionado Saga 920,3,861.76,true
3052,SKU-103051,Headset Delta 123,7,338.16,true
3053,SKU-103052,Smartwatch Primo 188,10,238.17,true
3054,SKU-103053,Roteador Pratic 862,3,592.97,true
3055,SKU-103054,Carregador Brava 150,16,202.13,true
3056,SKU-103055,Jogo Onix 571,15,218.40,true
3057,SKU-103056,Toalha Vertex 914,17,220.29,true
3058,SKU-103057,Secadora Mirante 154,21,458.27,true
3059,SKU-103058,Estante Veloce 969,10,241.74,true
3060,SKU-103059,Serra Kairo 157,16,269.91,false
3061,SKU-103060,Capa Brava 237,21,847.72,true
3062,SKU-103061,Ar-condicionado Kubo 757,21,484.76,true
3063,SKU-103062,Fonte Onix 383,16,432.27,true
3064,SKU-103063,Jogo Aurora 621,17,135.05,true
3065,SKU-103064,Lençol Veloce 829,21,668.44,true
3066,SKU-103065,Micro-ondas Nexa 691,10,541.33,true
3067,SKU-103066,Estante Orbis 921,13,327.38,true
3068,SKU-103067,Memória Astra 684,3,300.59,true
3069,SKU-103068,Receiver Astra 247,2,611.21,true
3070,SKU-103069,Monitor Kairo 350,13,633.93,true
3071,SKU-103070,Televisor Onix 253,21,543.00,true
3072,SKU-103071,Capa Astra 855,13,438.84,true
3073,SKU-103072,Headphone Delta 915,17,838.57,true
3074,SKU-103073,Cooler Lumix 870,13,523.47,true
3075,SKU-103074,Ar-condicionado Nexa 427,7,663.78,true
3076,SKU-103075,Serra Delta 326,5,270.47,false
3077,SKU-103076,Esteira Zentro 327,9,290.25,false
3078,SKU-103077,Cooler Vertex 463,9,791.73,true
3079,SKU-103078,Micro-ondas Zentro 173,6,263.88,true
3080,SKU-103079,Ar-condicionado Nexa 570,16,234.83,true
3081,SKU-103080,Memória Pratic 854,10,202.74,true
3082,SKU-103081,Roteador Astra 766,6,944.00,true
3083,SKU-103082,Mouse Nordic 224,20,354.80,true
3084,SKU-103083,Halter Brava 933,16,851.40,true
3085,SKU-103084,Impressora Veloce 545,12,787.80,true
3086,SKU-103085,Mesa Kubo 329,16,442.80,true
3087,SKU-103086,Desktop Nexa 883,6,260.30,true
3088,SKU-103087,Bicicleta Veloce 387,7,692.24,true
3089,SKU-103088,Aspirador Nexa 776,21,767.32,true
3090,SKU-103089,Jogo Volt 681,12,176.46,true
3091,SKU-103090,Receiver Delta 465,10,258.03,true
3092,SKU-103091,Teclado Primo 496,13,548.10,true
3093,SKU-103092,Receiver Vertex 517,5,419.74,true
3094,SKU-103093,Sofá Trilha 885,17,292.49,true
3095,SKU-103094,Aspirador Nexa 678,5,451.51,true
3096,SKU-103095,Roteador Brava 796,6,776.53,true
3097,SKU-103096,Mouse Astra 559,20,669.57,true
3098,SKU-103097,Liquidificador Nexa 449,6,176.18,true
3099,SKU-103098,Lavadora Astra 810,10,872.95,true
3100,SKU-103099,Mouse Astra 278,12,254.66,true
3101,SKU-103100,Receiver Orbis 739,20,406.97,true
3102,SKU-103101,Furadeira Delta 759,18,126.52,true
3103,SKU-103102,Cooler Onix 335,16,170.28,true
3104,SKU-103103,Esteira Primo 200,12,235.56,true
3105,SKU-103104,Monitor Veloce 118,6,578.60,true
3106,SKU-103105,Cooler Veloce 151,3,369.77,true
3107,SKU-103106,Mouse Lumix 289,9,108.67,true
3108,SKU-103107,Fone Lumix 638,12,565.59,true
3109,SKU-103108,Monitor Lumix 658,6,139.08,true
3110,SKU-103109,Memória Brava 791,3,277.25,true
3111,SKU-103110,Jogo Brava 299,7,501.24,false
3112,SKU-103111,Mesa Kubo 469,5,941.51,true
3113,SKU-103112,Roteador Delta 289,12,263.98,true
3114,SKU-103113,Controle Veloce 342,20,173.35,true
3115,SKU-103114,Monitor Nordic 499,2,306.17,true
3116,SKU-103115,Memória Saga 507,6,487.52,true
3117,SKU-103116,Roteador Kairo 685,16,828.95,true
3118,SKU-103117,Toalha Orbis 521,15,403.35,true
3119,SKU-103118,Aspirador Brava 859,5,188.21,true
3120,SKU-103119,Notebook Mirante 691,2,461.32,true
3121,SKU-103120,Teclado Zentro 889,13,161.80,true
3122,SKU-103121,Serra Volt 538,9,189.22,true
3123,SKU-103122,Parafusadeira Vertex 891,12,591.01,true
3124,SKU-103123,Esteira Kairo 600,3,659.13,true
3125,SKU-103124,Halter Nordic 704,9,221.24,true
3126,SKU-103125,SSD Mirante 739,16,172.85,true
3127,SKU-103126,Memória Orbis 452,2,347.93,true
3128,SKU-103127,Batedeira Mirante 211,2,1027.41,true
3129,SKU-103128,Micro-ondas Nexa 725,9,295.39,true
3130,SKU-103129,Serra Lumix 357,2,854.91,true
3131,SKU-103130,Headphone Delta 884,12,462.81,true
3132,SKU-103131,Esteira Saga 340,10,426.01,true
3133,SKU-103132,Ar-condicionado Trilha 172,6,895.32,true
3134,SKU-103133,Memória Aurora 720,21,386.02,false
3135,SKU-103134,Jogo Veloce 632,18,240.38,true
3136,SKU-103135,Fonte Volt 743,16,1007.94,true
3137,SKU-103136,Jogo Veloce 706,2,756.82,true
3138,SKU-103137,Controle Volt 524,15,71.66,false
3139,SKU-103138,Headphone Orbis 531,13,204.05,true
3140,SKU-103139,Liquidificador Vertex 595,6,467.67,true
3141,SKU-103140,Headphone Astra 126,16,445.79,true
3142,SKU-103141,Furadeira Zentro 566,15,130.48,false
3143,SKU-103142,Capa Primo 373,6,196.90,true
3144,SKU-103143,Purificador Aurora 827,7,141.89,true
3145,SKU-103144,Receiver Veloce 993,12,147.36,true
3146,SKU-103145,Cadeira Brava 760,13,400.73,true
3147,SKU-103146,Fonte Nexa 501,2,291.60,true
3148,SKU-103147,Capa Brava 653,13,149.46,true
3149,SKU-103148,Soundbar Lumix 943,3,322.80,true
3150,SKU-103149,Receiver Delta 617,20,505.08,true
3151,SKU-103150,Mesa Zentro 293,5,166.50,true
3152,SKU-103151,Batedeira Trilha 144,21,870.55,true
3153,SKU-103152,Caixa Brava 693,5,197.92,true
3154,SKU-103153,Toalha Saga 529,12,510.59,true
3155,SKU-103154,Smartphone Orbis 477,7,531.38,true
3156,SKU-103155,Cafeteira Mirante 697,3,44.83,true
3157,SKU-103156,Bicicleta Delta 957,5,169.52,true
3158,SKU-103157,Estante Nordic 856,17,329.81,true
3159,SKU-103158,Mouse Orbis 828,17,1173.00,true
3160,SKU-103159,Jogo Zentro 218,16,591.12,true
3161,SKU-103160,Geladeira Delta 967,13,192.63,true
3162,SKU-103161,Controle Volt 782,13,97.25,true
3163,SKU-103162,Roteador Saga 288,17,160.99,true
3164,SKU-103163,Notebook Brava 390,12,344.23,true
3165,SKU-103164,Lençol Aurora 240,13,1062.19,true
3166,SKU-103165,Impressora Nexa 403,20,478.98,true
3167,SKU-103166,Purificador Aurora 737,20,217.70,true
3168,SKU-103167,Console Mirante 761,20,268.96,true
3169,SKU-103168,Memória Lumix 312,10,316.73,true
3170,SKU-103169,Furadeira Zentro 740,5,162.86,true
3171,SKU-103170,Secadora Volt 338,13,531.40,true
3172,SKU-103171,Soundbar Pratic 745,3,239.21,true
3173,SKU-103172,Colchão Delta 204,17,144.41,true
3174,SKU-103173,Purificador Kubo 821,21,241.26,true
3175,SKU-103174,Secadora Vertex 451,6,384.64,true
3176,SKU-103175,Batedeira Delta 626,20,257.95,true
3177,SKU-103176,Caixa Saga 458,20,229.73,true
3178,SKU-103177,Monitor Pratic 971,16,193.55,true
3179,SKU-103178,Smartphone Trilha 134,2,264.59,true
3180,SKU-103179,Impressora Nexa 320,18,1159.54,true
3181,SKU-103180,Sofá Mirante 786,6,241.96,true
3182,SKU-103181,Lavadora Vertex 773,12,314.31,true
3183,SKU-103182,Colchão Kubo 171,17,272.15,true
3184,SKU-103183,Serra Nexa 556,6,505.99,true
3185,SKU-103184,Cafeteira Volt 908,3,468.92,true
3186,SKU-103185,Serra Vertex 349,13,565.26,true
3187,SKU-103186,Capa Kubo 658,18,385.09,true
3188,SKU-103187,Aspirador Brava 499,3,231.15,true
3189,SKU-103188,Smartwatch Primo 614,16,840.75,true
3190,SKU-103189,Serra Trilha 621,17,283.60,true
3191,SKU-103190,Halter Lumix 956,16,205.85,true
3192,SKU-103191,Desktop Zentro 915,10,104.89,false
3193,SKU-103192,Lençol Lumix 391,21,661.72,true
3194,SKU-103193,Memória Saga 595,13,385.10,true
3195,SKU-103194,Notebook Veloce 837,6,73.86,true
3196,SKU-103195,Notebook Volt 822,7,339.65,true
3197,SKU-103196,Lavadora Saga 330,2,788.64,true
3198,SKU-103197,Fone Zentro 704,18,472.63,true
3199,SKU-103198,Headphone Veloce 464,3,882.21,true
3200,SKU-103199,Headset Trilha 665,3,330.90,true
3201,SKU-103200,Parafusadeira Primo 556,13,219.96,true
3202,SKU-103201,Notebook Trilha 959,16,250.24,true
3203,SKU-103202,Smartphone Lumix 665,6,401.52,true
3204,SKU-103203,Micro-ondas Veloce 911,21,251.86,true
3205,SKU-103204,Controle Saga 634,20,94.99,true
3206,SKU-103205,Mesa Nexa 280,10,277.67,false
3207,SKU-103206,Halter Saga 875,9,442.32,true
3208,SKU-103207,Colchão Kairo 113,6,816.31,false
3209,SKU-103208,Desktop Saga 593,20,257.85,true
3210,SKU-103209,Headphone Lumix 664,7,599.78,true
3211,SKU-103210,Televisor Orbis 435,20,581.72,true
3212,SKU-103211,Soundbar Kairo 982,16,297.81,true
3213,SKU-103212,Teclado Delta 958,17,695.37,true
3214,SKU-103213,Colchão Nexa 736,12,769.31,true
3215,SKU-103214,Bicicleta Zentro 161,16,259.96,true
3216,SKU-103215,Headset Astra 792,15,649.59,true
3217,SKU-103216,Smartwatch Nexa 980,2,907.82,true
3218,SKU-103217,SSD Aurora 998,21,133.91,true
3219,SKU-103218,SSD Primo 815,9,239.27,true
3220,SKU-103219,Esteira Mirante 503,6,658.86,true
3221,SKU-103220,Estante Brava 844,16,368.90,true
3222,SKU-103221,Memória Vertex 903,13,246.94,true
3223,SKU-103222,Bicicleta Brava 527,12,416.60,true
3224,SKU-103223,Caixa Aurora 447,10,217.20,true
3225,SKU-103224,Cafeteira Aurora 828,17,214.83,true
3226,SKU-103225,Mouse Aurora 967,2,256.76,true
3227,SKU-103226,Halter Saga 440,17,427.10,true
3228,SKU-103227,Monitor Pratic 934,3,49.38,true
3229,SKU-103228,Smartwatch Volt 443,5,472.85,true
3230,SKU-103229,Colchão Kairo 979,20,516.76,true
3231,SKU-103230,Teclado Delta 590,6,517.36,false
3232,SKU-103231,Cafeteira Kubo 280,18,413.76,true
3233,SKU-103232,Soundbar Onix 433,21,497.57,true
3234,SKU-103233,Memória Primo 953,9,287.31,true
3235,SKU-103234,Headset Kairo 286,2,418.21,true
3236,SKU-103235,Secadora Lumix 367,2,228.77,true
3237,SKU-103236,Geladeira Brava 227,12,318.25,true
3238,SKU-103237,Memória Vertex 500,3,485.90,true
3239,SKU-103238,Caixa Lumix 741,12,163.63,true
3240,SKU-103239,SSD Veloce 314,21,393.65,true
3241,SKU-103240,Furadeira Veloce 238,21,1000.29,true
3242,SKU-103241,Liquidificador Onix 297,2,379.14,true
3243,SKU-103242,Bicicleta Volt 991,12,230.50,true
3244,SKU-103243,Impressora Nexa 340,7,668.22,true
3245,SKU-103244,Fonte Onix 542,20,531.26,true
3246,SKU-103245,Halter Brava 583,7,180.24,true
3247,SKU-103246,Mesa Zentro 187,18,609.25,true
3248,SKU-103247,Fonte Nordic 710,13,128.23,true
3249,SKU-103248,Caixa Kubo 961,7,709.23,false
3250,SKU-103249,Estante Mirante 913,17,604.71,true
3251,SKU-103250,Colchão Delta 935,16,384.38,true
3252,SKU-103251,Cadeira Aurora 758,13,791.40,true
3253,SKU-103252,Toalha Veloce 405,5,715.97,true
3254,SKU-103253,Console Orbis 756,5,96.94,true
3255,SKU-103254,Lençol Pratic 510,6,277.32,true
3256,SKU-103255,Memória Saga 160,17,270.72,true
3257,SKU-103256,Micro-ondas Nordic 995,15,139.11,true
3258,SKU-103257,Micro-ondas Vertex 238,18,330.94,true
3259,SKU-103258,Cadeira Brava 586,17,140.40,true
3260,SKU-103259,Memória Pratic 818,2,278.48,true
3261,SKU-103260,Cooler Vertex 626,17,187.81,true
3262,SKU-103261,Jogo Primo 779,12,635.70,true
3263,SKU-103262,Cooler Orbis 291,2,350.18,true
3264,SKU-103263,Console Vertex 136,5,567.14,true
3265,SKU-103264,Mesa Lumix 943,18,466.30,true
3266,SKU-103265,Teclado Kubo 164,20,447.27,true
3267,SKU-103266,Caixa Trilha 481,12,682.64,true
3268,SKU-103267,Fone Saga 129,6,349.63,false
3269,SKU-103268,Cafeteira Onix 525,6,701.99,true
3270,SKU-103269,Lençol Kubo 240,3,332.74,true
3271,SKU-103270,Smartwatch Nexa 585,18,287.85,true
3272,SKU-103271,Memória Nexa 455,3,699.65,true
3273,SKU-103272,Halter Trilha 935,15,576.87,true
3274,SKU-103273,Smartphone Volt 844,7,598.19,true
3275,SKU-103274,Lavadora Lumix 815,2,532.53,true
3276,SKU-103275,Controle Brava 176,15,218.97,true
3277,SKU-103276,Impressora Volt 440,17,533.39,true
3278,SKU-103277,Teclado Orbis 576,12,748.38,true
3279,SKU-103278,Teclado Trilha 754,18,201.47,true
3280,SKU-103279,Sofá Volt 366,6,688.74,true
3281,SKU-103280,Console Zentro 673,17,771.03,true
3282,SKU-103281,Purificador Veloce 489,2,248.01,true
3283,SKU-103282,Carregador Astra 632,20,304.09,true
3284,SKU-103283,Smartwatch Nexa 363,12,147.43,true
3285,SKU-103284,Secadora Lumix 488,18,220.12,false
3286,SKU-103285,Desktop Mirante 583,15,333.24,true
3287,SKU-103286,Receiver Trilha 302,5,775.54,true
3288,SKU-103287,Cadeira Trilha 757,15,107.75,true
3289,SKU-103288,Mouse Trilha 871,18,532.62,true
3290,SKU-103289,Liquidificador Nexa 376,2,236.69,true
3291,SKU-103290,Bicicleta Pratic 454,17,220.12,true
3292,SKU-103291,Mouse Volt 502,17,659.75,true
3293,SKU-103292,Roteador Lumix 629,6,321.78,true
3294,SKU-103293,Secadora Saga 874,16,657.29,true
3295,SKU-103294,Lavadora Aurora 919,13,321.12,true
3296,SKU-103295,Lavadora Lumix 146,7,1107.02,true
3297,SKU-103296,Micro-ondas Saga 292,9,631.86,false
3298,SKU-103297,Televisor Delta 328,6,268.83,true
3299,SKU-103298,Esteira Orbis 627,13,320.45,true
3300,SKU-103299,Notebook Saga 338,18,223.22,true
3301,SKU-103300,Headphone Brava 217,16,162.62,true
3302,SKU-103301,Esteira Kairo 111,18,342.70,true
3303,SKU-103302,Teclado Vertex 687,20,411.74,true
3304,SKU-103303,Receiver Brava 381,6,478.81,true
3305,SKU-103304,Mouse Aurora 779,21,279.71,true
3306,SKU-103305,Smartwatch Onix 659,13,239.99,true
3307,SKU-103306,Mesa Brava 374,12,265.76,true
3308,SKU-103307,Bicicleta Onix 760,15,329.49,true
3309,SKU-103308,Headphone Nordic 390,16,355.75,true
3310,SKU-103309,Teclado Volt 115,21,194.42,true
3311,SKU-103310,Bicicleta Orbis 105,7,234.25,true
3312,SKU-103311,Controle Delta 142,3,135.36,true
3313,SKU-103312,Geladeira Astra 408,17,259.10,true
3314,SKU-103313,Headset Pratic 791,6,728.64,true
3315,SKU-103314,Cooler Vertex 437,18,267.00,true
3316,SKU-103315,Secadora Orbis 921,13,138.24,true
3317,SKU-103316,Televisor Veloce 806,6,447.87,true
3318,SKU-103317,Headphone Delta 746,13,265.09,true
3319,SKU-103318,Colchão Trilha 851,2,650.48,true
3320,SKU-103319,Caixa Astra 182,16,274.87,true
3321,SKU-103320,Headphone Mirante 748,6,948.58,true
3322,SKU-103321,Teclado Saga 531,16,185.73,true
3323,SKU-103322,Headphone Primo 866,6,569.51,true
3324,SKU-103323,Serra Volt 473,12,288.18,true
3325,SKU-103324,Console Aurora 964,3,591.05,false
3326,SKU-103325,Esteira Delta 862,3,877.62,true
3327,SKU-103326,Estante Trilha 822,18,209.19,true
3328,SKU-103327,Televisor Volt 274,21,628.85,true
3329,SKU-103328,Roteador Primo 404,2,143.79,true
3330,SKU-103329,Lavadora Onix 336,16,463.63,true
3331,SKU-103330,Headset Kubo 412,16,264.94,true
3332,SKU-103331,Fogão Trilha 850,6,2097.74,true
3333,SKU-103332,Carregador Onix 648,3,1064.35,true
3334,SKU-103333,Mouse Kairo 770,9,284.00,true
3335,SKU-103334,Aspirador Pratic 854,2,210.64,true
3336,SKU-103335,Ar-condicionado Volt 285,2,138.50,true
3337,SKU-103336,Secadora Nexa 515,16,4810.00,false
3338,SKU-103337,Liquidificador Onix 201,17,490.24,true
3339,SKU-103338,Serra Nexa 625,15,306.61,true
3340,SKU-103339,Bicicleta Delta 535,5,973.47,true
3341,SKU-103340,Sofá Brava 899,18,876.45,true
3342,SKU-103341,Notebook Kubo 460,5,259.36,true
3343,SKU-103342,Cooler Primo 209,16,153.13,true
3344,SKU-103343,Cadeira Zentro 555,18,601.39,true
3345,SKU-103344,Liquidificador Saga 177,16,717.24,true
3346,SKU-103345,Ventilador Mirante 238,16,519.52,true
3347,SKU-103346,Cadeira Brava 477,5,489.36,false
3348,SKU-103347,Roteador Saga 543,21,336.03,true
3349,SKU-103348,Jogo Kairo 930,17,177.38,false
3350,SKU-103349,Controle Orbis 766,21,158.05,true
3351,SKU-103350,Fone Brava 818,2,559.65,true
3352,SKU-103351,Console Vertex 586,15,388.43,true
3353,SKU-103352,Smartphone Lumix 949,3,248.74,true
3354,SKU-103353,Teclado Delta 120,7,742.17,true
3355,SKU-103354,Smartwatch Kairo 387,6,323.60,true
3356,SKU-103355,Cadeira Nexa 636,5,850.17,true
3357,SKU-103356,Secadora Saga 444,6,1009.85,true
3358,SKU-103357,Mouse Mirante 890,15,156.83,true
3359,SKU-103358,Carregador Nordic 826,10,637.47,true
3360,SKU-103359,Lavadora Volt 883,21,313.58,true
3361,SKU-103360,Fone Veloce 486,18,539.54,true
3362,SKU-103361,Micro-ondas Kairo 625,15,142.10,true
3363,SKU-103362,Notebook Trilha 108,16,449.03,false
3364,SKU-103363,Smartphone Orbis 686,12,155.07,true
3365,SKU-103364,Parafusadeira Primo 831,5,852.72,true
3366,SKU-103365,Secadora Onix 714,5,375.76,true
3367,SKU-103366,Cadeira Volt 444,16,889.92,true
3368,SKU-103367,Secadora Mirante 812,7,433.65,true
3369,SKU-103368,Secadora Astra 128,10,550.07,true
3370,SKU-103369,Roteador Brava 809,13,502.78,true
3371,SKU-103370,Console Delta 934,3,533.24,true
3372,SKU-103371,Liquidificador Kairo 823,12,83.10,true
3373,SKU-103372,Caixa Trilha 243,12,479.05,true
3374,SKU-103373,Parafusadeira Kairo 137,15,454.74,true
3375,SKU-103374,Colchão Saga 373,10,217.45,false
3376,SKU-103375,Roteador Onix 990,3,206.59,true
3377,SKU-103376,Monitor Kairo 170,16,294.85,false
3378,SKU-103377,Ventilador Nordic 710,9,421.51,true
3379,SKU-103378,Colchão Trilha 699,18,1341.80,true
3380,SKU-103379,Caixa Orbis 790,9,328.61,false
3381,SKU-103380,Roteador Lumix 543,2,205.66,true
3382,SKU-103381,Receiver Volt 966,12,243.13,true
3383,SKU-103382,Toalha Nordic 808,17,141.12,true
3384,SKU-103383,Caixa Veloce 702,2,692.11,true
3385,SKU-103384,Micro-ondas Pratic 968,15,427.09,true
3386,SKU-103385,Controle Primo 787,16,116.96,true
3387,SKU-103386,Furadeira Delta 696,18,178.62,true
3388,SKU-103387,Teclado Trilha 944,10,438.29,true
3389,SKU-103388,Televisor Mirante 965,5,258.73,true
3390,SKU-103389,Fonte Delta 917,9,279.40,true
3391,SKU-103390,SSD Volt 695,12,512.21,true
3392,SKU-103391,Secadora Kairo 507,2,807.74,true
3393,SKU-103392,Notebook Kubo 284,18,235.75,true
3394,SKU-103393,Toalha Vertex 510,16,240.97,true
3395,SKU-103394,Fonte Onix 545,18,532.39,true
3396,SKU-103395,Teclado Veloce 805,2,416.70,false
3397,SKU-103396,Estante Onix 544,6,210.94,true
3398,SKU-103397,Capa Mirante 161,12,936.33,true
3399,SKU-103398,Headphone Brava 383,12,177.38,true
3400,SKU-103399,Sofá Onix 201,13,808.86,true
3401,SKU-103400,Cafeteira Saga 731,16,205.24,true
3402,SKU-103401,Teclado Primo 742,17,566.51,true
3403,SKU-103402,Carregador Veloce 347,16,310.97,true
3404,SKU-103403,Carregador Kubo 243,15,290.74,true
3405,SKU-103404,Colchão Vertex 683,21,399.98,true
3406,SKU-103405,Cadeira Zentro 617,16,639.31,true
3407,SKU-103406,Console Delta 586,9,143.91,true
3408,SKU-103407,Impressora Astra 935,13,322.41,true
3409,SKU-103408,Notebook Nexa 266,5,133.66,true
3410,SKU-103409,Halter Zentro 303,17,274.77,true
3411,SKU-103410,Teclado Onix 986,13,423.34,true
3412,SKU-103411,Micro-ondas Vertex 655,17,481.86,true
3413,SKU-103412,Headphone Astra 377,17,399.92,true
3414,SKU-103413,Controle Primo 884,9,133.78,true
3415,SKU-103414,Secadora Primo 971,9,229.97,true
3416,SKU-103415,Notebook Trilha 871,3,360.34,true
3417,SKU-103416,Headphone Veloce 691,13,230.47,true
3418,SKU-103417,Fogão Astra 508,10,429.45,true
3419,SKU-103418,Cadeira Zentro 868,2,368.45,true
3420,SKU-103419,Cafeteira Onix 535,18,133.41,true
3421,SKU-103420,Estante Onix 624,10,358.84,true
3422,SKU-103421,Mouse Lumix 148,13,457.51,true
3423,SKU-103422,Cafeteira Zentro 898,5,470.77,true
3424,SKU-103423,Batedeira Vertex 235,16,180.70,true
3425,SKU-103424,Monitor Onix 699,13,204.25,true
3426,SKU-103425,Mouse Onix 686,7,344.63,true
3427,SKU-103426,Serra Primo 964,15,349.93,true
3428,SKU-103427,Caixa Volt 427,3,719.82,true
3429,SKU-103428,Cadeira Pratic 308,7,219.21,true
3430,SKU-103429,Mouse Zentro 170,21,380.22,true
3431,SKU-103430,Televisor Primo 469,21,683.85,true
3432,SKU-103431,Lençol Orbis 334,15,248.19,true
3433,SKU-103432,Ventilador Orbis 957,9,384.35,true
3434,SKU-103433,Esteira Brava 374,6,203.19,true
3435,SKU-103434,Notebook Delta 395,13,719.81,true
3436,SKU-103435,Roteador Onix 576,17,513.53,true
3437,SKU-103436,Desktop Brava 200,21,756.61,true
3438,SKU-103437,SSD Trilha 463,2,699.59,true
3439,SKU-103438,Geladeira Zentro 605,7,514.21,true
3440,SKU-103439,Console Vertex 415,7,100.19,false
3441,SKU-103440,Desktop Nordic 151,15,214.11,true
3442,SKU-103441,Smartphone Primo 954,18,201.41,true
3443,SKU-103442,Headphone Veloce 610,3,208.52,true
3444,SKU-103443,Estante Primo 360,10,412.33,true
3445,SKU-103444,Batedeira Volt 115,5,434.54,true
3446,SKU-103445,Cafeteira Kairo 293,17,169.84,true
3447,SKU-103446,Impressora Nexa 909,5,541.06,true
3448,SKU-103447,Batedeira Kairo 786,10,233.49,true
3449,SKU-103448,Teclado Primo 965,5,284.80,true
3450,SKU-103449,Cadeira Mirante 816,21,145.98,true
3451,SKU-103450,Smartwatch Onix 679,7,219.17,false
3452,SKU-103451,Capa Orbis 449,2,403.17,true
3453,SKU-103452,Micro-ondas Kairo 277,5,356.78,true
3454,SKU-103453,Headphone Aurora 449,5,491.53,true
3455,SKU-103454,Micro-ondas Primo 213,15,133.48,true
3456,SKU-103455,Micro-ondas Kubo 193,7,312.47,true
3457,SKU-103456,Mesa Mirante 100,7,319.05,true
3458,SKU-103457,Impressora Mirante 660,21,763.19,true
3459,SKU-103458,Cafeteira Primo 626,7,558.71,true
3460,SKU-103459,Desktop Mirante 390,6,284.33,true
3461,SKU-103460,Micro-ondas Orbis 662,3,510.80,true
3462,SKU-103461,Televisor Onix 282,15,406.95,true
3463,SKU-103462,Serra Brava 478,16,181.83,false
3464,SKU-103463,Serra Volt 803,18,705.79,true
3465,SKU-103464,Caixa Aurora 273,13,438.78,true
3466,SKU-103465,Geladeira Lumix 781,2,328.12,true
3467,SKU-103466,Esteira Orbis 541,18,167.37,true
3468,SKU-103467,Micro-ondas Nexa 693,7,127.36,true
3469,SKU-103468,SSD Aurora 435,15,271.42,true
3470,SKU-103469,Fogão Zentro 203,7,170.28,false
3471,SKU-103470,Cooler Kubo 679,17,298.66,true
3472,SKU-103471,Headphone Veloce 771,7,787.41,true
3473,SKU-103472,Mesa Pratic 589,17,374.11,true
3474,SKU-103473,Fogão Astra 253,17,291.67,true
3475,SKU-103474,Console Pratic 231,17,580.68,true
3476,SKU-103475,Jogo Orbis 329,13,325.73,true
3477,SKU-103476,Impressora Vertex 239,15,717.15,true
3478,SKU-103477,Cafeteira Brava 253,20,371.77,true
3479,SKU-103478,SSD Delta 289,13,543.14,true
3480,SKU-103479,Micro-ondas Kairo 918,20,767.89,true
3481,SKU-103480,Purificador Primo 834,12,203.95,true
3482,SKU-103481,Micro-ondas Astra 805,12,430.56,true
3483,SKU-103482,Carregador Orbis 683,6,517.20,true
3484,SKU-103483,Purificador Saga 127,17,786.10,true
3485,SKU-103484,Caixa Kairo 402,9,220.89,true
3486,SKU-103485,Fogão Delta 982,2,93.91,true
3487,SKU-103486,Cooler Orbis 853,10,72.65,true
3488,SKU-103487,Carregador Kubo 113,3,114.44,true
3489,SKU-103488,Furadeira Nordic 450,6,278.34,true
3490,SKU-103489,Soundbar Kairo 869,10,1023.61,true
3491,SKU-103490,Cadeira Volt 447,12,555.09,true
3492,SKU-103491,Bicicleta Nexa 692,16,241.08,false
3493,SKU-103492,Secadora Veloce 875,6,448.61,true
3494,SKU-103493,Sofá Pratic 616,16,611.99,false
3495,SKU-103494,Mouse Nordic 508,2,492.91,true
3496,SKU-103495,Halter Primo 896,21,487.75,true
3497,SKU-103496,Halter Kubo 197,10,834.61,true
3498,SKU-103497,Jogo Trilha 131,10,176.40,true
3499,SKU-103498,Cadeira Veloce 691,6,1117.39,false
3500,SKU-103499,Serra Kairo 417,3,298.25,true
3501,SKU-103500,Ventilador Orbis 445,20,371.18,true
3502,SKU-103501,Caixa Astra 992,21,417.67,true
3503,SKU-103502,Lençol Brava 277,21,961.65,true
3504,SKU-103503,Toalha Lumix 432,3,716.77,true
3505,SKU-103504,Ventilador Mirante 504,20,320.64,true
3506,SKU-103505,Controle Orbis 596,18,312.89,true
3507,SKU-103506,Batedeira Onix 168,3,434.85,true
3508,SKU-103507,Colchão Brava 295,7,422.97,false
3509,SKU-103508,Mesa Onix 866,3,1010.08,true
3510,SKU-103509,Ventilador Primo 520,20,77.24,true
3511,SKU-103510,Lavadora Trilha 114,6,561.23,true
3512,SKU-103511,Controle Brava 898,15,216.66,true
3513,SKU-103512,Furadeira Nordic 455,5,499.09,true
3514,SKU-103513,Smartwatch Delta 338,18,221.11,true
3515,SKU-103514,Fonte Lumix 142,16,498.95,true
3516,SKU-103515,Receiver Vertex 494,12,479.79,true
3517,SKU-103516,Colchão Nexa 983,7,418.56,true
3518,SKU-103517,Fogão Lumix 114,5,552.55,true
3519,SKU-103518,Receiver Delta 509,13,218.39,true
3520,SKU-103519,Aspirador Nordic 697,18,940.98,true
3521,SKU-103520,Carregador Orbis 525,20,52.05,true
3522,SKU-103521,Caixa Astra 562,15,191.90,true
3523,SKU-103522,Ventilador Trilha 749,10,236.15,true
3524,SKU-103523,Cadeira Trilha 210,20,687.40,true
3525,SKU-103524,Colchão Mirante 681,13,563.98,true
3526,SKU-103525,Smartphone Mirante 671,5,75.90,true
3527,SKU-103526,Cooler Astra 234,13,65.88,true
3528,SKU-103527,Cafeteira Saga 829,10,190.67,true
3529,SKU-103528,Jogo Orbis 763,17,273.00,false
3530,SKU-103529,Memória Nordic 474,18,241.51,true
3531,SKU-103530,SSD Aurora 183,6,147.09,true
3532,SKU-103531,Carregador Pratic 796,7,625.68,true
3533,SKU-103532,Carregador Vertex 456,3,458.35,true
3534,SKU-103533,Lençol Veloce 114,7,385.94,false
3535,SKU-103534,Geladeira Lumix 381,21,738.24,true
3536,SKU-103535,Cooler Vertex 412,15,241.51,true
3537,SKU-103536,Headset Nexa 819,16,151.08,true
3538,SKU-103537,Parafusadeira Delta 922,3,446.64,true
3539,SKU-103538,Mesa Zentro 653,12,369.14,false
3540,SKU-103539,Headphone Astra 394,15,608.39,true
3541,SKU-103540,Estante Nexa 834,21,204.89,true
3542,SKU-103541,Fonte Mirante 466,7,351.04,true
3543,SKU-103542,Esteira Vertex 522,9,72.34,true
3544,SKU-103543,Receiver Zentro 277,20,148.03,true
3545,SKU-103544,Cafeteira Brava 534,21,505.33,true
3546,SKU-103545,Headphone Trilha 126,15,392.90,true
3547,SKU-103546,Desktop Astra 311,12,535.90,true
3548,SKU-103547,Geladeira Lumix 238,15,334.51,true
3549,SKU-103548,Bicicleta Pratic 360,16,861.05,true
3550,SKU-103549,Micro-ondas Onix 326,12,149.91,true
3551,SKU-103550,Mesa Mirante 684,5,460.69,true
3552,SKU-103551,Teclado Delta 320,17,230.44,true
3553,SKU-103552,Mesa Kubo 486,13,810.42,true
3554,SKU-103553,Secadora Veloce 269,21,958.46,true
3555,SKU-103554,Receiver Volt 854,20,519.85,true
3556,SKU-103555,SSD Vertex 748,13,410.03,true
3557,SKU-103556,Televisor Veloce 954,7,297.07,true
3558,SKU-103557,Bicicleta Lumix 934,21,252.57,true
3559,SKU-103558,Parafusadeira Mirante 250,6,275.04,true
3560,SKU-103559,Liquidificador Nordic 679,3,486.60,true
3561,SKU-103560,Toalha Vertex 940,9,412.53,true
3562,SKU-103561,Headphone Kairo 485,3,343.75,true
3563,SKU-103562,Jogo Kairo 252,9,410.44,true
3564,SKU-103563,Carregador Orbis 555,21,432.31,true
3565,SKU-103564,Secadora Saga 329,10,305.72,true
3566,SKU-103565,Soundbar Lumix 439,2,100.93,true
3567,SKU-103566,Teclado Aurora 555,13,612.95,true
3568,SKU-103567,Esteira Mirante 445,16,66.77,true
3569,SKU-103568,Halter Nordic 326,10,285.88,true
3570,SKU-103569,Memória Trilha 864,21,282.85,true
3571,SKU-103570,Monitor Mirante 544,20,802.64,true
3572,SKU-103571,Notebook Brava 491,10,706.56,true
3573,SKU-103572,Parafusadeira Kubo 124,17,655.61,true
3574,SKU-103573,Mesa Saga 192,5,742.90,true
3575,SKU-103574,Smartphone Vertex 322,6,354.10,true
3576,SKU-103575,Caixa Delta 755,10,500.52,true
3577,SKU-103576,SSD Aurora 949,3,378.28,false
3578,SKU-103577,Esteira Zentro 955,10,643.19,true
3579,SKU-103578,Estante Delta 960,18,562.61,true
3580,SKU-103579,Furadeira Lumix 366,2,595.00,true
3581,SKU-103580,Capa Onix 407,21,181.03,true
3582,SKU-103581,Cadeira Primo 417,15,616.07,true
3583,SKU-103582,Soundbar Orbis 733,15,332.98,true
3584,SKU-103583,Ventilador Kairo 193,2,224.71,true
3585,SKU-103584,Ventilador Mirante 307,12,62.50,true
3586,SKU-103585,Fonte Brava 434,10,162.71,true
3587,SKU-103586,Smartwatch Onix 445,18,372.05,true
3588,SKU-103587,Parafusadeira Kubo 726,5,695.62,true
3589,SKU-103588,Micro-ondas Delta 708,13,141.56,true
3590,SKU-103589,Esteira Aurora 960,12,726.19,true
3591,SKU-103590,Ar-condicionado Vertex 693,3,409.75,true
3592,SKU-103591,Estante Kairo 762,20,528.64,true
3593,SKU-103592,Monitor Brava 166,13,400.64,true
3594,SKU-103593,Purificador Primo 201,6,784.11,true
3595,SKU-103594,Sofá Kubo 670,10,688.95,true
3596,SKU-103595,Liquidificador Aurora 416,16,619.43,true
3597,SKU-103596,Ar-condicionado Orbis 983,2,162.03,true
3598,SKU-103597,Carregador Lumix 291,17,353.69,true
3599,SKU-103598,Toalha Astra 955,18,330.09,true
3600,SKU-103599,Sofá Zentro 562,6,270.92,true
3601,SKU-103600,Estante Saga 471,9,186.90,true
3602,SKU-103601,Geladeira Onix 307,16,297.15,true
3603,SKU-103602,SSD Primo 249,6,338.25,true
3604,SKU-103603,Bicicleta Aurora 833,18,103.83,true
3605,SKU-103604,Cafeteira Saga 146,17,175.19,true
3606,SKU-103605,Lavadora Volt 728,3,544.56,true
3607,SKU-103606,Headset Delta 223,7,388.06,true
3608,SKU-103607,Parafusadeira Brava 627,2,507.85,true
3609,SKU-103608,Ar-condicionado Primo 595,15,220.13,true
3610,SKU-103609,Purificador Veloce 761,15,261.21,true
3611,SKU-103610,Micro-ondas Lumix 234,6,83.40,true
3612,SKU-103611,Capa Astra 749,18,531.94,true
3613,SKU-103612,Capa Vertex 982,21,393.04,true
3614,SKU-103613,Micro-ondas Kairo 701,17,501.70,true
3615,SKU-103614,Aspirador Brava 788,5,811.49,true
3616,SKU-103615,Parafusadeira Astra 590,7,167.59,true
3617,SKU-103616,Impressora Nordic 578,10,713.87,true
3618,SKU-103617,Lavadora Onix 987,5,272.41,true
3619,SKU-103618,Notebook Astra 828,9,384.46,false
3620,SKU-103619,Carregador Brava 436,13,195.03,true
3621,SKU-103620,Caixa Volt 345,6,680.20,true
3622,SKU-103621,Liquidificador Pratic 126,18,331.54,true
3623,SKU-103622,Teclado Kairo 159,9,217.14,true
3624,SKU-103623,Aspirador Vertex 597,3,784.54,true
3625,SKU-103624,Carregador Primo 833,6,224.61,true
3626,SKU-103625,Controle Aurora 265,20,454.24,true
3627,SKU-103626,Roteador Nordic 328,9,255.19,true
3628,SKU-103627,Impressora Zentro 802,16,707.81,true
3629,SKU-103628,Carregador Brava 624,7,586.23,true
3630,SKU-103629,Notebook Delta 171,20,667.59,false
3631,SKU-103630,Batedeira Delta 933,16,480.43,true
3632,SKU-103631,Micro-ondas Kairo 655,20,288.29,true
3633,SKU-103632,Purificador Orbis 763,9,237.55,true
3634,SKU-103633,Capa Saga 120,5,130.43,true
3635,SKU-103634,Lençol Vertex 760,2,375.14,true
3636,SKU-103635,Memória Saga 310,3,421.27,true
3637,SKU-103636,Lavadora Astra 898,10,251.02,true
3638,SKU-103637,Fogão Nexa 283,3,134.81,true
3639,SKU-103638,Smartwatch Mirante 888,16,634.58,true
3640,SKU-103639,Receiver Veloce 703,9,670.92,true
3641,SKU-103640,Serra Nexa 485,12,393.22,false
3642,SKU-103641,Batedeira Zentro 838,12,290.77,true
3643,SKU-103642,Esteira Kubo 126,16,130.23,true
3644,SKU-103643,Roteador Lumix 761,7,263.87,true
3645,SKU-103644,Mouse Onix 982,2,391.07,true
3646,SKU-103645,SSD Brava 690,13,80.62,true
3647,SKU-103646,Lençol Kairo 404,20,573.71,true
3648,SKU-103647,Fogão Mirante 260,12,276.94,true
3649,SKU-103648,Aspirador Volt 776,7,353.81,true
3650,SKU-103649,Secadora Vertex 311,17,582.86,false
3651,SKU-103650,Batedeira Volt 651,18,208.31,true
3652,SKU-103651,Desktop Lumix 122,7,162.13,true
3653,SKU-103652,Capa Aurora 714,10,445.05,true
3654,SKU-103653,Estante Nordic 962,17,662.64,true
3655,SKU-103654,Fonte Nexa 712,18,1080.98,true
3656,SKU-103655,Toalha Lumix 621,15,84.40,true
3657,SKU-103656,Micro-ondas Veloce 604,15,1166.93,true
3658,SKU-103657,Desktop Nexa 308,18,618.66,true
3659,SKU-103658,Fogão Saga 589,17,164.52,true
3660,SKU-103659,Aspirador Primo 227,10,368.28,true
3661,SKU-103660,Mouse Onix 224,13,201.04,true
3662,SKU-103661,Toalha Primo 738,17,566.87,true
3663,SKU-103662,Impressora Mirante 816,18,116.91,false
3664,SKU-103663,Mouse Lumix 475,20,543.06,true
3665,SKU-103664,Capa Volt 280,5,287.82,true
3666,SKU-103665,Console Nexa 245,13,663.89,true
3667,SKU-103666,Lavadora Nexa 879,7,377.36,true
3668,SKU-103667,Esteira Vertex 324,21,723.42,true
3669,SKU-103668,Lavadora Nordic 304,15,382.70,true
3670,SKU-103669,Toalha Zentro 659,13,137.27,true
3671,SKU-103670,Purificador Saga 203,12,467.17,true
3672,SKU-103671,Soundbar Aurora 827,9,263.49,true
3673,SKU-103672,Furadeira Aurora 296,3,428.42,true
3674,SKU-103673,Mesa Kubo 844,9,336.95,true
3675,SKU-103674,Colchão Kairo 934,7,316.60,true
3676,SKU-103675,Desktop Pratic 210,12,111.27,true
3677,SKU-103676,Cafeteira Kairo 310,6,562.99,true
3678,SKU-103677,Secadora Orbis 955,3,303.77,true
3679,SKU-103678,Batedeira Astra 476,2,220.18,true
3680,SKU-103679,Batedeira Lumix 138,10,1687.99,true
3681,SKU-103680,Micro-ondas Astra 632,9,536.08,true
3682,SKU-103681,Bicicleta Zentro 970,2,530.42,true
3683,SKU-103682,Furadeira Zentro 144,6,799.47,true
3684,SKU-103683,Memória Primo 561,10,378.74,true
3685,SKU-103684,Caixa Aurora 461,6,304.60,true
3686,SKU-103685,Parafusadeira Astra 348,7,367.75,true
3687,SKU-103686,Memória Nordic 940,15,874.21,true
3688,SKU-103687,Esteira Kubo 309,17,636.43,true
3689,SKU-103688,Liquidificador Volt 155,21,369.11,true
3690,SKU-103689,Smartphone Delta 125,16,80.81,true
3691,SKU-103690,Toalha Mirante 182,9,385.18,true
3692,SKU-103691,Teclado Lumix 114,13,190.85,true
3693,SKU-103692,Geladeira Delta 584,3,198.13,true
3694,SKU-103693,Notebook Trilha 510,10,527.11,true
3695,SKU-103694,Sofá Primo 494,12,167.20,true
3696,SKU-103695,Lavadora Zentro 543,20,250.45,true
3697,SKU-103696,Memória Zentro 389,21,887.96,true
3698,SKU-103697,Console Veloce 277,6,513.73,true
3699,SKU-103698,Jogo Astra 365,6,177.68,false
3700,SKU-103699,Televisor Pratic 977,20,1212.88,true
3701,SKU-103700,Batedeira Orbis 244,2,239.58,true
3702,SKU-103701,Roteador Onix 771,5,361.49,true
3703,SKU-103702,Monitor Delta 160,5,241.12,true
3704,SKU-103703,Estante Volt 103,5,239.71,true
3705,SKU-103704,Caixa Onix 702,7,343.39,true
3706,SKU-103705,Fone Onix 747,18,1183.96,true
3707,SKU-103706,Capa Aurora 314,9,551.98,true
3708,SKU-103707,Roteador Veloce 785,7,735.25,true
3709,SKU-103708,Lavadora Trilha 399,13,363.87,true
3710,SKU-103709,Cafeteira Lumix 222,7,137.98,false
3711,SKU-103710,Fonte Kubo 943,10,267.15,false
3712,SKU-103711,Geladeira Nordic 252,6,999.99,true
3713,SKU-103712,Mouse Brava 950,15,296.68,true
3714,SKU-103713,Toalha Volt 824,10,640.64,true
3715,SKU-103714,Furadeira Trilha 200,7,152.16,true
3716,SKU-103715,Mesa Onix 409,6,243.39,true
3717,SKU-103716,Console Saga 280,20,1283.73,true
3718,SKU-103717,Liquidificador Lumix 993,20,283.94,true
3719,SKU-103718,Esteira Saga 726,20,336.06,true
3720,SKU-103719,Headphone Primo 478,21,271.66,true
3721,SKU-103720,Caixa Pratic 892,9,970.41,true
3722,SKU-103721,Fone Orbis 557,16,637.65,true
3723,SKU-103722,Micro-ondas Zentro 235,13,93.69,true
3724,SKU-103723,Geladeira Vertex 622,3,272.43,true
3725,SKU-103724,Liquidificador Saga 166,13,366.10,true
3726,SKU-103725,Monitor Zentro 514,9,226.85,true
3727,SKU-103726,Fonte Aurora 672,13,911.56,true
3728,SKU-103727,Caixa Volt 749,16,272.72,true
3729,SKU-103728,Smartwatch Volt 535,3,298.86,true
3730,SKU-103729,Furadeira Primo 804,15,222.39,true
3731,SKU-103730,Lavadora Trilha 412,7,182.15,false
3732,SKU-103731,Halter Kubo 714,6,708.70,true
3733,SKU-103732,Fogão Volt 124,18,382.43,true
3734,SKU-103733,Cooler Trilha 327,16,410.24,true
3735,SKU-103734,Cooler Astra 542,2,149.94,true
3736,SKU-103735,Ventilador Kubo 762,7,628.06,true
3737,SKU-103736,Estante Aurora 684,18,343.79,true
3738,SKU-103737,Smartwatch Trilha 352,12,345.95,true
3739,SKU-103738,Carregador Lumix 252,7,270.71,true
3740,SKU-103739,Cooler Veloce 703,13,625.10,true
3741,SKU-103740,Halter Volt 232,16,47.25,true
3742,SKU-103741,Capa Volt 185,9,465.84,true
3743,SKU-103742,Colchão Nexa 500,16,133.01,true
3744,SKU-103743,Sofá Veloce 724,9,692.92,true
3745,SKU-103744,Lençol Lumix 259,12,209.80,true
3746,SKU-103745,Carregador Aurora 355,3,172.93,true
3747,SKU-103746,Desktop Volt 683,10,1026.40,true
3748,SKU-103747,Geladeira Brava 815,7,467.76,true
3749,SKU-103748,Geladeira Aurora 643,13,117.11,true
3750,SKU-103749,Aspirador Mirante 556,2,505.64,true
3751,SKU-103750,Roteador Mirante 326,6,144.43,true
3752,SKU-103751,Colchão Veloce 173,5,533.97,true
3753,SKU-103752,Headphone Pratic 551,2,264.05,true
3754,SKU-103753,Caixa Brava 285,10,846.95,true
3755,SKU-103754,Cadeira Volt 684,6,333.39,true
3756,SKU-103755,Monitor Onix 514,5,1003.56,true
3757,SKU-103756,Liquidificador Volt 322,15,615.98,true
3758,SKU-103757,Notebook Vertex 934,16,362.16,true
3759,SKU-103758,Carregador Lumix 251,7,551.91,true
3760,SKU-103759,Parafusadeira Trilha 502,12,957.43,true
3761,SKU-103760,Parafusadeira Brava 934,13,358.12,true
3762,SKU-103761,Carregador Zentro 930,10,1120.45,true
3763,SKU-103762,SSD Brava 962,3,151.03,true
3764,SKU-103763,Televisor Primo 800,2,407.84,true
3765,SKU-103764,Fogão Mirante 604,17,721.16,true
3766,SKU-103765,Caixa Onix 525,2,140.51,true
3767,SKU-103766,Desktop Lumix 948,10,185.37,true
3768,SKU-103767,Roteador Kubo 780,5,661.85,true
3769,SKU-103768,Cooler Veloce 352,5,501.43,true
3770,SKU-103769,Bicicleta Aurora 780,10,268.26,false
3771,SKU-103770,Roteador Onix 748,17,319.79,true
3772,SKU-103771,Teclado Zentro 597,9,327.47,true
3773,SKU-103772,SSD Vertex 734,12,802.84,false
3774,SKU-103773,Serra Onix 884,2,757.52,true
3775,SKU-103774,Desktop Primo 238,21,229.48,true
3776,SKU-103775,Monitor Vertex 339,20,480.78,false
3777,SKU-103776,Batedeira Brava 638,18,199.17,true
3778,SKU-103777,Ar-condicionado Nordic 202,13,85.59,true
3779,SKU-103778,Cooler Zentro 770,12,207.61,true
3780,SKU-103779,Sofá Kubo 774,17,477.60,true
3781,SKU-103780,Console Aurora 751,15,267.63,true
3782,SKU-103781,Fogão Kairo 134,12,342.41,true
3783,SKU-103782,Esteira Zentro 281,6,126.44,true
3784,SKU-103783,Batedeira Volt 806,12,429.02,true
3785,SKU-103784,SSD Kubo 173,9,683.54,true
3786,SKU-103785,SSD Vertex 540,16,944.92,true
3787,SKU-103786,Halter Kairo 600,21,236.13,true
3788,SKU-103787,Roteador Delta 198,6,169.21,true
3789,SKU-103788,Televisor Orbis 743,10,534.11,true
3790,SKU-103789,Secadora Veloce 472,17,336.76,true
3791,SKU-103790,Mouse Veloce 791,17,342.15,true
3792,SKU-103791,Estante Brava 373,20,260.45,true
3793,SKU-103792,Console Nexa 963,18,617.77,true
3794,SKU-103793,Toalha Brava 300,21,215.44,true
3795,SKU-103794,Secadora Onix 957,16,583.56,true
3796,SKU-103795,Secadora Kubo 960,5,554.88,true
3797,SKU-103796,Console Saga 746,10,239.86,true
3798,SKU-103797,Headphone Zentro 997,12,167.90,true
3799,SKU-103798,Fogão Delta 155,5,302.85,true
3800,SKU-103799,Caixa Astra 200,18,446.47,true
3801,SKU-103800,Soundbar Nexa 524,7,524.24,true
3802,SKU-103801,Monitor Mirante 116,6,82.72,true
3803,SKU-103802,Receiver Trilha 664,13,393.98,true
3804,SKU-103803,Headset Zentro 371,7,91.11,true
3805,SKU-103804,Serra Veloce 648,18,239.67,true
3806,SKU-103805,Toalha Onix 497,9,449.52,true
3807,SKU-103806,Toalha Mirante 236,9,68.87,true
3808,SKU-103807,Caixa Vertex 298,17,293.04,true
3809,SKU-103808,Soundbar Astra 721,21,123.23,true
3810,SKU-103809,Headphone Onix 246,16,747.22,true
3811,SKU-103810,Impressora Veloce 344,15,790.60,true
3812,SKU-103811,Roteador Delta 800,3,401.12,true
3813,SKU-103812,Memória Pratic 797,5,749.35,true
3814,SKU-103813,Liquidificador Orbis 811,13,381.24,true
3815,SKU-103814,Mesa Kairo 415,18,455.81,true
3816,SKU-103815,SSD Mirante 912,17,315.90,true
3817,SKU-103816,Impressora Primo 671,15,197.66,true
3818,SKU-103817,Lavadora Orbis 993,2,860.70,true
3819,SKU-103818,Fogão Veloce 177,6,304.38,true
3820,SKU-103819,Secadora Mirante 523,15,152.31,true
3821,SKU-103820,Ventilador Primo 954,21,463.65,true
3822,SKU-103821,Esteira Nordic 928,18,584.88,true
3823,SKU-103822,Halter Trilha 755,12,202.77,true
3824,SKU-103823,Estante Brava 693,13,245.01,true
3825,SKU-103824,Smartwatch Delta 140,20,165.72,true
3826,SKU-103825,Smartphone Orbis 984,16,114.96,true
3827,SKU-103826,Sofá Brava 332,13,319.40,false
3828,SKU-103827,Ar-condicionado Veloce 342,2,263.22,true
3829,SKU-103828,Fone Veloce 694,21,449.00,true
3830,SKU-103829,Smartphone Volt 277,20,549.41,true
3831,SKU-103830,Teclado Saga 551,6,450.01,true
3832,SKU-103831,Purificador Primo 354,10,469.17,true
3833,SKU-103832,Parafusadeira Nordic 855,7,516.99,true
3834,SKU-103833,Ventilador Mirante 425,15,639.69,true
3835,SKU-103834,Ar-condicionado Zentro 266,3,425.18,true
3836,SKU-103835,Receiver Nexa 784,6,491.73,true
3837,SKU-103836,Batedeira Veloce 835,3,265.92,true
3838,SKU-103837,Televisor Volt 630,15,1452.44,true
3839,SKU-103838,Smartphone Aurora 451,3,530.43,true
3840,SKU-103839,Receiver Volt 718,3,225.75,true
3841,SKU-103840,Mesa Lumix 156,7,245.34,true
3842,SKU-103841,Colchão Volt 244,20,375.62,true
3843,SKU-103842,Impressora Brava 456,6,309.55,true
3844,SKU-103843,Cafeteira Mirante 412,10,190.19,true
3845,SKU-103844,Geladeira Mirante 554,7,676.64,true
3846,SKU-103845,Memória Onix 481,5,141.77,true
3847,SKU-103846,Soundbar Nexa 918,10,362.34,true
3848,SKU-103847,Ventilador Pratic 492,12,197.01,true
3849,SKU-103848,Caixa Zentro 355,2,352.68,true
3850,SKU-103849,Colchão Nexa 404,12,256.39,true
3851,SKU-103850,Sofá Nordic 887,7,272.37,true
3852,SKU-103851,Desktop Delta 640,17,968.68,true
3853,SKU-103852,Capa Mirante 739,18,372.49,true
3854,SKU-103853,Smartphone Orbis 962,20,382.72,true
3855,SKU-103854,Colchão Trilha 246,7,137.87,true
3856,SKU-103855,Micro-ondas Aurora 995,16,287.84,true
3857,SKU-103856,Toalha Onix 247,2,273.67,true
3858,SKU-103857,Console Aurora 123,2,365.74,true
3859,SKU-103858,Controle Nexa 684,16,430.61,true
3860,SKU-103859,Console Veloce 775,5,150.06,true
3861,SKU-103860,Cafeteira Astra 483,21,485.97,true
3862,SKU-103861,Cooler Saga 996,7,452.64,true
3863,SKU-103862,Parafusadeira Pratic 849,15,161.58,true
3864,SKU-103863,Micro-ondas Vertex 600,18,374.53,false
3865,SKU-103864,Jogo Pratic 635,5,294.73,true
3866,SKU-103865,SSD Nexa 399,20,109.63,true
3867,SKU-103866,Geladeira Brava 295,20,205.79,true
3868,SKU-103867,Headphone Delta 602,20,186.75,true
3869,SKU-103868,Esteira Volt 855,12,296.47,true
3870,SKU-103869,Ventilador Kairo 440,5,254.09,true
3871,SKU-103870,Halter Kairo 468,10,1088.21,true
3872,SKU-103871,Teclado Trilha 845,18,356.87,true
3873,SKU-103872,Micro-ondas Mirante 146,10,298.06,true
3874,SKU-103873,Fogão Kairo 810,10,392.52,true
3875,SKU-103874,Desktop Orbis 919,9,217.18,true
3876,SKU-103875,Fogão Astra 630,17,701.67,true
3877,SKU-103876,Bicicleta Saga 311,16,845.34,true
3878,SKU-103877,Ar-condicionado Kairo 269,7,989.89,true
3879,SKU-103878,Cafeteira Brava 729,17,254.88,true
3880,SKU-103879,Mesa Delta 816,13,525.53,true
3881,SKU-103880,Estante Vertex 928,10,229.43,true
3882,SKU-103881,Soundbar Veloce 910,7,418.99,true
3883,SKU-103882,Headphone Delta 240,16,623.61,true
3884,SKU-103883,Estante Nexa 431,6,474.39,true
3885,SKU-103884,Micro-ondas Kubo 572,10,491.95,true
3886,SKU-103885,Purificador Pratic 221,17,605.75,true
3887,SKU-103886,Notebook Pratic 966,5,175.89,true
3888,SKU-103887,Soundbar Kubo 501,13,295.84,true
3889,SKU-103888,Estante Volt 355,15,312.54,true
3890,SKU-103889,Fone Mirante 595,5,315.46,true
3891,SKU-103890,Lavadora Kubo 582,6,539.37,true
3892,SKU-103891,Batedeira Brava 763,12,151.97,true
3893,SKU-103892,Colchão Veloce 130,7,1134.71,true
3894,SKU-103893,Cafeteira Zentro 509,6,656.33,true
3895,SKU-103894,Secadora Zentro 766,3,1045.10,true
3896,SKU-103895,Cadeira Vertex 253,17,1000.04,true
3897,SKU-103896,Toalha Brava 481,6,443.20,false
3898,SKU-103897,Colchão Mirante 731,18,462.85,true
3899,SKU-103898,Batedeira Delta 843,13,296.25,true
3900,SKU-103899,Ventilador Lumix 673,16,855.50,true
3901,SKU-103900,Notebook Kubo 289,16,747.52,true
3902,SKU-103901,Liquidificador Mirante 162,18,502.37,true
3903,SKU-103902,Receiver Aurora 234,5,369.43,true
3904,SKU-103903,Impressora Nordic 689,15,1331.88,true
3905,SKU-103904,Esteira Orbis 697,5,843.59,true
3906,SKU-103905,Notebook Delta 757,5,259.65,true
3907,SKU-103906,Mouse Orbis 186,12,300.58,true
3908,SKU-103907,Controle Mirante 451,12,718.82,true
3909,SKU-103908,Mesa Delta 965,21,276.83,true
3910,SKU-103909,Cooler Nexa 743,20,722.79,true
3911,SKU-103910,Receiver Lumix 864,16,505.82,true
3912,SKU-103911,Impressora Astra 227,16,101.22,true
3913,SKU-103912,Lavadora Nordic 465,5,773.52,true
3914,SKU-103913,Halter Vertex 255,12,643.96,true
3915,SKU-103914,SSD Zentro 125,15,396.00,true
3916,SKU-103915,Micro-ondas Veloce 508,9,625.97,true
3917,SKU-103916,Geladeira Lumix 443,15,424.57,true
3918,SKU-103917,Micro-ondas Primo 828,16,287.01,true
3919,SKU-103918,Fone Zentro 211,16,701.38,true
3920,SKU-103919,Furadeira Lumix 291,10,310.92,true
3921,SKU-103920,Aspirador Veloce 741,12,1108.93,true
3922,SKU-103921,Fonte Delta 133,13,605.15,true
3923,SKU-103922,Cooler Orbis 740,20,335.21,true
3924,SKU-103923,Serra Aurora 679,3,195.74,true
3925,SKU-103924,Monitor Volt 290,20,286.32,true
3926,SKU-103925,Mouse Kubo 467,7,566.72,true
3927,SKU-103926,Purificador Nordic 113,6,278.84,true
3928,SKU-103927,Jogo Orbis 792,7,327.75,true
3929,SKU-103928,Smartphone Onix 730,10,325.80,true
3930,SKU-103929,Geladeira Orbis 594,17,505.94,true
3931,SKU-103930,Aspirador Onix 573,21,522.15,true
3932,SKU-103931,Ar-condicionado Volt 847,17,109.00,true
3933,SKU-103932,Fonte Astra 865,3,138.22,true
3934,SKU-103933,Notebook Nordic 566,13,192.05,true
3935,SKU-103934,Lavadora Brava 460,12,255.59,true
3936,SKU-103935,Aspirador Zentro 431,18,256.07,true
3937,SKU-103936,Esteira Aurora 135,6,245.78,true
3938,SKU-103937,Televisor Primo 383,2,284.36,true
3939,SKU-103938,Sofá Nexa 460,2,350.72,false
3940,SKU-103939,Fogão Mirante 852,15,397.78,true
3941,SKU-103940,Smartphone Saga 199,5,220.82,false
3942,SKU-103941,Furadeira Lumix 761,13,398.25,true
3943,SKU-103942,Capa Pratic 879,13,660.32,true
3944,SKU-103943,Furadeira Kubo 895,6,532.52,false
3945,SKU-103944,Smartwatch Nordic 642,18,220.07,false
3946,SKU-103945,Mesa Zentro 380,9,493.76,true
3947,SKU-103946,Notebook Primo 879,12,320.55,true
3948,SKU-103947,Geladeira Zentro 541,2,911.98,true
3949,SKU-103948,Soundbar Veloce 854,12,761.76,true
3950,SKU-103949,Televisor Lumix 214,6,731.55,true
3951,SKU-103950,SSD Zentro 425,2,319.07,false
3952,SKU-103951,Fonte Astra 797,18,309.46,false
3953,SKU-103952,Aspirador Nexa 343,3,125.45,true
3954,SKU-103953,Headset Mirante 193,15,650.67,true
3955,SKU-103954,Ar-condicionado Primo 167,7,344.52,true
3956,SKU-103955,Serra Vertex 715,6,566.35,true
3957,SKU-103956,Micro-ondas Volt 369,13,113.80,true
3958,SKU-103957,Ventilador Kairo 670,2,154.03,true
3959,SKU-103958,SSD Brava 130,10,650.34,true
3960,SKU-103959,Serra Onix 650,12,601.07,true
3961,SKU-103960,Aspirador Saga 446,10,471.81,true
3962,SKU-103961,Aspirador Pratic 105,12,537.11,true
3963,SKU-103962,Furadeira Astra 352,16,688.93,true
3964,SKU-103963,Cafeteira Brava 469,20,369.30,true
3965,SKU-103964,Smartwatch Nexa 119,5,184.93,true
3966,SKU-103965,Smartwatch Astra 493,5,372.41,false
3967,SKU-103966,Parafusadeira Volt 995,7,299.97,true
3968,SKU-103967,Fogão Saga 606,2,419.02,true
3969,SKU-103968,Geladeira Volt 300,10,92.62,true
3970,SKU-103969,Batedeira Zentro 458,12,301.43,false
3971,SKU-103970,Monitor Orbis 486,2,458.01,true
3972,SKU-103971,Fone Volt 199,18,295.24,true
3973,SKU-103972,Impressora Lumix 944,3,555.36,true
3974,SKU-103973,Fone Nexa 296,21,577.41,true
3975,SKU-103974,Soundbar Mirante 350,10,247.51,true
3976,SKU-103975,Smartphone Astra 766,3,583.29,true
3977,SKU-103976,Aspirador Nordic 163,9,242.40,true
3978,SKU-103977,Controle Saga 958,3,237.17,true
3979,SKU-103978,Secadora Veloce 293,16,389.14,true
3980,SKU-103979,Impressora Nordic 681,5,551.09,true
3981,SKU-103980,Colchão Brava 339,15,275.56,true
3982,SKU-103981,Lavadora Nexa 609,3,592.05,true
3983,SKU-103982,Fonte Volt 924,17,322.59,true
3984,SKU-103983,Parafusadeira Onix 444,2,260.37,true
3985,SKU-103984,Roteador Orbis 322,13,77.65,true
3986,SKU-103985,Aspirador Veloce 646,13,635.94,true
3987,SKU-103986,Lavadora Veloce 802,21,471.96,true
3988,SKU-103987,Geladeira Nordic 135,9,230.80,true
3989,SKU-103988,Televisor Trilha 232,18,641.87,true
3990,SKU-103989,Receiver Nexa 638,2,648.58,true
3991,SKU-103990,Estante Zentro 407,18,770.87,true
3992,SKU-103991,Capa Onix 329,3,120.31,true
3993,SKU-103992,Lavadora Primo 212,7,732.29,true
3994,SKU-103993,Notebook Kubo 675,18,683.78,true
3995,SKU-103994,Fonte Kubo 836,13,693.70,true
3996,SKU-103995,Soundbar Zentro 929,9,262.57,true
3997,SKU-103996,Monitor Lumix 246,7,76.86,false
3998,SKU-103997,Batedeira Trilha 225,21,382.69,true
3999,SKU-103998,Secadora Nordic 682,3,301.52,true
4000,SKU-103999,Jogo Nexa 583,21,214.39,true
4001,SKU-104000,Soundbar Orbis 556,15,274.94,true
4002,SKU-104001,Fone Onix 643,3,115.62,true
4003,SKU-104002,Jogo Kairo 313,16,232.08,true
4004,SKU-104003,Carregador Brava 709,2,332.47,true
4005,SKU-104004,Carregador Nexa 488,21,456.39,true
4006,SKU-104005,Parafusadeira Veloce 428,12,687.97,true
4007,SKU-104006,Fone Vertex 548,2,827.05,true
4008,SKU-104007,Batedeira Trilha 425,18,94.50,true
4009,SKU-104008,Headset Astra 350,12,487.53,true
4010,SKU-104009,Bicicleta Primo 406,5,503.70,true
4011,SKU-104010,Geladeira Pratic 541,15,310.24,true
4012,SKU-104011,Micro-ondas Mirante 865,5,241.94,true
4013,SKU-104012,Colchão Saga 868,5,285.30,true
4014,SKU-104013,Televisor Aurora 168,13,990.43,true
4015,SKU-104014,SSD Nordic 401,9,131.85,true
4016,SKU-104015,Console Kubo 547,17,251.69,true
4017,SKU-104016,Smartwatch Aurora 624,18,444.72,true
4018,SKU-104017,Cafeteira Nexa 497,16,161.74,true
4019,SKU-104018,Smartphone Astra 435,18,227.76,false
4020,SKU-104019,Serra Orbis 245,7,158.20,true
4021,SKU-104020,Furadeira Nordic 797,16,286.45,true
4022,SKU-104021,Colchão Kairo 906,16,229.20,true
4023,SKU-104022,Receiver Mirante 129,20,423.58,false
4024,SKU-104023,Roteador Saga 632,9,218.31,true
4025,SKU-104024,Toalha Zentro 702,10,375.90,true
4026,SKU-104025,Esteira Nordic 641,3,556.45,true
4027,SKU-104026,Ar-condicionado Brava 799,5,197.98,true
4028,SKU-104027,Halter Vertex 216,12,304.48,true
4029,SKU-104028,Smartphone Volt 813,9,447.57,true
4030,SKU-104029,Mesa Onix 866,18,194.92,true
4031,SKU-104030,Monitor Nexa 319,17,260.47,true
4032,SKU-104031,Serra Aurora 823,5,237.36,true
4033,SKU-104032,Capa Volt 214,17,526.31,true
4034,SKU-104033,Roteador Zentro 653,18,453.69,true
4035,SKU-104034,Cadeira Brava 356,20,340.51,true
4036,SKU-104035,Teclado Lumix 118,6,649.98,true
4037,SKU-104036,Desktop Lumix 150,18,401.53,true
4038,SKU-104037,Smartphone Vertex 875,21,618.34,true
4039,SKU-104038,Secadora Trilha 414,6,80.19,true
4040,SKU-104039,Impressora Primo 622,5,374.54,true
4041,SKU-104040,Impressora Delta 726,10,168.24,true
4042,SKU-104041,Mesa Nexa 466,6,396.50,true
4043,SKU-104042,Caixa Pratic 912,15,139.81,true
4044,SKU-104043,Smartphone Pratic 824,21,258.38,true
4045,SKU-104044,Soundbar Mirante 816,18,442.81,true
4046,SKU-104045,Toalha Volt 209,20,372.49,false
4047,SKU-104046,Notebook Delta 274,7,419.74,false
4048,SKU-104047,Caixa Pratic 565,10,658.28,true
4049,SKU-104048,Smartwatch Astra 654,20,567.08,true
4050,SKU-104049,Fogão Orbis 320,12,1142.43,true
4051,SKU-104050,Console Astra 406,9,156.89,true
4052,SKU-104051,Mesa Kubo 229,5,309.16,true
4053,SKU-104052,Teclado Trilha 545,5,666.93,true
4054,SKU-104053,Impressora Kairo 301,17,328.13,true
4055,SKU-104054,Lavadora Orbis 590,5,503.06,true
4056,SKU-104055,Purificador Trilha 188,10,604.97,true
4057,SKU-104056,Batedeira Zentro 973,18,140.69,true
4058,SKU-104057,Memória Zentro 438,21,378.51,true
4059,SKU-104058,Lavadora Vertex 181,6,268.50,true
4060,SKU-104059,Micro-ondas Delta 117,5,230.09,true
4061,SKU-104060,Teclado Lumix 901,18,436.69,true
4062,SKU-104061,Lençol Mirante 354,20,88.13,false
4063,SKU-104062,Fonte Nordic 321,7,558.06,true
4064,SKU-104063,Headset Veloce 647,10,384.60,true
4065,SKU-104064,Teclado Astra 290,16,117.07,true
4066,SKU-104065,SSD Saga 796,16,263.01,true
4067,SKU-104066,Soundbar Zentro 994,17,217.47,true
4068,SKU-104067,Geladeira Pratic 550,15,428.08,true
4069,SKU-104068,Fogão Brava 968,17,123.08,true
4070,SKU-104069,Ventilador Kairo 242,3,301.82,true
4071,SKU-104070,Memória Brava 270,6,490.89,true
4072,SKU-104071,SSD Saga 869,16,183.01,true
4073,SKU-104072,Headset Veloce 485,7,292.37,true
4074,SKU-104073,SSD Saga 612,17,97.73,true
4075,SKU-104074,Caixa Kairo 101,21,1677.64,true
4076,SKU-104075,Halter Nordic 882,16,303.95,true
4077,SKU-104076,Roteador Kairo 870,12,531.00,true
4078,SKU-104077,Soundbar Trilha 969,6,273.77,true
4079,SKU-104078,Headphone Onix 910,9,463.32,true
4080,SKU-104079,Ventilador Vertex 585,7,263.33,true
4081,SKU-104080,Notebook Onix 585,20,328.54,true
4082,SKU-104081,Notebook Saga 654,5,574.59,true
4083,SKU-104082,Liquidificador Zentro 399,2,624.11,true
4084,SKU-104083,Carregador Primo 444,20,190.38,true
4085,SKU-104084,Carregador Nordic 553,20,97.64,true
4086,SKU-104085,Colchão Veloce 791,7,334.79,true
4087,SKU-104086,Cafeteira Trilha 276,16,321.05,true
4088,SKU-104087,Halter Zentro 768,17,372.29,true
4089,SKU-104088,Desktop Delta 315,10,720.13,true
4090,SKU-104089,Cafeteira Brava 776,5,503.10,true
4091,SKU-104090,Halter Vertex 686,13,149.49,true
4092,SKU-104091,Toalha Kairo 547,2,675.07,true
4093,SKU-104092,Geladeira Kairo 533,5,424.35,true
4094,SKU-104093,Esteira Mirante 406,12,325.72,true
4095,SKU-104094,Receiver Zentro 364,5,574.90,true
4096,SKU-104095,Aspirador Veloce 567,10,167.27,false
4097,SKU-104096,Jogo Astra 698,20,877.75,true
4098,SKU-104097,Monitor Nordic 156,13,114.34,true
4099,SKU-104098,Micro-ondas Veloce 642,16,391.69,true
4100,SKU-104099,Headset Nordic 540,18,299.93,true
4101,SKU-104100,Monitor Kubo 620,9,114.33,true
4102,SKU-104101,Batedeira Delta 423,6,741.77,false
4103,SKU-104102,Cafeteira Nexa 500,3,297.16,false
4104,SKU-104103,Mesa Brava 443,3,263.38,true
4105,SKU-104104,Lençol Brava 206,6,241.82,true
4106,SKU-104105,Fogão Trilha 102,3,408.88,true
4107,SKU-104106,Mouse Veloce 209,18,305.70,false
4108,SKU-104107,Batedeira Orbis 302,15,298.26,true
4109,SKU-104108,Receiver Lumix 569,15,312.38,false
4110,SKU-104109,Geladeira Onix 734,18,362.58,true
4111,SKU-104110,Memória Astra 769,20,858.14,true
4112,SKU-104111,Headset Mirante 944,12,413.93,true
4113,SKU-104112,Cadeira Lumix 200,12,1051.86,true
4114,SKU-104113,Aspirador Mirante 491,10,187.29,true
4115,SKU-104114,Geladeira Saga 210,3,328.55,true
4116,SKU-104115,Halter Kubo 525,10,57.63,true
4117,SKU-104116,Lençol Nexa 804,3,592.28,true
4118,SKU-104117,Smartphone Mirante 789,12,323.58,false
4119,SKU-104118,Lençol Mirante 335,6,334.28,true
4120,SKU-104119,Toalha Astra 701,2,212.71,true
4121,SKU-104120,Carregador Aurora 337,12,176.18,true
4122,SKU-104121,Soundbar Kubo 328,3,335.29,true
4123,SKU-104122,Jogo Astra 962,10,131.65,true
4124,SKU-104123,Halter Delta 954,5,193.95,true
4125,SKU-104124,Cooler Primo 405,18,501.00,true
4126,SKU-104125,Soundbar Volt 400,6,447.02,false
4127,SKU-104126,Memória Vertex 780,9,268.89,true
4128,SKU-104127,Console Astra 855,17,612.74,true
4129,SKU-104128,Fone Lumix 923,10,199.91,true
4130,SKU-104129,Serra Veloce 242,16,137.31,true
4131,SKU-104130,Micro-ondas Onix 434,6,480.27,true
4132,SKU-104131,Esteira Kubo 938,13,376.18,true
4133,SKU-104132,Monitor Kubo 722,21,442.04,false
4134,SKU-104133,Mouse Trilha 879,18,462.25,true
4135,SKU-104134,Halter Veloce 728,10,357.42,true
4136,SKU-104135,Toalha Volt 889,18,246.02,false
4137,SKU-104136,Smartwatch Delta 951,12,399.79,true
4138,SKU-104137,Furadeira Delta 581,9,861.99,true
4139,SKU-104138,Ar-condicionado Kairo 882,10,489.97,true
4140,SKU-104139,Bicicleta Zentro 318,21,315.33,false
4141,SKU-104140,Console Pratic 375,17,198.05,true
4142,SKU-104141,Televisor Delta 450,3,424.43,true
4143,SKU-104142,Estante Onix 934,20,307.28,true
4144,SKU-104143,Teclado Delta 388,2,146.55,true
4145,SKU-104144,Geladeira Aurora 176,7,107.58,true
4146,SKU-104145,Televisor Onix 893,17,245.91,true
4147,SKU-104146,Estante Brava 884,20,122.38,true
4148,SKU-104147,Cafeteira Zentro 545,13,1104.91,true
4149,SKU-104148,Mesa Brava 694,5,307.15,true
4150,SKU-104149,Furadeira Kubo 458,6,327.26,true
4151,SKU-104150,Soundbar Trilha 645,9,823.74,true
4152,SKU-104151,Secadora Kubo 648,2,317.42,true
4153,SKU-104152,Jogo Orbis 802,2,97.03,true
4154,SKU-104153,Esteira Lumix 263,13,647.68,true
4155,SKU-104154,Monitor Pratic 826,10,681.79,true
4156,SKU-104155,Lavadora Nexa 164,20,1007.80,false
4157,SKU-104156,SSD Nordic 382,2,523.38,true
4158,SKU-104157,Smartphone Nexa 880,7,154.96,true
4159,SKU-104158,Impressora Zentro 509,10,560.99,true
4160,SKU-104159,Headset Mirante 356,18,579.58,true
4161,SKU-104160,Ar-condicionado Volt 906,15,220.40,true
4162,SKU-104161,Sofá Orbis 334,13,350.02,true
4163,SKU-104162,Fogão Brava 684,3,569.22,true
4164,SKU-104163,Fogão Kubo 831,13,800.13,true
4165,SKU-104164,Colchão Mirante 642,20,177.80,true
4166,SKU-104165,Liquidificador Trilha 496,16,57.99,true
4167,SKU-104166,Colchão Nordic 125,16,271.92,true
4168,SKU-104167,Micro-ondas Delta 124,10,417.82,true
4169,SKU-104168,Mesa Astra 570,20,301.94,true
4170,SKU-104169,Mesa Nexa 226,17,623.62,true
4171,SKU-104170,Cadeira Veloce 896,10,367.88,true
4172,SKU-104171,Smartwatch Kairo 335,12,474.81,true
4173,SKU-104172,Headphone Orbis 623,17,500.61,true
4174,SKU-104173,Fogão Saga 880,2,447.13,true
4175,SKU-104174,Micro-ondas Onix 516,3,561.69,true
4176,SKU-104175,Purificador Vertex 597,12,381.95,true
4177,SKU-104176,Fone Delta 421,5,216.37,true
4178,SKU-104177,Micro-ondas Brava 340,18,168.85,true
4179,SKU-104178,Geladeira Onix 667,9,145.06,true
4180,SKU-104179,Desktop Volt 366,17,261.96,true
4181,SKU-104180,Serra Nexa 583,12,262.39,true
4182,SKU-104181,Lavadora Astra 568,7,447.15,true
4183,SKU-104182,Controle Nexa 563,9,796.47,true
4184,SKU-104183,Mesa Orbis 901,2,961.00,true
4185,SKU-104184,Ventilador Saga 361,12,1015.65,true
4186,SKU-104185,Televisor Saga 498,13,329.73,true
4187,SKU-104186,Geladeira Orbis 379,18,690.84,true
4188,SKU-104187,Console Primo 987,15,267.19,true
4189,SKU-104188,Fonte Pratic 931,7,187.33,true
4190,SKU-104189,Headphone Saga 921,15,815.93,true
4191,SKU-104190,Serra Orbis 610,16,212.18,true
4192,SKU-104191,Secadora Orbis 291,12,210.94,true
4193,SKU-104192,Purificador Nordic 958,9,285.56,true
4194,SKU-104193,Geladeira Volt 413,5,418.69,true
4195,SKU-104194,Secadora Aurora 266,6,741.15,true
4196,SKU-104195,Memória Kubo 151,20,262.89,false
4197,SKU-104196,Mesa Nexa 658,21,322.00,true
4198,SKU-104197,Headphone Volt 785,21,309.26,true
4199,SKU-104198,Desktop Zentro 887,9,539.98,true
4200,SKU-104199,Headphone Nexa 510,9,213.34,true
4201,SKU-104200,Caixa Mirante 429,2,157.90,true
4202,SKU-104201,Controle Astra 656,2,188.53,true
4203,SKU-104202,Console Zentro 524,17,490.58,true
4204,SKU-104203,Notebook Vertex 112,13,205.49,true
4205,SKU-104204,Headphone Volt 438,3,430.45,true
4206,SKU-104205,Smartphone Trilha 191,16,449.74,true
4207,SKU-104206,Purificador Delta 923,5,228.44,true
4208,SKU-104207,Secadora Veloce 173,20,237.17,true
4209,SKU-104208,Fogão Veloce 889,15,439.70,true
4210,SKU-104209,Headphone Saga 566,9,259.84,true
4211,SKU-104210,Fone Astra 677,15,471.66,true
4212,SKU-104211,Receiver Saga 838,13,306.67,true
4213,SKU-104212,Console Onix 432,10,331.29,true
4214,SKU-104213,Headset Astra 941,5,408.51,true
4215,SKU-104214,Caixa Trilha 554,13,478.60,true
4216,SKU-104215,Fone Saga 320,13,511.89,true
4217,SKU-104216,Serra Aurora 289,17,198.81,true
4218,SKU-104217,Mesa Aurora 917,16,338.36,true
4219,SKU-104218,Caixa Mirante 246,2,733.03,true
4220,SKU-104219,Mesa Veloce 216,18,179.51,true
4221,SKU-104220,Teclado Nordic 256,3,522.73,true
4222,SKU-104221,Caixa Orbis 108,5,408.49,true
4223,SKU-104222,Cooler Volt 543,10,571.31,true
4224,SKU-104223,Mesa Orbis 869,17,417.53,true
4225,SKU-104224,Mesa Kairo 672,5,251.16,true
4226,SKU-104225,Caixa Kairo 871,7,270.30,true
4227,SKU-104226,Liquidificador Volt 752,9,491.90,true
4228,SKU-104227,Aspirador Mirante 176,17,356.49,true
4229,SKU-104228,Smartphone Onix 769,13,344.33,true
4230,SKU-104229,Aspirador Kubo 218,21,324.83,true
4231,SKU-104230,Notebook Mirante 868,20,956.53,true
4232,SKU-104231,Toalha Volt 674,12,367.62,true
4233,SKU-104232,Lençol Mirante 118,5,238.49,true
4234,SKU-104233,Desktop Nordic 610,12,319.65,true
4235,SKU-104234,Ventilador Pratic 280,17,312.41,true
4236,SKU-104235,Teclado Pratic 271,3,345.89,true
4237,SKU-104236,Televisor Nexa 822,15,170.03,true
4238,SKU-104237,Impressora Aurora 478,9,392.31,false
4239,SKU-104238,Micro-ondas Pratic 210,2,491.17,true
4240,SKU-104239,Soundbar Primo 404,20,213.38,true
4241,SKU-104240,Impressora Brava 168,7,586.41,true
4242,SKU-104241,Ar-condicionado Kubo 420,3,495.85,true
4243,SKU-104242,Teclado Delta 300,20,98.04,true
4244,SKU-104243,Receiver Aurora 697,18,220.31,true
4245,SKU-104244,Estante Delta 787,9,535.27,true
4246,SKU-104245,Ar-condicionado Primo 947,13,1008.46,true
4247,SKU-104246,Televisor Vertex 505,12,232.55,true
4248,SKU-104247,Monitor Pratic 581,18,587.88,true
4249,SKU-104248,Secadora Zentro 321,21,130.32,true
4250,SKU-104249,Notebook Zentro 923,21,820.45,true
4251,SKU-104250,SSD Kairo 682,17,604.56,true
4252,SKU-104251,Colchão Mirante 112,16,640.04,true
4253,SKU-104252,Headset Nordic 384,10,201.85,true
4254,SKU-104253,Cooler Veloce 715,15,719.94,true
4255,SKU-104254,Notebook Nexa 553,6,374.88,true
4256,SKU-104255,Bicicleta Aurora 719,5,329.33,true
4257,SKU-104256,Smartwatch Delta 607,21,376.34,true
4258,SKU-104257,Geladeira Aurora 419,13,810.88,true
4259,SKU-104258,Televisor Primo 172,13,353.29,true
4260,SKU-104259,Memória Pratic 333,21,498.18,true
4261,SKU-104260,Toalha Onix 178,20,429.66,true
4262,SKU-104261,Geladeira Volt 470,3,428.81,true
4263,SKU-104262,Desktop Orbis 937,17,149.24,true
4264,SKU-104263,Estante Veloce 948,6,559.97,true
4265,SKU-104264,Batedeira Brava 447,15,679.37,true
4266,SKU-104265,Notebook Zentro 367,5,432.75,true
4267,SKU-104266,Caixa Aurora 475,12,358.08,true
4268,SKU-104267,Teclado Astra 855,18,515.05,true
4269,SKU-104268,Cadeira Onix 948,16,364.97,true
4270,SKU-104269,Capa Mirante 311,20,373.76,true
4271,SKU-104270,Batedeira Pratic 518,9,479.33,true
4272,SKU-104271,Smartwatch Kairo 673,3,121.00,true
4273,SKU-104272,Ar-condicionado Pratic 531,6,539.83,true
4274,SKU-104273,Monitor Nordic 774,20,113.04,true
4275,SKU-104274,Receiver Kubo 698,6,387.99,true
4276,SKU-104275,Halter Kubo 575,20,363.13,true
4277,SKU-104276,Ventilador Orbis 921,9,158.78,true
4278,SKU-104277,Desktop Vertex 126,9,571.42,true
4279,SKU-104278,Smartphone Primo 313,13,175.47,true
4280,SKU-104279,Batedeira Mirante 366,5,107.87,true
4281,SKU-104280,Colchão Pratic 857,13,615.36,true
4282,SKU-104281,Lençol Vertex 626,7,677.19,false
4283,SKU-104282,Fone Kubo 211,12,403.60,true
4284,SKU-104283,Ar-condicionado Lumix 930,16,593.03,true
4285,SKU-104284,Jogo Nexa 198,17,497.36,true
4286,SKU-104285,Fogão Kairo 324,2,527.73,false
4287,SKU-104286,Parafusadeira Zentro 683,21,154.52,true
4288,SKU-104287,Carregador Delta 239,7,1048.34,true
4289,SKU-104288,Bicicleta Veloce 206,5,299.42,true
4290,SKU-104289,Headphone Zentro 407,10,366.50,true
4291,SKU-104290,Batedeira Delta 390,2,135.54,true
4292,SKU-104291,Lençol Nordic 256,20,413.65,true
4293,SKU-104292,Caixa Delta 326,16,368.86,true
4294,SKU-104293,Controle Kairo 290,20,875.42,true
4295,SKU-104294,Receiver Mirante 407,2,106.84,true
4296,SKU-104295,Cafeteira Kairo 567,21,552.41,true
4297,SKU-104296,Soundbar Nexa 855,17,400.02,true
4298,SKU-104297,Cooler Trilha 813,18,539.07,true
4299,SKU-104298,Liquidificador Orbis 427,3,276.17,true
4300,SKU-104299,Smartphone Orbis 697,5,242.32,true
4301,SKU-104300,Cafeteira Orbis 900,9,130.95,true
4302,SKU-104301,Jogo Primo 790,18,295.59,true
4303,SKU-104302,Soundbar Saga 855,7,421.21,true
4304,SKU-104303,Console Pratic 532,5,261.80,true
4305,SKU-104304,Roteador Vertex 940,15,116.57,true
4306,SKU-104305,Sofá Brava 916,12,365.47,true
4307,SKU-104306,Cooler Zentro 193,16,263.18,true
4308,SKU-104307,Furadeira Nexa 727,21,566.91,true
4309,SKU-104308,Esteira Trilha 542,17,146.78,true
4310,SKU-104309,Lençol Delta 592,12,229.19,true
4311,SKU-104310,Receiver Kubo 342,3,210.45,true
4312,SKU-104311,Receiver Primo 429,6,958.60,true
4313,SKU-104312,Fonte Brava 280,21,185.24,true
4314,SKU-104313,Soundbar Zentro 262,20,315.33,true
4315,SKU-104314,Batedeira Kubo 502,20,103.25,true
4316,SKU-104315,Controle Zentro 656,15,743.08,true
4317,SKU-104316,Estante Onix 259,3,1110.88,true
4318,SKU-104317,Receiver Nordic 322,13,579.14,false
4319,SKU-104318,Sofá Veloce 140,13,852.15,true
4320,SKU-104319,Notebook Volt 289,18,264.91,true
4321,SKU-104320,Console Nexa 147,5,330.89,true
4322,SKU-104321,Lençol Volt 716,3,340.38,true
4323,SKU-104322,Colchão Kairo 491,12,92.55,true
4324,SKU-104323,Capa Nexa 405,12,1270.17,true
4325,SKU-104324,Esteira Trilha 774,13,243.96,true
4326,SKU-104325,Geladeira Kairo 113,7,266.26,true
4327,SKU-104326,Televisor Trilha 193,18,448.25,true
4328,SKU-104327,Roteador Astra 676,6,625.36,true
4329,SKU-104328,Bicicleta Astra 785,20,173.41,true
4330,SKU-104329,Console Saga 969,5,319.76,true
4331,SKU-104330,Console Brava 847,2,351.84,true
4332,SKU-104331,Ar-condicionado Kairo 494,18,216.96,true
4333,SKU-104332,Smartwatch Veloce 855,17,338.24,true
4334,SKU-104333,Furadeira Kubo 723,21,807.32,true
4335,SKU-104334,Notebook Onix 657,17,79.56,true
4336,SKU-104335,Micro-ondas Trilha 530,17,439.77,true
4337,SKU-104336,Lençol Kubo 705,21,771.07,true
4338,SKU-104337,Bicicleta Zentro 816,7,305.68,true
4339,SKU-104338,Televisor Kairo 386,20,470.68,true
4340,SKU-104339,Estante Veloce 262,9,899.59,true
4341,SKU-104340,Mouse Pratic 614,16,851.21,true
4342,SKU-104341,Halter Astra 474,12,146.62,true
4343,SKU-104342,Serra Orbis 382,12,315.54,false
4344,SKU-104343,Carregador Nordic 732,6,253.56,true
4345,SKU-104344,Esteira Astra 950,10,407.38,false
4346,SKU-104345,Lençol Aurora 122,10,652.32,true
4347,SKU-104346,Console Zentro 586,9,276.79,true
4348,SKU-104347,Bicicleta Kairo 848,18,474.02,true
4349,SKU-104348,Cafeteira Brava 512,15,240.11,true
4350,SKU-104349,Mesa Kairo 849,12,376.56,true
4351,SKU-104350,Bicicleta Orbis 449,5,196.20,true
4352,SKU-104351,Esteira Trilha 590,21,529.86,true
4353,SKU-104352,Cafeteira Zentro 880,3,509.19,true
4354,SKU-104353,Micro-ondas Brava 504,12,161.74,true
4355,SKU-104354,Ventilador Orbis 272,12,434.92,true
4356,SKU-104355,Ventilador Onix 583,20,697.24,true
4357,SKU-104356,Lavadora Onix 672,6,659.23,true
4358,SKU-104357,Purificador Astra 686,20,335.67,true
4359,SKU-104358,Capa Zentro 592,10,341.49,true
4360,SKU-104359,Geladeira Saga 628,17,461.68,true
4361,SKU-104360,Toalha Nordic 436,16,759.37,true
4362,SKU-104361,Toalha Saga 176,2,326.96,true
4363,SKU-104362,Teclado Astra 109,13,191.03,true
4364,SKU-104363,Capa Kairo 931,12,177.06,false
4365,SKU-104364,Receiver Zentro 623,9,366.70,true
4366,SKU-104365,Console Orbis 742,21,516.36,true
4367,SKU-104366,Monitor Astra 185,21,410.33,true
4368,SKU-104367,Headphone Lumix 883,17,271.03,true
4369,SKU-104368,Fogão Saga 703,3,298.99,false
4370,SKU-104369,Receiver Nexa 572,3,1212.81,true
4371,SKU-104370,Liquidificador Kairo 931,12,308.58,false
4372,SKU-104371,Desktop Vertex 484,18,550.80,true
4373,SKU-104372,Aspirador Volt 861,18,859.52,true
4374,SKU-104373,Lavadora Brava 279,15,135.97,true
4375,SKU-104374,Micro-ondas Vertex 725,21,1385.52,true
4376,SKU-104375,Parafusadeira Delta 405,13,520.90,true
4377,SKU-104376,Toalha Vertex 837,17,894.72,true
4378,SKU-104377,Mouse Trilha 521,3,988.94,true
4379,SKU-104378,Soundbar Lumix 457,12,225.96,true
4380,SKU-104379,Controle Primo 870,17,787.37,true
4381,SKU-104380,Caixa Lumix 392,3,241.36,true
4382,SKU-104381,Memória Kairo 735,5,128.47,true
4383,SKU-104382,Headphone Onix 275,9,174.87,true
4384,SKU-104383,Notebook Kubo 663,7,291.14,true
4385,SKU-104384,Fone Volt 924,3,631.77,true
4386,SKU-104385,Monitor Mirante 629,6,227.24,true
4387,SKU-104386,Furadeira Brava 818,2,199.71,true
4388,SKU-104387,Bicicleta Brava 190,3,164.89,true
4389,SKU-104388,Jogo Astra 650,20,394.31,true
4390,SKU-104389,Bicicleta Primo 471,7,218.18,true
4391,SKU-104390,Controle Delta 856,20,267.65,true
4392,SKU-104391,Controle Kubo 344,18,563.73,true
4393,SKU-104392,Liquidificador Saga 171,3,83.77,true
4394,SKU-104393,Desktop Brava 710,20,202.54,true
4395,SKU-104394,Televisor Aurora 722,16,198.52,true
4396,SKU-104395,Notebook Orbis 151,21,153.81,true
4397,SKU-104396,Impressora Aurora 222,15,631.48,true
4398,SKU-104397,Halter Trilha 702,13,238.40,true
4399,SKU-104398,Teclado Astra 885,18,1138.41,true
4400,SKU-104399,Notebook Veloce 807,10,131.78,true
4401,SKU-104400,Serra Orbis 399,20,1007.11,true
4402,SKU-104401,Teclado Kairo 363,5,255.62,true
4403,SKU-104402,Desktop Trilha 797,6,407.16,true
4404,SKU-104403,Ventilador Saga 365,3,456.97,true
4405,SKU-104404,Headphone Kairo 576,15,114.76,false
4406,SKU-104405,Serra Mirante 424,10,153.03,true
4407,SKU-104406,Jogo Vertex 915,9,325.12,true
4408,SKU-104407,Ventilador Brava 363,16,211.54,true
4409,SKU-104408,Serra Kubo 978,5,271.44,true
4410,SKU-104409,Purificador Zentro 236,16,584.31,true
4411,SKU-104410,Micro-ondas Kairo 594,10,265.00,true
4412,SKU-104411,Receiver Delta 638,10,131.08,true
4413,SKU-104412,Fogão Saga 172,5,210.16,true
4414,SKU-104413,Mesa Kairo 383,6,316.07,true
4415,SKU-104414,Parafusadeira Delta 140,20,592.11,true
4416,SKU-104415,Mouse Lumix 563,16,702.91,true
4417,SKU-104416,Bicicleta Mirante 249,20,248.29,false
4418,SKU-104417,Bicicleta Nordic 360,3,829.83,true
4419,SKU-104418,Lençol Kubo 685,17,595.68,true
4420,SKU-104419,Sofá Saga 858,21,1040.19,true
4421,SKU-104420,Mesa Veloce 426,6,146.58,true
4422,SKU-104421,Bicicleta Vertex 258,15,449.14,true
4423,SKU-104422,Caixa Lumix 409,6,117.00,true
4424,SKU-104423,Caixa Delta 406,15,410.37,true
4425,SKU-104424,Bicicleta Volt 846,10,88.83,true
4426,SKU-104425,Televisor Aurora 602,15,416.15,true
4427,SKU-104426,Teclado Trilha 408,20,382.89,true
4428,SKU-104427,Roteador Kairo 523,7,338.06,false
4429,SKU-104428,Toalha Kairo 972,18,490.09,true
4430,SKU-104429,Jogo Nexa 478,7,409.36,true
4431,SKU-104430,Ar-condicionado Kubo 788,10,235.80,true
4432,SKU-104431,Fogão Zentro 404,21,314.55,true
4433,SKU-104432,Ventilador Aurora 441,16,247.22,true
4434,SKU-104433,Purificador Aurora 502,21,342.13,true
4435,SKU-104434,Controle Astra 555,21,233.36,true
4436,SKU-104435,Colchão Saga 192,9,138.27,true
4437,SKU-104436,Toalha Orbis 166,13,706.69,true
4438,SKU-104437,SSD Orbis 823,7,105.40,true
4439,SKU-104438,Ventilador Nexa 166,16,177.49,true
4440,SKU-104439,Cooler Lumix 133,21,339.74,true
4441,SKU-104440,Batedeira Delta 359,6,355.05,true
4442,SKU-104441,Controle Nexa 392,13,472.74,true
4443,SKU-104442,Headset Astra 758,18,95.04,true
4444,SKU-104443,Smartwatch Nexa 635,10,128.06,true
4445,SKU-104444,Carregador Nexa 153,21,851.52,true
4446,SKU-104445,Ar-condicionado Mirante 667,13,75.98,true
4447,SKU-104446,Soundbar Saga 304,2,570.26,true
4448,SKU-104447,Console Mirante 696,5,518.52,true
4449,SKU-104448,Desktop Zentro 860,5,884.72,true
4450,SKU-104449,Lençol Vertex 126,6,413.54,true
4451,SKU-104450,Toalha Orbis 627,10,314.93,true
4452,SKU-104451,Batedeira Brava 550,7,193.78,true
4453,SKU-104452,Lençol Astra 736,6,228.92,true
4454,SKU-104453,Purificador Kubo 721,3,198.00,true
4455,SKU-104454,Notebook Delta 576,16,232.53,true
4456,SKU-104455,Teclado Vertex 962,21,607.89,true
4457,SKU-104456,Lençol Orbis 732,18,369.73,true
4458,SKU-104457,Furadeira Veloce 272,12,369.39,true
4459,SKU-104458,Halter Astra 586,9,584.44,true
4460,SKU-104459,Headset Nordic 742,20,109.44,true
4461,SKU-104460,Toalha Brava 194,15,116.74,true
4462,SKU-104461,Monitor Delta 623,20,552.11,true
4463,SKU-104462,Fonte Primo 109,17,318.83,true
4464,SKU-104463,Batedeira Vertex 589,3,161.64,true
4465,SKU-104464,Smartwatch Volt 725,3,304.39,true
4466,SKU-104465,Furadeira Onix 181,2,551.20,true
4467,SKU-104466,Micro-ondas Lumix 508,21,641.87,true
4468,SKU-104467,Roteador Pratic 165,9,354.43,false
4469,SKU-104468,Secadora Orbis 427,13,327.71,true
4470,SKU-104469,Roteador Nordic 706,6,96.14,true
4471,SKU-104470,Console Orbis 886,18,207.06,true
4472,SKU-104471,Serra Saga 182,10,1164.67,true
4473,SKU-104472,Desktop Mirante 258,12,156.52,true
4474,SKU-104473,Memória Aurora 830,21,546.78,true
4475,SKU-104474,Lençol Veloce 345,6,210.48,true
4476,SKU-104475,Desktop Saga 559,6,157.79,true
4477,SKU-104476,Lençol Lumix 597,15,720.54,true
4478,SKU-104477,Cadeira Vertex 593,20,349.02,true
4479,SKU-104478,Parafusadeira Orbis 164,3,504.40,true
4480,SKU-104479,Lavadora Trilha 542,6,198.73,true
4481,SKU-104480,Roteador Trilha 875,10,237.50,true
4482,SKU-104481,Lençol Nordic 984,13,341.58,false
4483,SKU-104482,Halter Saga 319,17,309.90,false
4484,SKU-104483,Teclado Brava 535,10,597.75,true
4485,SKU-104484,Purificador Saga 146,16,885.58,true
4486,SKU-104485,Secadora Kubo 643,2,466.02,true
4487,SKU-104486,Teclado Brava 124,7,198.49,true
4488,SKU-104487,Toalha Kairo 868,21,410.19,true
4489,SKU-104488,Batedeira Onix 270,17,118.63,true
4490,SKU-104489,Toalha Trilha 290,18,201.61,true
4491,SKU-104490,Smartphone Kairo 556,20,204.02,true
4492,SKU-104491,Teclado Lumix 711,9,292.27,true
4493,SKU-104492,Monitor Brava 236,20,599.92,true
4494,SKU-104493,Mesa Delta 838,15,128.57,true
4495,SKU-104494,Receiver Volt 286,5,818.66,true
4496,SKU-104495,Controle Astra 913,6,693.70,true
4497,SKU-104496,Parafusadeira Saga 948,21,405.92,true
4498,SKU-104497,Capa Volt 725,17,414.47,true
4499,SKU-104498,Furadeira Brava 159,17,280.06,true
4500,SKU-104499,Mouse Primo 450,10,239.92,true
4501,SKU-104500,Esteira Kubo 256,16,121.15,true
4502,SKU-104501,Purificador Astra 842,10,927.39,true
4503,SKU-104502,SSD Astra 391,18,400.22,true
4504,SKU-104503,Console Astra 277,10,320.40,true
4505,SKU-104504,Batedeira Vertex 844,21,288.47,true
4506,SKU-104505,Controle Vertex 957,2,608.63,true
4507,SKU-104506,Mesa Mirante 160,17,1149.92,false
4508,SKU-104507,Purificador Volt 186,9,237.25,true
4509,SKU-104508,Serra Kairo 198,21,412.72,true
4510,SKU-104509,Serra Orbis 816,20,721.48,true
4511,SKU-104510,Ventilador Pratic 337,17,497.36,true
4512,SKU-104511,Cadeira Primo 270,16,196.28,true
4513,SKU-104512,Jogo Veloce 519,3,325.45,true
4514,SKU-104513,Furadeira Astra 585,12,407.97,true
4515,SKU-104514,Lençol Vertex 663,9,520.86,true
4516,SKU-104515,Headset Astra 902,10,551.08,true
4517,SKU-104516,Impressora Kubo 204,17,832.95,true
4518,SKU-104517,Ar-condicionado Kairo 528,7,363.08,true
4519,SKU-104518,Esteira Delta 330,12,347.81,true
4520,SKU-104519,Parafusadeira Veloce 476,17,363.82,true
4521,SKU-104520,Esteira Brava 554,10,209.29,true
4522,SKU-104521,Smartphone Saga 969,9,705.18,true
4523,SKU-104522,Monitor Orbis 944,12,460.84,true
4524,SKU-104523,Televisor Aurora 406,10,642.34,true
4525,SKU-104524,Serra Kairo 794,12,368.21,true
4526,SKU-104525,Furadeira Delta 590,17,288.94,true
4527,SKU-104526,Impressora Veloce 457,2,441.99,true
4528,SKU-104527,Smartphone Nordic 137,2,519.03,true
4529,SKU-104528,Cooler Onix 858,21,250.71,true
4530,SKU-104529,Headphone Aurora 652,3,403.21,true
4531,SKU-104530,Soundbar Zentro 830,9,309.47,true
4532,SKU-104531,Secadora Trilha 835,16,497.26,true
4533,SKU-104532,Fone Zentro 101,17,402.85,true
4534,SKU-104533,Jogo Veloce 583,15,984.87,true
4535,SKU-104534,Parafusadeira Lumix 452,20,361.70,true
4536,SKU-104535,Roteador Volt 742,17,81.50,true
4537,SKU-104536,Desktop Vertex 452,16,242.24,true
4538,SKU-104537,Cadeira Saga 735,10,486.45,true
4539,SKU-104538,Mouse Volt 988,3,214.45,true
4540,SKU-104539,Controle Vertex 678,12,96.23,true
4541,SKU-104540,Ar-condicionado Primo 644,9,154.56,true
4542,SKU-104541,Roteador Aurora 662,5,572.39,true
4543,SKU-104542,Geladeira Kubo 784,16,402.93,true
4544,SKU-104543,Memória Lumix 764,15,948.60,true
4545,SKU-104544,Cafeteira Veloce 905,17,75.67,true
4546,SKU-104545,Lençol Nordic 471,20,314.43,true
4547,SKU-104546,Batedeira Vertex 916,5,402.74,true
4548,SKU-104547,Cooler Zentro 699,21,539.46,true
4549,SKU-104548,Smartphone Volt 292,5,1318.61,true
4550,SKU-104549,Estante Pratic 159,7,668.95,true
4551,SKU-104550,Impressora Lumix 154,3,348.48,true
4552,SKU-104551,Fogão Zentro 687,6,288.45,true
4553,SKU-104552,Geladeira Primo 391,7,519.03,true
4554,SKU-104553,Sofá Brava 169,15,220.46,true
4555,SKU-104554,Esteira Kairo 192,7,652.42,true
4556,SKU-104555,Fogão Zentro 194,7,473.43,true
4557,SKU-104556,Sofá Mirante 197,5,230.82,true
4558,SKU-104557,Parafusadeira Astra 842,5,231.38,true
4559,SKU-104558,Liquidificador Astra 687,16,257.91,true
4560,SKU-104559,Mesa Veloce 933,9,496.31,true
4561,SKU-104560,Ar-condicionado Nexa 842,17,430.56,true
4562,SKU-104561,Serra Trilha 271,13,492.11,true
4563,SKU-104562,Headset Aurora 914,7,181.65,true
4564,SKU-104563,Lençol Vertex 998,6,839.21,true
4565,SKU-104564,Mesa Nordic 240,5,192.78,true
4566,SKU-104565,Aspirador Primo 627,6,120.31,true
4567,SKU-104566,Esteira Astra 392,15,139.09,true
4568,SKU-104567,Parafusadeira Delta 982,16,183.87,true
4569,SKU-104568,Micro-ondas Volt 624,12,614.32,true
4570,SKU-104569,Serra Delta 443,5,183.73,true
4571,SKU-104570,Fonte Brava 168,10,910.03,true
4572,SKU-104571,Fogão Saga 112,7,332.33,true
4573,SKU-104572,Toalha Saga 761,18,613.00,true
4574,SKU-104573,Cooler Veloce 128,21,462.58,true
4575,SKU-104574,Teclado Volt 360,12,157.38,true
4576,SKU-104575,Cadeira Zentro 156,13,253.47,true
4577,SKU-104576,Memória Aurora 118,9,485.53,true
4578,SKU-104577,Geladeira Kairo 523,12,255.46,true
4579,SKU-104578,Notebook Lumix 760,3,272.87,true
4580,SKU-104579,Bicicleta Delta 499,2,534.05,true
4581,SKU-104580,Monitor Veloce 258,20,584.88,true
4582,SKU-104581,Furadeira Zentro 564,21,106.88,true
4583,SKU-104582,Purificador Orbis 176,10,460.08,true
4584,SKU-104583,Memória Lumix 511,21,117.30,true
4585,SKU-104584,Aspirador Volt 951,13,458.64,true
4586,SKU-104585,Lavadora Astra 426,21,669.46,true
4587,SKU-104586,Notebook Brava 279,12,76.34,true
4588,SKU-104587,Headset Brava 708,21,192.85,true
4589,SKU-104588,Fone Mirante 460,2,677.48,true
4590,SKU-104589,Fone Delta 336,3,192.20,true
4591,SKU-104590,Impressora Zentro 194,17,326.14,true
4592,SKU-104591,Notebook Veloce 324,16,235.94,true
4593,SKU-104592,Furadeira Saga 104,17,611.24,true
4594,SKU-104593,Halter Saga 476,15,331.18,true
4595,SKU-104594,Parafusadeira Pratic 789,17,538.40,true
4596,SKU-104595,Caixa Nexa 766,2,93.21,true
4597,SKU-104596,Batedeira Primo 752,15,215.08,true
4598,SKU-104597,Televisor Kubo 522,17,146.46,true
4599,SKU-104598,Impressora Pratic 942,16,439.21,true
4600,SKU-104599,Receiver Trilha 896,12,1049.24,false
4601,SKU-104600,Console Kairo 990,13,592.28,true
4602,SKU-104601,Receiver Onix 812,17,149.29,true
4603,SKU-104602,Caixa Veloce 253,3,126.61,true
4604,SKU-104603,Notebook Orbis 764,10,791.78,true
4605,SKU-104604,Serra Orbis 816,21,212.95,true
4606,SKU-104605,Smartwatch Primo 757,13,395.22,true
4607,SKU-104606,Carregador Astra 991,5,281.94,true
4608,SKU-104607,Serra Pratic 254,9,189.13,true
4609,SKU-104608,Notebook Volt 118,3,434.34,true
4610,SKU-104609,Toalha Astra 948,10,383.39,true
4611,SKU-104610,Purificador Brava 697,12,240.63,true
4612,SKU-104611,Desktop Brava 302,2,230.27,true
4613,SKU-104612,Receiver Delta 779,15,1041.90,true
4614,SKU-104613,Roteador Aurora 569,15,496.70,true
4615,SKU-104614,Cadeira Vertex 195,6,814.49,true
4616,SKU-104615,Micro-ondas Volt 253,12,345.95,false
4617,SKU-104616,Mesa Astra 867,13,284.32,true
4618,SKU-104617,Cadeira Saga 289,15,97.11,true
4619,SKU-104618,Fone Mirante 223,9,356.72,true
4620,SKU-104619,Esteira Vertex 914,2,436.97,true
4621,SKU-104620,Carregador Nordic 955,12,444.85,true
4622,SKU-104621,Furadeira Trilha 662,20,563.39,true
4623,SKU-104622,Roteador Astra 788,17,1137.56,true
4624,SKU-104623,Roteador Nordic 313,13,114.26,true
4625,SKU-104624,Cadeira Vertex 508,15,174.60,true
4626,SKU-104625,Estante Saga 679,21,314.87,true
4627,SKU-104626,Controle Orbis 262,3,732.60,true
4628,SKU-104627,Lavadora Mirante 668,10,555.33,true
4629,SKU-104628,Halter Trilha 458,9,271.03,true
4630,SKU-104629,Mesa Saga 699,7,4546.10,false
4631,SKU-104630,Cafeteira Mirante 464,9,254.81,true
4632,SKU-104631,Monitor Saga 643,10,186.81,true
4633,SKU-104632,Desktop Kubo 396,6,754.17,true
4634,SKU-104633,Teclado Onix 490,18,71.99,true
4635,SKU-104634,Aspirador Mirante 234,6,482.67,true
4636,SKU-104635,Lençol Primo 840,6,760.47,true
4637,SKU-104636,Fone Onix 664,13,469.61,true
4638,SKU-104637,Mouse Veloce 141,17,711.04,true
4639,SKU-104638,Sofá Vertex 371,5,506.62,true
4640,SKU-104639,Smartphone Mirante 779,2,483.27,true
4641,SKU-104640,Cadeira Saga 505,18,244.86,true
4642,SKU-104641,Smartwatch Kubo 515,16,679.13,true
4643,SKU-104642,Capa Primo 745,13,226.32,true
4644,SKU-104643,Smartphone Onix 126,10,1215.27,true
4645,SKU-104644,Headset Zentro 566,17,714.60,true
4646,SKU-104645,Jogo Pratic 386,12,255.83,true
4647,SKU-104646,Impressora Nexa 831,17,373.31,true
4648,SKU-104647,Toalha Kubo 825,15,147.91,true
4649,SKU-104648,Impressora Volt 652,16,465.55,true
4650,SKU-104649,Micro-ondas Mirante 956,16,320.45,true
4651,SKU-104650,Mouse Brava 369,16,94.29,true
4652,SKU-104651,Batedeira Delta 551,5,296.74,true
4653,SKU-104652,Jogo Vertex 976,18,216.60,true
4654,SKU-104653,Fonte Veloce 251,12,280.42,true
4655,SKU-104654,Lençol Astra 230,16,152.44,true
4656,SKU-104655,Secadora Nordic 949,2,265.80,true
4657,SKU-104656,Ventilador Primo 585,16,466.19,true
4658,SKU-104657,Headset Onix 564,9,393.49,true
4659,SKU-104658,Furadeira Primo 709,18,129.34,true
4660,SKU-104659,Mouse Pratic 757,13,152.61,true
4661,SKU-104660,Serra Aurora 637,2,361.05,true
4662,SKU-104661,Cadeira Trilha 441,17,533.63,true
4663,SKU-104662,Soundbar Kairo 799,17,473.86,true
4664,SKU-104663,Caixa Onix 691,16,642.83,true
4665,SKU-104664,Ar-condicionado Vertex 576,10,542.99,true
4666,SKU-104665,Secadora Astra 962,12,215.81,true
4667,SKU-104666,Lençol Brava 878,18,396.35,true
4668,SKU-104667,Serra Astra 298,20,290.75,false
4669,SKU-104668,Bicicleta Kairo 846,6,211.96,true
4670,SKU-104669,Smartwatch Trilha 139,20,372.20,true
4671,SKU-104670,Smartphone Primo 762,7,463.96,true
4672,SKU-104671,Capa Primo 288,12,814.76,true
4673,SKU-104672,Ar-condicionado Aurora 575,15,531.44,true
4674,SKU-104673,Geladeira Pratic 246,17,334.21,false
4675,SKU-104674,Purificador Aurora 548,10,599.12,true
4676,SKU-104675,Headset Kubo 995,9,327.33,true
4677,SKU-104676,Fonte Saga 836,6,321.63,true
4678,SKU-104677,Televisor Mirante 925,3,144.07,true
4679,SKU-104678,Bicicleta Brava 735,10,110.15,true
4680,SKU-104679,Estante Vertex 996,10,911.58,false
4681,SKU-104680,Televisor Aurora 593,3,671.60,true
4682,SKU-104681,Desktop Aurora 833,18,230.98,true
4683,SKU-104682,Soundbar Pratic 421,16,633.51,true
4684,SKU-104683,Serra Kairo 669,16,190.82,true
4685,SKU-104684,Bicicleta Volt 872,12,420.70,true
4686,SKU-104685,Headset Nexa 898,16,213.96,false
4687,SKU-104686,Impressora Mirante 312,3,1218.05,false
4688,SKU-104687,Caixa Mirante 806,9,1024.89,true
4689,SKU-104688,Fone Lumix 310,5,324.14,true
4690,SKU-104689,Mesa Brava 998,15,426.89,true
4691,SKU-104690,Smartwatch Astra 914,21,306.23,true
4692,SKU-104691,Monitor Onix 533,18,528.64,true
4693,SKU-104692,Esteira Mirante 997,2,550.32,true
4694,SKU-104693,Roteador Delta 150,9,358.44,true
4695,SKU-104694,Ar-condicionado Lumix 420,3,170.69,true
4696,SKU-104695,Geladeira Delta 602,15,1177.35,true
4697,SKU-104696,Teclado Kubo 982,5,1176.97,true
4698,SKU-104697,Capa Delta 960,3,757.14,false
4699,SKU-104698,Aspirador Brava 575,15,171.03,true
4700,SKU-104699,Smartphone Astra 363,9,157.24,true
4701,SKU-104700,Fonte Delta 773,3,759.58,true
4702,SKU-104701,Fogão Mirante 392,13,300.62,true
4703,SKU-104702,Smartwatch Brava 454,12,559.37,true
4704,SKU-104703,Soundbar Onix 931,7,1342.51,true
4705,SKU-104704,Impressora Veloce 243,15,748.10,true
4706,SKU-104705,Controle Mirante 470,3,905.52,true
4707,SKU-104706,Console Vertex 438,21,245.72,true
4708,SKU-104707,Receiver Nexa 291,20,578.88,true
4709,SKU-104708,Geladeira Veloce 433,7,139.33,true
4710,SKU-104709,Sofá Nordic 313,20,60.71,true
4711,SKU-104710,Fone Nordic 544,18,125.03,true
4712,SKU-104711,Lençol Onix 306,18,202.81,true
4713,SKU-104712,Desktop Primo 901,21,170.23,true
4714,SKU-104713,Console Onix 117,18,1371.68,true
4715,SKU-104714,Lençol Kubo 246,18,142.05,true
4716,SKU-104715,Secadora Primo 114,15,371.52,true
4717,SKU-104716,Secadora Brava 633,16,313.76,true
4718,SKU-104717,Fone Kairo 774,21,193.12,true
4719,SKU-104718,Ar-condicionado Lumix 407,10,201.00,true
4720,SKU-104719,Serra Astra 878,10,142.04,false
4721,SKU-104720,Headphone Saga 456,3,316.10,true
4722,SKU-104721,Geladeira Mirante 424,20,1094.18,true
4723,SKU-104722,Serra Brava 102,7,404.10,true
4724,SKU-104723,Halter Primo 710,15,108.60,true
4725,SKU-104724,Fogão Primo 732,13,518.31,true
4726,SKU-104725,Batedeira Trilha 443,17,602.71,true
4727,SKU-104726,Fonte Astra 688,13,266.60,false
4728,SKU-104727,Ar-condicionado Nexa 283,12,666.33,true
4729,SKU-104728,Colchão Saga 796,2,267.09,true
4730,SKU-104729,Capa Kairo 369,7,210.99,true
4731,SKU-104730,Fone Orbis 272,16,221.28,true
4732,SKU-104731,Mesa Trilha 220,2,529.10,true
4733,SKU-104732,Memória Onix 484,18,598.69,true
4734,SKU-104733,Aspirador Pratic 116,13,879.15,true
4735,SKU-104734,Smartwatch Lumix 953,7,468.84,true
4736,SKU-104735,Sofá Trilha 715,13,183.06,true
4737,SKU-104736,Sofá Onix 447,15,617.99,true
4738,SKU-104737,Purificador Mirante 508,20,443.85,true
4739,SKU-104738,Roteador Delta 583,15,588.95,true
4740,SKU-104739,Cooler Trilha 821,2,352.89,true
4741,SKU-104740,Lençol Nexa 336,3,425.67,true
4742,SKU-104741,Smartwatch Volt 650,7,371.19,true
4743,SKU-104742,Receiver Brava 148,10,208.06,true
4744,SKU-104743,Ventilador Mirante 860,13,288.67,true
4745,SKU-104744,Sofá Volt 452,3,399.38,true
4746,SKU-104745,Receiver Astra 538,10,247.30,true
4747,SKU-104746,Batedeira Brava 159,12,418.30,true
4748,SKU-104747,Fogão Astra 979,10,1132.00,true
4749,SKU-104748,Bicicleta Lumix 814,12,1115.40,true
4750,SKU-104749,Televisor Veloce 849,12,1626.20,true
4751,SKU-104750,Headphone Brava 550,6,796.53,true
4752,SKU-104751,Teclado Nexa 915,13,383.58,true
4753,SKU-104752,Ar-condicionado Nexa 825,18,322.98,true
4754,SKU-104753,Colchão Vertex 295,13,246.17,true
4755,SKU-104754,Sofá Lumix 198,18,103.59,true
4756,SKU-104755,Ar-condicionado Nexa 359,15,288.39,true
4757,SKU-104756,Lençol Kairo 529,20,399.28,true
4758,SKU-104757,Colchão Pratic 896,3,468.73,true
4759,SKU-104758,Fogão Zentro 897,17,98.79,true
4760,SKU-104759,Cafeteira Kubo 733,2,359.21,true
4761,SKU-104760,Jogo Onix 308,13,349.23,true
4762,SKU-104761,Televisor Pratic 176,9,674.23,true
4763,SKU-104762,Halter Astra 575,12,157.55,true
4764,SKU-104763,Lençol Pratic 497,2,472.50,true
4765,SKU-104764,Teclado Veloce 629,17,644.01,true
4766,SKU-104765,Televisor Saga 624,21,123.30,true
4767,SKU-104766,Ventilador Volt 893,5,331.37,true
4768,SKU-104767,Micro-ondas Mirante 879,3,268.41,true
4769,SKU-104768,Mesa Kubo 290,7,454.37,true
4770,SKU-104769,Caixa Primo 667,21,589.26,true
4771,SKU-104770,Serra Kubo 535,12,409.62,true
4772,SKU-104771,Batedeira Onix 705,9,138.31,true
4773,SKU-104772,Halter Vertex 202,18,312.91,false
4774,SKU-104773,Batedeira Trilha 276,6,446.39,true
4775,SKU-104774,Capa Mirante 590,9,388.22,true
4776,SKU-104775,Micro-ondas Aurora 706,18,346.50,true
4777,SKU-104776,Soundbar Brava 139,16,218.20,false
4778,SKU-104777,Sofá Kairo 443,12,347.78,true
4779,SKU-104778,Memória Onix 615,3,90.17,true
4780,SKU-104779,Ventilador Kairo 461,17,839.62,true
4781,SKU-104780,Smartphone Orbis 728,13,660.44,true
4782,SKU-104781,Memória Trilha 371,7,265.60,true
4783,SKU-104782,Capa Pratic 980,17,295.07,true
4784,SKU-104783,Jogo Primo 160,15,177.56,true
4785,SKU-104784,Monitor Orbis 940,3,87.90,true
4786,SKU-104785,Halter Delta 431,21,450.38,true
4787,SKU-104786,Fonte Nexa 822,3,370.51,true
4788,SKU-104787,Headset Lumix 526,7,180.68,true
4789,SKU-104788,Secadora Orbis 456,2,231.22,true
4790,SKU-104789,Smartwatch Delta 903,15,767.10,true
4791,SKU-104790,SSD Orbis 980,21,353.83,true
4792,SKU-104791,Purificador Aurora 596,15,234.65,true
4793,SKU-104792,Parafusadeira Delta 907,16,775.45,true
4794,SKU-104793,Memória Aurora 696,7,169.30,true
4795,SKU-104794,Halter Pratic 843,15,358.93,true
4796,SKU-104795,Micro-ondas Brava 834,15,354.61,true
4797,SKU-104796,Cooler Volt 767,6,304.26,true
4798,SKU-104797,Secadora Pratic 607,13,368.54,true
4799,SKU-104798,Receiver Volt 690,20,355.97,true
4800,SKU-104799,Cafeteira Lumix 702,17,481.88,true
4801,SKU-104800,Fone Nexa 475,20,309.10,true
4802,SKU-104801,Headphone Orbis 404,10,784.50,true
4803,SKU-104802,Lavadora Trilha 743,7,515.97,true
4804,SKU-104803,Ar-condicionado Zentro 535,9,309.82,false
4805,SKU-104804,Carregador Lumix 683,20,484.55,true
4806,SKU-104805,Capa Astra 230,18,541.47,true
4807,SKU-104806,Roteador Brava 850,9,345.01,true
4808,SKU-104807,Smartphone Aurora 726,20,701.91,true
4809,SKU-104808,Ar-condicionado Primo 456,3,239.64,true
4810,SKU-104809,Roteador Veloce 494,3,651.65,true
4811,SKU-104810,Console Delta 932,3,312.41,true
4812,SKU-104811,Caixa Astra 372,7,147.29,false
4813,SKU-104812,Purificador Lumix 140,12,116.68,true
4814,SKU-104813,Fone Kubo 692,16,552.43,true
4815,SKU-104814,Cafeteira Primo 966,20,212.48,true
4816,SKU-104815,Smartwatch Pratic 544,3,121.39,true
4817,SKU-104816,Halter Pratic 666,7,194.54,true
4818,SKU-104817,Cafeteira Onix 576,7,181.89,true
4819,SKU-104818,Mesa Vertex 320,7,154.29,true
4820,SKU-104819,Soundbar Kubo 384,12,358.68,true
4821,SKU-104820,Cooler Kairo 389,12,124.82,true
4822,SKU-104821,Controle Brava 848,9,416.05,true
4823,SKU-104822,Smartphone Nordic 714,10,698.62,true
4824,SKU-104823,Esteira Lumix 296,12,132.33,true
4825,SKU-104824,Caixa Mirante 166,10,566.85,true
4826,SKU-104825,Ventilador Zentro 477,9,434.31,true
4827,SKU-104826,Sofá Volt 610,10,255.48,true
4828,SKU-104827,Furadeira Saga 839,17,119.35,true
4829,SKU-104828,Mouse Lumix 583,20,390.04,true
4830,SKU-104829,Mesa Brava 697,12,196.91,true
4831,SKU-104830,Monitor Zentro 285,17,163.89,true
4832,SKU-104831,Televisor Onix 479,13,81.56,true
4833,SKU-104832,Aspirador Delta 457,17,350.68,true
4834,SKU-104833,Headphone Onix 965,16,1055.73,true
4835,SKU-104834,Cafeteira Primo 317,13,511.76,true
4836,SKU-104835,Liquidificador Kubo 680,15,94.49,true
4837,SKU-104836,Jogo Onix 360,20,88.11,true
4838,SKU-104837,Parafusadeira Aurora 967,15,279.01,true
4839,SKU-104838,Serra Brava 389,6,339.18,true
4840,SKU-104839,Cafeteira Primo 782,12,612.57,true
4841,SKU-104840,Bicicleta Volt 193,9,318.46,true
4842,SKU-104841,Smartphone Mirante 412,16,358.86,true
4843,SKU-104842,Carregador Pratic 253,10,741.04,true
4844,SKU-104843,Aspirador Veloce 750,9,387.09,true
4845,SKU-104844,Desktop Brava 910,7,148.54,true
4846,SKU-104845,Ar-condicionado Zentro 787,6,487.68,true
4847,SKU-104846,Soundbar Nordic 892,16,242.44,true
4848,SKU-104847,Controle Saga 491,12,299.45,false
4849,SKU-104848,Cafeteira Nexa 903,6,188.49,true
4850,SKU-104849,Halter Pratic 170,16,578.51,true
4851,SKU-104850,Roteador Trilha 676,7,418.94,true
4852,SKU-104851,Memória Lumix 556,15,336.66,true
4853,SKU-104852,SSD Saga 189,5,230.55,true
4854,SKU-104853,Headset Volt 792,20,1177.09,true
4855,SKU-104854,Fonte Orbis 394,7,154.08,true
4856,SKU-104855,Furadeira Nexa 375,13,225.95,true
4857,SKU-104856,Halter Astra 871,7,726.81,false
4858,SKU-104857,Console Nordic 715,16,491.36,false
4859,SKU-104858,Controle Nordic 473,13,102.49,true
4860,SKU-104859,Mesa Aurora 478,5,1619.14,true
4861,SKU-104860,Lavadora Mirante 879,10,673.72,true
4862,SKU-104861,Geladeira Orbis 775,15,684.15,true
4863,SKU-104862,SSD Zentro 750,15,460.66,true
4864,SKU-104863,Memória Kairo 213,12,647.85,true
4865,SKU-104864,Receiver Volt 968,20,1132.06,true
4866,SKU-104865,Mouse Mirante 728,15,1854.09,true
4867,SKU-104866,Mouse Vertex 538,16,407.10,true
4868,SKU-104867,Cafeteira Brava 271,2,240.65,true
4869,SKU-104868,Aspirador Trilha 862,2,199.81,true
4870,SKU-104869,Smartwatch Astra 909,20,305.87,true
4871,SKU-104870,Memória Trilha 918,13,365.83,true
4872,SKU-104871,Cadeira Trilha 504,18,364.33,true
4873,SKU-104872,Caixa Astra 604,13,422.27,true
4874,SKU-104873,Ar-condicionado Zentro 313,6,537.11,true
4875,SKU-104874,Liquidificador Kubo 657,9,382.06,true
4876,SKU-104875,Teclado Nexa 217,15,65.01,true
4877,SKU-104876,Estante Orbis 430,3,292.87,true
4878,SKU-104877,Carregador Aurora 934,9,171.11,true
4879,SKU-104878,Notebook Kairo 340,18,161.44,true
4880,SKU-104879,Cadeira Lumix 483,2,719.76,true
4881,SKU-104880,Furadeira Kubo 144,9,403.09,true
4882,SKU-104881,Sofá Volt 455,18,433.35,true
4883,SKU-104882,Notebook Brava 646,5,105.22,false
4884,SKU-104883,Serra Primo 405,21,733.23,false
4885,SKU-104884,Caixa Brava 615,12,427.39,true
4886,SKU-104885,Caixa Astra 373,16,274.14,true
4887,SKU-104886,Capa Aurora 772,15,311.55,true
4888,SKU-104887,Cooler Vertex 411,5,80.16,true
4889,SKU-104888,Fone Kairo 617,2,358.79,true
4890,SKU-104889,Sofá Veloce 344,13,340.46,true
4891,SKU-104890,Jogo Mirante 219,21,299.09,true
4892,SKU-104891,Colchão Veloce 787,3,540.56,true
4893,SKU-104892,Estante Astra 383,18,420.12,true
4894,SKU-104893,Lavadora Aurora 254,9,190.38,true
4895,SKU-104894,Aspirador Trilha 537,5,478.85,true
4896,SKU-104895,Smartphone Delta 261,3,452.19,true
4897,SKU-104896,Desktop Mirante 839,21,407.15,true
4898,SKU-104897,Cooler Delta 905,7,378.62,true
4899,SKU-104898,Caixa Primo 432,3,412.20,true
4900,SKU-104899,Capa Lumix 869,10,685.34,true
4901,SKU-104900,Controle Lumix 840,15,249.03,true
4902,SKU-104901,Estante Aurora 684,2,83.01,true
4903,SKU-104902,Toalha Zentro 634,13,195.41,false
4904,SKU-104903,SSD Delta 977,15,386.86,false
4905,SKU-104904,Jogo Vertex 912,10,443.27,false
4906,SKU-104905,Smartphone Lumix 690,10,498.13,true
4907,SKU-104906,Controle Saga 225,12,727.32,true
4908,SKU-104907,Lençol Lumix 914,9,968.96,false
4909,SKU-104908,Purificador Nordic 647,6,254.90,true
4910,SKU-104909,Bicicleta Aurora 667,15,253.91,true
4911,SKU-104910,Toalha Nexa 881,20,167.99,true
4912,SKU-104911,Micro-ondas Kubo 316,18,829.67,true
4913,SKU-104912,Smartwatch Orbis 227,18,299.24,true
4914,SKU-104913,Aspirador Vertex 589,7,269.32,true
4915,SKU-104914,Serra Nexa 974,2,409.77,true
4916,SKU-104915,Capa Aurora 217,6,266.99,true
4917,SKU-104916,Fone Astra 341,9,613.19,true
4918,SKU-104917,Purificador Volt 309,7,305.76,true
4919,SKU-104918,Carregador Nexa 937,3,425.13,true
4920,SKU-104919,Headset Vertex 838,18,179.76,false
4921,SKU-104920,Console Brava 187,5,72.50,true
4922,SKU-104921,Aspirador Pratic 121,21,225.94,true
4923,SKU-104922,Lavadora Onix 343,6,368.69,true
4924,SKU-104923,Cafeteira Delta 345,12,209.04,true
4925,SKU-104924,Roteador Veloce 606,12,285.47,true
4926,SKU-104925,Purificador Onix 919,17,397.92,true
4927,SKU-104926,Jogo Orbis 777,15,418.25,true
4928,SKU-104927,Smartphone Vertex 613,21,93.16,true
4929,SKU-104928,Televisor Volt 932,3,648.88,true
4930,SKU-104929,Aspirador Kairo 963,12,324.15,true
4931,SKU-104930,Lençol Veloce 281,2,369.82,true
4932,SKU-104931,Fogão Volt 265,20,379.28,true
4933,SKU-104932,Estante Saga 207,20,809.08,true
4934,SKU-104933,SSD Vertex 153,9,1399.25,true
4935,SKU-104934,Fone Mirante 332,6,422.91,true
4936,SKU-104935,Serra Volt 990,21,452.47,true
4937,SKU-104936,Fogão Kubo 674,5,464.96,true
4938,SKU-104937,Toalha Vertex 231,9,620.96,false
4939,SKU-104938,Soundbar Nordic 272,17,75.56,true
4940,SKU-104939,Console Onix 129,5,513.66,true
4941,SKU-104940,Impressora Kubo 312,9,985.74,true
4942,SKU-104941,Caixa Primo 965,15,102.86,true
4943,SKU-104942,Sofá Volt 768,13,171.14,true
4944,SKU-104943,Controle Pratic 707,15,404.02,true
4945,SKU-104944,Colchão Veloce 789,12,132.31,true
4946,SKU-104945,Parafusadeira Mirante 876,6,519.71,true
4947,SKU-104946,Batedeira Zentro 337,7,354.38,true
4948,SKU-104947,Liquidificador Trilha 831,13,549.36,true
4949,SKU-104948,Controle Astra 929,2,730.42,true
4950,SKU-104949,SSD Nordic 717,9,350.98,true
4951,SKU-104950,Ventilador Aurora 604,16,1198.50,true
4952,SKU-104951,Receiver Onix 224,10,238.06,true
4953,SKU-104952,Roteador Astra 928,20,285.89,true
4954,SKU-104953,Sofá Delta 540,10,184.28,true
4955,SKU-104954,Colchão Orbis 957,7,538.35,true
4956,SKU-104955,Liquidificador Veloce 782,2,356.75,true
4957,SKU-104956,Memória Saga 356,3,340.00,true
4958,SKU-104957,Headset Nordic 836,6,758.59,true
4959,SKU-104958,Halter Zentro 223,12,116.11,true
4960,SKU-104959,Lavadora Kairo 971,5,446.73,false
4961,SKU-104960,Colchão Veloce 425,20,432.90,true
4962,SKU-104961,Capa Volt 680,12,282.54,true
4963,SKU-104962,Lavadora Lumix 612,7,126.93,false
4964,SKU-104963,Geladeira Mirante 522,6,1285.55,true
4965,SKU-104964,Secadora Onix 497,3,164.61,true
4966,SKU-104965,Furadeira Veloce 696,7,453.29,true
4967,SKU-104966,Esteira Vertex 129,2,198.24,true
4968,SKU-104967,Soundbar Trilha 880,10,466.41,true
4969,SKU-104968,Monitor Nordic 931,2,534.38,true
4970,SKU-104969,Fone Trilha 784,20,236.35,true
4971,SKU-104970,Ventilador Nexa 272,9,650.51,true
4972,SKU-104971,Parafusadeira Kubo 271,9,408.50,true
4973,SKU-104972,Furadeira Onix 222,3,259.90,true
4974,SKU-104973,Cooler Mirante 552,9,353.41,true
4975,SKU-104974,Micro-ondas Kubo 666,7,321.08,true
4976,SKU-104975,Toalha Saga 630,7,644.49,true
4977,SKU-104976,Mesa Kairo 521,5,765.05,true
4978,SKU-104977,Ventilador Trilha 293,17,256.40,true
4979,SKU-104978,Batedeira Nordic 646,9,600.81,true
4980,SKU-104979,Televisor Kairo 436,12,144.15,true
4981,SKU-104980,Fogão Kairo 655,5,358.89,true
4982,SKU-104981,Memória Saga 559,9,551.21,true
4983,SKU-104982,Liquidificador Lumix 656,16,1006.98,true
4984,SKU-104983,Colchão Primo 527,20,703.95,true
4985,SKU-104984,Carregador Lumix 651,13,612.67,true
4986,SKU-104985,Monitor Astra 394,9,371.71,true
4987,SKU-104986,Colchão Astra 819,6,107.18,true
4988,SKU-104987,Batedeira Aurora 769,2,457.73,true
4989,SKU-104988,Esteira Vertex 726,17,68.28,true
4990,SKU-104989,Memória Nordic 318,15,620.76,true
4991,SKU-104990,Headphone Veloce 691,21,165.00,true
4992,SKU-104991,Cafeteira Trilha 656,16,226.79,true
4993,SKU-104992,Notebook Mirante 575,16,423.02,true
4994,SKU-104993,Headset Astra 891,16,183.24,true
4995,SKU-104994,Soundbar Primo 511,18,459.58,true
4996,SKU-104995,Smartphone Veloce 700,10,204.88,true
4997,SKU-104996,Headphone Zentro 673,16,697.10,true
4998,SKU-104997,Desktop Nordic 610,7,531.11,true
4999,SKU-104998,Ar-condicionado Vertex 133,2,680.16,true
5000,SKU-104999,Console Veloce 784,6,475.32,true
5001,SKU-105000,Batedeira Aurora 748,17,141.60,true
5002,SKU-105001,Cooler Veloce 965,16,235.00,true
5003,SKU-105002,Fonte Vertex 221,6,235.06,true
5004,SKU-105003,Fogão Kairo 892,3,448.37,true
5005,SKU-105004,Roteador Astra 970,7,333.89,true
5006,SKU-105005,Ventilador Volt 686,2,384.22,true
5007,SKU-105006,Carregador Mirante 430,3,96.05,true
5008,SKU-105007,Serra Aurora 911,10,347.13,true
5009,SKU-105008,Lençol Volt 802,20,1405.20,true
5010,SKU-105009,Ar-condicionado Nordic 551,12,284.93,true
5011,SKU-105010,Ventilador Lumix 666,9,714.47,true
5012,SKU-105011,Teclado Vertex 841,2,608.32,true
5013,SKU-105012,Halter Primo 302,18,204.89,true
5014,SKU-105013,Receiver Trilha 272,2,323.00,true
5015,SKU-105014,Caixa Volt 856,20,232.79,true
5016,SKU-105015,Liquidificador Saga 929,3,932.24,true
5017,SKU-105016,Cadeira Volt 543,10,278.56,true
5018,SKU-105017,Liquidificador Saga 515,7,2263.60,false
5019,SKU-105018,Cooler Delta 200,20,308.77,true
5020,SKU-105019,Fonte Kubo 706,16,399.27,false
5021,SKU-105020,Geladeira Astra 424,7,189.86,true
5022,SKU-105021,Jogo Brava 106,15,113.67,true
5023,SKU-105022,Carregador Veloce 255,10,573.58,true
5024,SKU-105023,Caixa Veloce 434,12,600.46,true
5025,SKU-105024,Teclado Kairo 801,15,198.83,true
5026,SKU-105025,Sofá Mirante 241,2,241.93,true
5027,SKU-105026,Mesa Kubo 919,18,279.91,true
5028,SKU-105027,Fone Onix 304,6,579.31,true
5029,SKU-105028,Soundbar Saga 853,18,169.95,true
5030,SKU-105029,Geladeira Nexa 277,9,404.13,true
5031,SKU-105030,Halter Volt 425,15,238.05,true
5032,SKU-105031,Serra Lumix 949,15,291.37,false
5033,SKU-105032,Aspirador Primo 441,10,305.83,true
5034,SKU-105033,Mouse Onix 633,18,197.56,true
5035,SKU-105034,Secadora Delta 442,3,329.75,true
5036,SKU-105035,Lavadora Kairo 495,16,525.10,true
5037,SKU-105036,Cooler Vertex 938,9,550.24,true
5038,SKU-105037,Mesa Aurora 618,3,146.02,true
5039,SKU-105038,Colchão Orbis 542,18,693.86,true
5040,SKU-105039,Fogão Aurora 726,10,672.81,true
5041,SKU-105040,Receiver Delta 481,10,331.73,true
5042,SKU-105041,Lavadora Brava 710,13,869.29,true
5043,SKU-105042,Headphone Delta 834,16,98.31,true
5044,SKU-105043,Caixa Pratic 349,18,502.02,true
5045,SKU-105044,Parafusadeira Nordic 332,21,676.48,true
5046,SKU-105045,Notebook Brava 814,2,1033.88,true
5047,SKU-105046,Desktop Astra 718,21,381.67,true
5048,SKU-105047,Bicicleta Nexa 398,3,312.74,true
5049,SKU-105048,SSD Volt 454,13,725.56,true
5050,SKU-105049,Smartwatch Trilha 454,5,684.23,true
5051,SKU-105050,Furadeira Orbis 945,15,422.60,true
5052,SKU-105051,Memória Kairo 646,6,211.26,true
5053,SKU-105052,Furadeira Trilha 163,21,532.96,true
5054,SKU-105053,Colchão Saga 479,16,339.54,true
5055,SKU-105054,Halter Pratic 469,10,430.46,false
5056,SKU-105055,Micro-ondas Trilha 447,17,203.98,true
5057,SKU-105056,Serra Brava 745,17,121.22,true
5058,SKU-105057,Sofá Saga 121,15,452.43,true
5059,SKU-105058,Jogo Kubo 841,21,105.23,true
5060,SKU-105059,Console Vertex 610,9,730.47,true
5061,SKU-105060,Mesa Nordic 705,21,278.16,true
5062,SKU-105061,Notebook Mirante 149,10,154.89,true
5063,SKU-105062,Mouse Pratic 762,15,70.11,true
5064,SKU-105063,Esteira Onix 850,13,577.90,true
5065,SKU-105064,Lençol Brava 507,18,147.34,true
5066,SKU-105065,Teclado Astra 870,9,206.60,false
5067,SKU-105066,Secadora Nexa 910,12,216.64,true
5068,SKU-105067,Receiver Aurora 579,15,515.74,true
5069,SKU-105068,Estante Veloce 192,5,466.48,true
5070,SKU-105069,SSD Orbis 768,20,453.72,true
5071,SKU-105070,Geladeira Volt 753,18,271.38,true
5072,SKU-105071,Monitor Volt 428,5,280.64,false
5073,SKU-105072,Televisor Lumix 159,13,364.79,true
5074,SKU-105073,Carregador Kubo 131,5,184.60,true
5075,SKU-105074,Teclado Orbis 980,13,604.20,true
5076,SKU-105075,Carregador Saga 772,16,247.68,false
5077,SKU-105076,Halter Pratic 217,9,393.81,false
5078,SKU-105077,Esteira Saga 255,18,295.30,true
5079,SKU-105078,Estante Lumix 251,13,389.08,true
5080,SKU-105079,Colchão Orbis 924,3,172.51,true
5081,SKU-105080,Roteador Brava 584,7,490.03,true
5082,SKU-105081,Cadeira Astra 305,17,548.30,true
5083,SKU-105082,Televisor Pratic 330,12,128.75,true
5084,SKU-105083,Estante Nexa 279,13,951.52,true
5085,SKU-105084,Micro-ondas Primo 763,18,153.06,false
5086,SKU-105085,Furadeira Saga 607,15,274.76,true
5087,SKU-105086,Soundbar Pratic 748,17,121.01,true
5088,SKU-105087,Geladeira Aurora 904,3,324.80,true
5089,SKU-105088,Roteador Brava 697,12,280.23,true
5090,SKU-105089,Headphone Aurora 943,9,742.39,true
5091,SKU-105090,Lavadora Aurora 273,17,471.03,true
5092,SKU-105091,SSD Veloce 153,13,699.23,false
5093,SKU-105092,Cadeira Nordic 722,16,185.85,true
5094,SKU-105093,Mouse Mirante 891,7,169.33,true
5095,SKU-105094,Micro-ondas Primo 780,16,154.13,true
5096,SKU-105095,Cafeteira Onix 728,16,433.25,true
5097,SKU-105096,Fone Mirante 517,6,272.86,false
5098,SKU-105097,Desktop Astra 452,13,189.03,true
5099,SKU-105098,Serra Zentro 325,6,250.36,true
5100,SKU-105099,Ar-condicionado Kairo 357,6,587.67,true
5101,SKU-105100,Soundbar Kubo 253,12,110.52,true
5102,SKU-105101,Carregador Kubo 277,9,471.18,true
5103,SKU-105102,Purificador Aurora 243,3,200.50,true
5104,SKU-105103,Cadeira Vertex 213,21,586.09,true
5105,SKU-105104,Liquidificador Kairo 970,20,827.26,true
5106,SKU-105105,SSD Astra 846,21,292.59,true
5107,SKU-105106,Liquidificador Onix 158,21,99.15,true
5108,SKU-105107,Colchão Vertex 293,18,800.51,true
5109,SKU-105108,Lavadora Kairo 484,18,414.76,false
5110,SKU-105109,Lavadora Zentro 235,7,278.06,true
5111,SKU-105110,Fogão Onix 150,12,235.42,true
5112,SKU-105111,Soundbar Nordic 980,7,244.16,true
5113,SKU-105112,Notebook Delta 158,7,327.37,true
5114,SKU-105113,Teclado Aurora 276,6,305.94,true
5115,SKU-105114,Ar-condicionado Veloce 128,15,509.19,true
5116,SKU-105115,Capa Kubo 910,9,424.90,true
5117,SKU-105116,Jogo Vertex 642,3,116.73,true
5118,SKU-105117,Purificador Aurora 309,21,677.81,true
5119,SKU-105118,Esteira Vertex 573,3,121.24,true
5120,SKU-105119,Fone Kairo 805,2,133.83,true
5121,SKU-105120,Purificador Lumix 990,15,678.51,true
5122,SKU-105121,Cadeira Trilha 626,2,249.38,true
5123,SKU-105122,Parafusadeira Nexa 792,3,986.39,true
5124,SKU-105123,Bicicleta Lumix 983,18,355.42,true
5125,SKU-105124,Aspirador Aurora 648,21,197.74,true
5126,SKU-105125,Televisor Mirante 189,3,558.81,false
5127,SKU-105126,Micro-ondas Aurora 717,5,331.25,true
5128,SKU-105127,Ar-condicionado Veloce 150,16,431.94,true
5129,SKU-105128,Lavadora Primo 510,18,200.56,true
5130,SKU-105129,Toalha Onix 781,16,533.28,true
5131,SKU-105130,Capa Pratic 297,9,328.52,true
5132,SKU-105131,Televisor Zentro 418,17,472.20,true
5133,SKU-105132,Headphone Orbis 599,9,318.19,true
5134,SKU-105133,Lençol Pratic 659,10,292.10,true
5135,SKU-105134,Monitor Onix 940,20,311.16,true
5136,SKU-105135,Memória Mirante 613,2,715.73,true
5137,SKU-105136,Bicicleta Veloce 205,10,507.25,true
5138,SKU-105137,Notebook Volt 736,7,161.48,true
5139,SKU-105138,Impressora Brava 755,9,331.01,false
5140,SKU-105139,Esteira Saga 918,17,650.41,false
5141,SKU-105140,Headphone Mirante 509,15,493.16,false
5142,SKU-105141,Aspirador Volt 643,5,588.12,true
5143,SKU-105142,Desktop Delta 808,3,148.51,true
5144,SKU-105143,Jogo Vertex 699,2,241.07,true
5145,SKU-105144,Televisor Kubo 617,2,398.85,true
5146,SKU-105145,Memória Volt 699,17,108.81,true
5147,SKU-105146,Furadeira Delta 996,9,338.99,true
5148,SKU-105147,Purificador Mirante 413,10,128.66,true
5149,SKU-105148,Jogo Zentro 759,20,248.84,true
5150,SKU-105149,Halter Saga 636,15,461.85,true
5151,SKU-105150,Memória Kairo 177,20,359.65,true
5152,SKU-105151,Ar-condicionado Trilha 294,16,405.60,true
5153,SKU-105152,Batedeira Veloce 165,10,260.53,true
5154,SKU-105153,Aspirador Mirante 913,16,405.11,true
5155,SKU-105154,Smartwatch Zentro 262,18,228.40,true
5156,SKU-105155,Sofá Kairo 252,7,271.52,true
5157,SKU-105156,Caixa Orbis 883,12,258.11,true
5158,SKU-105157,Halter Vertex 763,18,1008.74,true
5159,SKU-105158,Desktop Zentro 640,10,139.02,true
5160,SKU-105159,Bicicleta Nordic 934,21,175.95,true
5161,SKU-105160,Ventilador Onix 877,13,726.88,true
5162,SKU-105161,Fogão Kairo 514,17,127.51,true
5163,SKU-105162,Console Kubo 270,3,137.74,true
5164,SKU-105163,Cooler Astra 531,3,545.42,true
5165,SKU-105164,Mouse Astra 530,3,544.57,true
5166,SKU-105165,Mesa Volt 899,17,730.92,true
5167,SKU-105166,Capa Mirante 495,15,184.72,true
5168,SKU-105167,Lavadora Delta 201,12,347.63,true
5169,SKU-105168,Fone Zentro 556,5,505.90,true
5170,SKU-105169,Fone Primo 529,7,303.48,true
5171,SKU-105170,Colchão Onix 768,12,125.68,true
5172,SKU-105171,Carregador Kairo 130,3,142.50,true
5173,SKU-105172,Headphone Astra 514,12,223.29,true
5174,SKU-105173,Capa Delta 717,3,354.38,true
5175,SKU-105174,Parafusadeira Delta 554,7,145.95,true
5176,SKU-105175,Cafeteira Onix 977,13,466.53,false
5177,SKU-105176,Bicicleta Mirante 696,18,525.29,true
5178,SKU-105177,Batedeira Nordic 797,12,893.29,true
5179,SKU-105178,Roteador Astra 652,21,274.08,true
5180,SKU-105179,Roteador Orbis 989,3,507.69,true
5181,SKU-105180,Carregador Trilha 660,18,252.12,true
5182,SKU-105181,Teclado Volt 133,5,302.12,true
5183,SKU-105182,Lavadora Vertex 941,3,394.26,true
5184,SKU-105183,Mesa Nordic 422,18,1028.75,true
5185,SKU-105184,Estante Kubo 339,6,463.21,true
5186,SKU-105185,SSD Lumix 491,18,669.92,true
5187,SKU-105186,Caixa Astra 428,10,363.45,true
5188,SKU-105187,Ar-condicionado Volt 606,10,738.91,true
5189,SKU-105188,Parafusadeira Lumix 342,12,300.09,true
5190,SKU-105189,Soundbar Vertex 632,18,496.16,true
5191,SKU-105190,Lavadora Volt 889,9,361.38,true
5192,SKU-105191,Purificador Onix 976,6,510.32,true
5193,SKU-105192,Ventilador Nordic 824,10,326.36,true
5194,SKU-105193,Sofá Trilha 220,20,199.07,true
5195,SKU-105194,Furadeira Kairo 582,17,115.00,true
5196,SKU-105195,Soundbar Aurora 783,13,349.01,true
5197,SKU-105196,Cooler Astra 232,17,352.48,true
5198,SKU-105197,Capa Aurora 722,17,337.26,true
5199,SKU-105198,Batedeira Lumix 534,12,823.12,true
5200,SKU-105199,Caixa Trilha 773,2,437.29,true
5201,SKU-105200,SSD Nexa 147,3,74.54,true
5202,SKU-105201,Televisor Lumix 438,7,464.14,true
5203,SKU-105202,Capa Astra 381,20,216.00,false
5204,SKU-105203,Aspirador Lumix 442,2,188.98,true
5205,SKU-105204,Cooler Pratic 826,3,895.62,true
5206,SKU-105205,Mouse Veloce 124,10,534.43,true
5207,SKU-105206,Console Kairo 372,15,294.03,true
5208,SKU-105207,Liquidificador Aurora 788,3,827.27,true
5209,SKU-105208,Lençol Onix 575,16,198.59,true
5210,SKU-105209,Headphone Trilha 126,2,191.35,true
5211,SKU-105210,Liquidificador Delta 585,15,271.62,true
5212,SKU-105211,Micro-ondas Onix 326,10,381.61,true
5213,SKU-105212,Carregador Kairo 364,21,525.00,true
5214,SKU-105213,Purificador Trilha 116,20,196.72,true
5215,SKU-105214,Smartwatch Primo 280,15,1096.36,true
5216,SKU-105215,Jogo Mirante 709,9,216.78,true
5217,SKU-105216,Furadeira Orbis 640,6,224.87,true
5218,SKU-105217,Batedeira Nordic 657,20,982.34,true
5219,SKU-105218,Batedeira Trilha 266,2,287.16,true
5220,SKU-105219,Ar-condicionado Zentro 825,6,391.33,true
5221,SKU-105220,Lavadora Primo 641,6,192.09,true
5222,SKU-105221,Esteira Delta 553,5,193.50,false
5223,SKU-105222,Serra Kubo 876,9,172.65,true
5224,SKU-105223,Parafusadeira Delta 778,12,670.28,true
5225,SKU-105224,SSD Lumix 110,15,439.41,false
5226,SKU-105225,Fonte Lumix 164,12,122.82,true
5227,SKU-105226,Caixa Kubo 115,7,440.61,true
5228,SKU-105227,Fonte Onix 327,13,164.33,true
5229,SKU-105228,Estante Nordic 414,2,691.85,true
5230,SKU-105229,Cooler Primo 293,7,487.87,false
5231,SKU-105230,Notebook Vertex 867,2,671.05,true
5232,SKU-105231,SSD Lumix 450,7,411.26,true
5233,SKU-105232,Geladeira Kubo 752,16,312.23,true
5234,SKU-105233,Purificador Brava 545,2,169.64,true
5235,SKU-105234,Controle Saga 575,9,827.49,true
5236,SKU-105235,Carregador Astra 442,3,350.12,true
5237,SKU-105236,Headset Lumix 253,13,642.19,true
5238,SKU-105237,Fone Saga 184,2,1206.03,true
5239,SKU-105238,Notebook Kubo 314,18,204.28,true
5240,SKU-105239,Geladeira Lumix 532,10,129.37,true
5241,SKU-105240,Mesa Volt 105,15,104.80,true
5242,SKU-105241,Ventilador Astra 760,7,462.18,true
5243,SKU-105242,Geladeira Volt 292,6,512.33,true
5244,SKU-105243,SSD Veloce 242,20,701.89,true
5245,SKU-105244,Furadeira Orbis 177,13,819.24,true
5246,SKU-105245,Smartphone Zentro 499,12,341.68,true
5247,SKU-105246,Console Nexa 153,5,783.53,true
5248,SKU-105247,Jogo Saga 338,10,639.04,true
5249,SKU-105248,Headset Kubo 516,21,343.28,true
5250,SKU-105249,Geladeira Trilha 860,5,312.28,true
5251,SKU-105250,Estante Kubo 516,20,633.46,true
5252,SKU-105251,Fone Kubo 939,21,227.12,true
5253,SKU-105252,Cooler Saga 658,12,344.35,true
5254,SKU-105253,Lavadora Nexa 614,13,215.35,true
5255,SKU-105254,Micro-ondas Primo 269,20,131.47,true
5256,SKU-105255,Micro-ondas Saga 619,9,613.96,true
5257,SKU-105256,Jogo Delta 174,9,422.65,true
5258,SKU-105257,Furadeira Lumix 500,7,405.50,true
5259,SKU-105258,Headphone Lumix 507,17,455.99,true
5260,SKU-105259,Jogo Astra 922,13,450.56,true
5261,SKU-105260,Jogo Brava 287,15,545.48,true
5262,SKU-105261,Halter Nexa 233,16,211.15,true
5263,SKU-105262,Notebook Zentro 628,5,172.71,true
5264,SKU-105263,Liquidificador Zentro 750,16,250.10,false
5265,SKU-105264,Toalha Veloce 403,3,438.00,true
5266,SKU-105265,Cadeira Trilha 186,17,354.78,true
5267,SKU-105266,Cooler Saga 844,2,224.06,true
5268,SKU-105267,Smartwatch Zentro 584,16,289.06,true
5269,SKU-105268,Serra Kairo 267,2,442.66,true
5270,SKU-105269,Furadeira Astra 998,17,121.78,true
5271,SKU-105270,Capa Volt 361,7,100.87,true
5272,SKU-105271,Ventilador Veloce 836,17,335.88,false
5273,SKU-105272,Controle Vertex 792,7,364.33,true
5274,SKU-105273,Cadeira Primo 987,21,235.22,true
5275,SKU-105274,Micro-ondas Pratic 296,17,1111.32,true
5276,SKU-105275,Impressora Lumix 204,18,67.34,false
5277,SKU-105276,Fone Brava 285,18,609.58,true
5278,SKU-105277,Roteador Kairo 776,2,634.84,true
5279,SKU-105278,Desktop Brava 113,17,364.64,true
5280,SKU-105279,Monitor Pratic 829,21,519.66,true
5281,SKU-105280,Geladeira Brava 738,10,783.65,true
5282,SKU-105281,Estante Veloce 594,15,258.97,true
5283,SKU-105282,Jogo Saga 992,21,426.27,true
5284,SKU-105283,Cooler Orbis 997,6,581.05,true
5285,SKU-105284,SSD Lumix 735,3,1704.77,true
5286,SKU-105285,Colchão Vertex 482,7,1344.60,true
5287,SKU-105286,Fogão Veloce 990,12,173.59,true
5288,SKU-105287,Roteador Kairo 713,10,261.36,true
5289,SKU-105288,Smartwatch Delta 299,18,375.61,true
5290,SKU-105289,Fogão Onix 833,13,280.23,true
5291,SKU-105290,Fogão Primo 367,12,218.51,false
5292,SKU-105291,Secadora Lumix 793,6,180.18,true
5293,SKU-105292,Soundbar Vertex 947,16,343.80,true
5294,SKU-105293,Caixa Nordic 940,13,727.07,true
5295,SKU-105294,Console Delta 541,10,431.72,true
5296,SKU-105295,Bicicleta Kubo 679,15,418.53,true
5297,SKU-105296,Fonte Orbis 746,3,587.18,true
5298,SKU-105297,Smartwatch Lumix 687,21,152.22,true
5299,SKU-105298,Liquidificador Delta 737,16,266.27,true
5300,SKU-105299,Toalha Primo 713,12,211.21,true
5301,SKU-105300,Ventilador Zentro 248,18,202.36,false
5302,SKU-105301,Furadeira Trilha 894,15,456.78,true
5303,SKU-105302,Mesa Nexa 916,9,665.05,true
5304,SKU-105303,Roteador Orbis 932,2,437.36,true
5305,SKU-105304,Console Primo 262,5,969.86,true
5306,SKU-105305,Headset Astra 250,3,82.76,true
5307,SKU-105306,Desktop Orbis 981,16,113.69,true
5308,SKU-105307,Esteira Mirante 248,13,123.38,true
5309,SKU-105308,Caixa Veloce 702,17,164.09,true
5310,SKU-105309,Fonte Kubo 812,2,410.65,true
5311,SKU-105310,Carregador Vertex 652,21,210.93,true
5312,SKU-105311,Mouse Vertex 717,6,431.94,true
5313,SKU-105312,Bicicleta Nordic 138,17,470.46,true
5314,SKU-105313,Carregador Primo 704,7,437.27,false
5315,SKU-105314,Notebook Delta 477,9,537.99,true
5316,SKU-105315,Ventilador Mirante 910,15,223.83,true
5317,SKU-105316,Mouse Volt 950,3,342.10,true
5318,SKU-105317,Jogo Onix 881,7,598.91,true
5319,SKU-105318,Notebook Aurora 375,16,553.04,true
5320,SKU-105319,Mesa Delta 565,21,109.69,true
5321,SKU-105320,Halter Kairo 761,7,1114.89,false
5322,SKU-105321,Notebook Pratic 903,6,352.21,true
5323,SKU-105322,Fone Aurora 765,15,485.51,true
5324,SKU-105323,Cadeira Onix 953,17,596.56,false
5325,SKU-105324,Memória Trilha 369,16,89.42,true
5326,SKU-105325,Aspirador Onix 223,20,291.00,true
5327,SKU-105326,Fogão Orbis 625,10,131.56,true
5328,SKU-105327,Carregador Orbis 656,7,560.17,true
5329,SKU-105328,Monitor Mirante 756,15,482.16,true
5330,SKU-105329,Smartphone Saga 278,17,707.83,true
5331,SKU-105330,Headphone Vertex 635,13,249.50,true
5332,SKU-105331,Mouse Pratic 918,20,628.40,true
5333,SKU-105332,Capa Veloce 600,6,590.35,true
5334,SKU-105333,Jogo Brava 820,21,79.65,true
5335,SKU-105334,Mesa Primo 555,18,959.30,true
5336,SKU-105335,Cadeira Nexa 289,7,474.34,true
5337,SKU-105336,Aspirador Trilha 224,15,328.84,true
5338,SKU-105337,Capa Trilha 688,6,301.85,true
5339,SKU-105338,Estante Vertex 802,13,232.57,true
5340,SKU-105339,Memória Brava 493,18,235.73,true
5341,SKU-105340,Teclado Trilha 293,7,335.57,true
5342,SKU-105341,Televisor Kairo 593,7,315.83,true
5343,SKU-105342,SSD Veloce 873,21,892.79,true
5344,SKU-105343,Headset Delta 778,15,276.50,true
5345,SKU-105344,Televisor Kubo 715,20,313.64,true
5346,SKU-105345,Notebook Nexa 883,16,361.18,true
5347,SKU-105346,Soundbar Saga 100,16,328.67,true
5348,SKU-105347,Soundbar Saga 179,13,92.09,true
5349,SKU-105348,Notebook Pratic 409,6,137.13,true
5350,SKU-105349,Fogão Nordic 822,20,336.11,true
5351,SKU-105350,Serra Delta 485,5,238.90,true
5352,SKU-105351,Sofá Pratic 770,17,388.16,true
5353,SKU-105352,Bicicleta Vertex 953,6,142.89,true
5354,SKU-105353,Ventilador Vertex 939,9,641.70,true
5355,SKU-105354,Furadeira Primo 955,17,193.17,true
5356,SKU-105355,Headset Nexa 521,5,482.69,true
5357,SKU-105356,Notebook Pratic 573,12,328.13,true
5358,SKU-105357,Headset Orbis 767,12,410.93,true
5359,SKU-105358,Impressora Onix 288,18,712.84,false
5360,SKU-105359,Caixa Volt 454,6,967.02,true
5361,SKU-105360,Estante Pratic 327,16,404.37,true
5362,SKU-105361,Memória Lumix 446,5,189.99,true
5363,SKU-105362,Halter Nexa 394,10,148.23,true
5364,SKU-105363,Cafeteira Astra 572,2,301.56,true
5365,SKU-105364,Serra Volt 212,2,595.02,true
5366,SKU-105365,Monitor Pratic 404,21,275.17,true
5367,SKU-105366,Halter Kairo 859,9,474.08,true
5368,SKU-105367,Cadeira Veloce 389,6,101.37,true
5369,SKU-105368,Cooler Delta 177,13,446.10,true
5370,SKU-105369,Parafusadeira Kubo 743,6,328.29,true
5371,SKU-105370,Fone Nexa 564,20,232.98,true
5372,SKU-105371,Ar-condicionado Saga 881,3,246.09,true
5373,SKU-105372,Mouse Brava 570,15,253.88,true
5374,SKU-105373,Purificador Orbis 991,12,326.15,true
5375,SKU-105374,Lavadora Zentro 875,7,458.97,false
5376,SKU-105375,Sofá Astra 991,3,795.97,true
5377,SKU-105376,Parafusadeira Volt 116,13,220.25,true
5378,SKU-105377,Micro-ondas Saga 620,12,374.05,true
5379,SKU-105378,Purificador Veloce 424,13,103.42,true
5380,SKU-105379,Capa Kubo 890,2,405.57,true
5381,SKU-105380,Capa Zentro 233,21,1138.70,true
5382,SKU-105381,Batedeira Brava 672,10,412.70,true
5383,SKU-105382,Fonte Delta 948,16,368.50,true
5384,SKU-105383,Geladeira Vertex 103,5,351.34,true
5385,SKU-105384,Smartwatch Kairo 565,17,157.98,true
5386,SKU-105385,Caixa Nordic 645,15,680.49,true
5387,SKU-105386,Roteador Mirante 937,3,270.46,true
5388,SKU-105387,Teclado Aurora 480,12,233.13,true
5389,SKU-105388,Furadeira Zentro 517,2,549.11,true
5390,SKU-105389,Receiver Lumix 549,16,193.31,true
5391,SKU-105390,Serra Veloce 330,18,426.27,false
5392,SKU-105391,Sofá Kairo 807,16,87.80,true
5393,SKU-105392,Jogo Zentro 273,12,128.13,true
5394,SKU-105393,Cooler Brava 164,6,281.55,true
5395,SKU-105394,Notebook Onix 946,21,410.33,true
5396,SKU-105395,Console Nexa 905,18,570.91,true
5397,SKU-105396,Headphone Nordic 413,6,419.61,true
5398,SKU-105397,Soundbar Zentro 799,3,758.10,true
5399,SKU-105398,Jogo Trilha 143,5,424.56,true
5400,SKU-105399,Halter Nordic 254,5,224.21,true
5401,SKU-105400,Console Onix 131,10,252.13,true
5402,SKU-105401,Fogão Nexa 463,13,161.56,true
5403,SKU-105402,Mesa Primo 510,10,453.89,false
5404,SKU-105403,Colchão Aurora 951,20,757.61,true
5405,SKU-105404,Batedeira Pratic 827,5,944.42,true
5406,SKU-105405,Notebook Aurora 749,16,458.20,true
5407,SKU-105406,Receiver Veloce 948,3,427.86,true
5408,SKU-105407,Headset Nexa 659,15,410.70,true
5409,SKU-105408,Teclado Vertex 407,17,245.77,true
5410,SKU-105409,Mouse Zentro 395,6,300.24,true
5411,SKU-105410,Geladeira Pratic 208,20,294.10,true
5412,SKU-105411,Ar-condicionado Kairo 259,21,239.11,true
5413,SKU-105412,Liquidificador Brava 736,5,154.27,true
5414,SKU-105413,Lençol Mirante 513,15,241.80,true
5415,SKU-105414,SSD Delta 244,7,969.63,true
5416,SKU-105415,Fonte Kubo 993,12,71.45,true
5417,SKU-105416,Purificador Saga 985,7,927.30,true
5418,SKU-105417,Controle Kairo 478,10,503.54,true
5419,SKU-105418,Ventilador Aurora 204,7,417.41,true
5420,SKU-105419,Estante Kubo 994,15,99.23,true
5421,SKU-105420,Cooler Mirante 312,17,331.65,true
5422,SKU-105421,Serra Nordic 393,20,256.33,true
5423,SKU-105422,Micro-ondas Aurora 496,10,207.40,true
5424,SKU-105423,Controle Nexa 734,18,78.78,true
5425,SKU-105424,Teclado Kairo 661,20,646.96,true
5426,SKU-105425,Receiver Saga 790,16,377.37,true
5427,SKU-105426,Purificador Onix 418,20,744.09,true
5428,SKU-105427,Esteira Saga 623,9,101.27,true
5429,SKU-105428,Toalha Nexa 757,20,194.65,true
5430,SKU-105429,Impressora Lumix 828,15,796.28,true
5431,SKU-105430,Halter Aurora 638,3,303.65,true
5432,SKU-105431,Headphone Saga 195,12,440.20,true
5433,SKU-105432,Mouse Kubo 112,17,1416.81,true
5434,SKU-105433,Carregador Trilha 687,13,137.57,true
5435,SKU-105434,Cooler Mirante 843,20,61.18,true
5436,SKU-105435,Halter Nordic 336,16,402.10,true
5437,SKU-105436,Headphone Kubo 582,20,664.37,true
5438,SKU-105437,Purificador Kubo 156,12,525.08,true
5439,SKU-105438,Fone Orbis 336,7,740.32,true
5440,SKU-105439,Console Orbis 505,12,480.07,true
5441,SKU-105440,Cafeteira Brava 289,12,253.34,true
5442,SKU-105441,Teclado Volt 385,20,257.37,true
5443,SKU-105442,Ventilador Orbis 315,16,305.43,true
5444,SKU-105443,Fonte Kubo 305,18,388.56,true
5445,SKU-105444,Notebook Saga 324,15,664.73,true
5446,SKU-105445,Lavadora Saga 908,10,251.10,true
5447,SKU-105446,Estante Veloce 242,20,558.50,true
5448,SKU-105447,Mouse Primo 935,9,329.35,true
5449,SKU-105448,Headphone Kubo 821,16,222.36,true
5450,SKU-105449,Smartwatch Volt 317,20,417.83,true
5451,SKU-105450,Lençol Nordic 634,21,681.18,true
5452,SKU-105451,Mouse Delta 392,13,360.63,false
5453,SKU-105452,Mouse Aurora 222,9,259.24,true
5454,SKU-105453,Fonte Veloce 990,17,313.23,true
5455,SKU-105454,Batedeira Delta 603,10,217.19,true
5456,SKU-105455,Cafeteira Veloce 678,3,190.88,true
5457,SKU-105456,Mouse Veloce 387,7,116.52,true
5458,SKU-105457,Secadora Brava 385,12,312.39,true
5459,SKU-105458,Carregador Kubo 741,2,1037.95,true
5460,SKU-105459,Mesa Kairo 376,9,427.85,true
5461,SKU-105460,Ventilador Kubo 479,15,208.87,true
5462,SKU-105461,Toalha Saga 917,21,249.25,true
5463,SKU-105462,Soundbar Saga 526,21,117.62,true
5464,SKU-105463,Mouse Vertex 892,9,357.20,true
5465,SKU-105464,Bicicleta Astra 118,16,654.23,true
5466,SKU-105465,Geladeira Pratic 379,2,423.31,true
5467,SKU-105466,Cafeteira Primo 556,3,609.65,true
5468,SKU-105467,Console Onix 663,5,523.00,true
5469,SKU-105468,Lençol Veloce 935,15,451.81,true
5470,SKU-105469,Colchão Veloce 418,12,227.19,true
5471,SKU-105470,Soundbar Kubo 342,21,87.57,true
5472,SKU-105471,Lençol Trilha 231,6,323.45,true
5473,SKU-105472,Ar-condicionado Nordic 855,10,756.47,true
5474,SKU-105473,Jogo Vertex 357,20,307.18,true
5475,SKU-105474,Esteira Veloce 694,7,158.23,true
5476,SKU-105475,Desktop Mirante 168,7,349.31,true
5477,SKU-105476,Esteira Nexa 410,21,129.92,true
5478,SKU-105477,Carregador Kubo 610,15,652.07,true
5479,SKU-105478,Colchão Mirante 967,10,229.40,true
5480,SKU-105479,Serra Nordic 322,5,530.42,true
5481,SKU-105480,Capa Brava 509,17,264.26,true
5482,SKU-105481,Lençol Zentro 738,6,206.24,true
5483,SKU-105482,Desktop Kairo 344,5,349.75,true
5484,SKU-105483,Receiver Zentro 100,18,988.97,true
5485,SKU-105484,Esteira Veloce 669,9,189.55,true
5486,SKU-105485,Fonte Volt 985,16,430.46,true
5487,SKU-105486,Toalha Veloce 754,3,507.67,true
5488,SKU-105487,Cooler Veloce 324,15,819.78,true
5489,SKU-105488,Halter Zentro 340,6,157.53,false
5490,SKU-105489,Fonte Pratic 620,16,294.43,true
5491,SKU-105490,Receiver Saga 848,16,272.70,true
5492,SKU-105491,Secadora Kairo 532,7,79.82,true
5493,SKU-105492,Estante Lumix 577,21,348.36,true
5494,SKU-105493,Lavadora Astra 449,2,729.61,true
5495,SKU-105494,Smartwatch Nordic 532,9,287.89,true
5496,SKU-105495,Parafusadeira Vertex 321,21,181.57,true
5497,SKU-105496,Micro-ondas Astra 441,17,754.36,true
5498,SKU-105497,Estante Pratic 526,2,117.37,true
5499,SKU-105498,Receiver Kairo 511,12,301.48,true
5500,SKU-105499,Aspirador Brava 468,7,450.51,true
5501,SKU-105500,Memória Astra 585,3,1018.79,true
5502,SKU-105501,Fone Mirante 596,15,201.59,true
5503,SKU-105502,Liquidificador Orbis 189,17,508.71,true
5504,SKU-105503,Mesa Volt 709,9,109.47,true
5505,SKU-105504,Colchão Primo 194,3,409.13,true
5506,SKU-105505,Colchão Pratic 711,17,482.42,true
5507,SKU-105506,Liquidificador Astra 456,16,633.95,true
5508,SKU-105507,Cafeteira Kairo 467,20,675.03,true
5509,SKU-105508,Cafeteira Delta 829,13,301.79,true
5510,SKU-105509,Esteira Vertex 263,10,265.77,true
5511,SKU-105510,Teclado Kairo 481,21,171.14,true
5512,SKU-105511,Toalha Onix 733,17,274.11,true
5513,SKU-105512,Sofá Primo 879,10,668.88,true
5514,SKU-105513,Fonte Volt 635,15,232.59,true
5515,SKU-105514,Bicicleta Pratic 754,6,507.49,false
5516,SKU-105515,Micro-ondas Lumix 353,7,1393.06,true
5517,SKU-105516,Smartphone Pratic 913,7,217.16,true
5518,SKU-105517,Mouse Onix 806,7,800.23,true
5519,SKU-105518,Ar-condicionado Kairo 203,3,366.89,true
5520,SKU-105519,Secadora Primo 445,20,308.35,true
5521,SKU-105520,Halter Orbis 471,12,914.91,true
5522,SKU-105521,Console Kubo 117,13,350.10,true
5523,SKU-105522,Cooler Brava 595,21,221.89,true
5524,SKU-105523,Esteira Onix 721,18,348.36,true
5525,SKU-105524,Monitor Kairo 426,6,417.82,true
5526,SKU-105525,Roteador Pratic 516,6,1002.12,false
5527,SKU-105526,Sofá Pratic 563,13,51.18,true
5528,SKU-105527,Televisor Brava 874,9,360.67,true
5529,SKU-105528,Bicicleta Nordic 743,21,622.76,true
5530,SKU-105529,Fogão Zentro 319,7,274.31,true
5531,SKU-105530,Bicicleta Astra 958,18,364.32,true
5532,SKU-105531,Receiver Orbis 769,9,698.24,true
5533,SKU-105532,Halter Kairo 308,10,128.01,true
5534,SKU-105533,Ventilador Mirante 380,5,98.31,true
5535,SKU-105534,Geladeira Onix 809,3,604.35,false
5536,SKU-105535,Capa Mirante 179,16,1009.49,true
5537,SKU-105536,Colchão Brava 426,7,513.99,true
5538,SKU-105537,Liquidificador Astra 526,12,272.03,true
5539,SKU-105538,Console Onix 182,3,312.39,true
5540,SKU-105539,Televisor Onix 475,7,321.39,true
5541,SKU-105540,Purificador Delta 653,6,276.32,true
5542,SKU-105541,Receiver Delta 747,12,444.85,true
5543,SKU-105542,Desktop Vertex 852,7,185.53,true
5544,SKU-105543,Aspirador Kubo 632,10,754.30,true
5545,SKU-105544,Caixa Pratic 661,9,424.96,false
5546,SKU-105545,Headset Delta 759,15,144.47,true
5547,SKU-105546,Mouse Pratic 322,13,112.66,false
5548,SKU-105547,Desktop Saga 546,3,201.44,false
5549,SKU-105548,Cooler Lumix 482,10,687.76,true
5550,SKU-105549,Televisor Veloce 405,2,331.38,false
5551,SKU-105550,Serra Mirante 879,9,271.97,true
5552,SKU-105551,Cooler Trilha 619,10,927.65,true
5553,SKU-105552,Secadora Veloce 572,16,529.76,true
5554,SKU-105553,Sofá Primo 939,17,398.26,true
5555,SKU-105554,Esteira Lumix 637,9,533.58,true
5556,SKU-105555,Mouse Onix 642,21,449.47,false
5557,SKU-105556,Capa Aurora 120,20,345.38,true
5558,SKU-105557,Mouse Onix 404,9,380.36,true
5559,SKU-105558,Batedeira Saga 366,7,536.74,false
5560,SKU-105559,Ventilador Delta 789,15,661.26,true
5561,SKU-105560,Furadeira Primo 740,9,157.66,true
5562,SKU-105561,Cooler Vertex 393,3,824.67,true
5563,SKU-105562,Cadeira Kairo 577,21,204.17,true
5564,SKU-105563,Carregador Aurora 769,18,388.13,true
5565,SKU-105564,Halter Mirante 108,12,499.40,true
5566,SKU-105565,Console Nexa 756,9,398.40,true
5567,SKU-105566,Batedeira Delta 788,7,363.41,true
5568,SKU-105567,Console Trilha 615,9,202.63,true
5569,SKU-105568,Mouse Kubo 264,21,370.92,true
5570,SKU-105569,Lavadora Vertex 330,2,980.51,true
5571,SKU-105570,Mouse Astra 193,5,584.99,true
5572,SKU-105571,Lavadora Delta 823,9,625.37,true
5573,SKU-105572,Console Onix 959,17,1036.70,true
5574,SKU-105573,Serra Kairo 297,17,506.32,true
5575,SKU-105574,Parafusadeira Kubo 723,12,687.10,true
5576,SKU-105575,Cooler Delta 259,12,383.24,true
5577,SKU-105576,Smartwatch Vertex 375,15,399.29,true
5578,SKU-105577,Serra Brava 249,21,116.48,true
5579,SKU-105578,Bicicleta Onix 487,20,222.46,true
5580,SKU-105579,Sofá Astra 622,6,315.69,true
5581,SKU-105580,Furadeira Kairo 676,9,547.26,true
5582,SKU-105581,Ar-condicionado Mirante 403,21,302.74,true
5583,SKU-105582,Cooler Onix 789,20,418.83,false
5584,SKU-105583,Bicicleta Zentro 959,6,396.83,true
5585,SKU-105584,Fone Saga 247,16,720.46,true
5586,SKU-105585,Smartphone Mirante 108,10,732.52,true
5587,SKU-105586,Jogo Mirante 699,20,343.91,true
5588,SKU-105587,Colchão Astra 480,15,191.79,true
5589,SKU-105588,Aspirador Kairo 263,15,321.15,false
5590,SKU-105589,Lavadora Aurora 802,2,106.51,true
5591,SKU-105590,Geladeira Vertex 401,12,80.02,true
5592,SKU-105591,Roteador Veloce 820,10,183.40,true
5593,SKU-105592,Headphone Nexa 681,3,375.78,true
5594,SKU-105593,Headset Zentro 949,21,250.65,true
5595,SKU-105594,Impressora Nexa 631,20,292.14,true
5596,SKU-105595,Monitor Vertex 183,21,226.07,true
5597,SKU-105596,Cooler Kubo 805,2,115.58,true
5598,SKU-105597,Aspirador Lumix 192,18,525.54,true
5599,SKU-105598,Fone Veloce 273,12,269.22,false
5600,SKU-105599,Furadeira Lumix 540,21,279.22,true
5601,SKU-105600,Fone Lumix 397,6,298.30,true
5602,SKU-105601,Fonte Primo 762,7,479.69,true
5603,SKU-105602,Mesa Vertex 884,16,488.67,true
5604,SKU-105603,Notebook Trilha 877,20,232.62,true
5605,SKU-105604,Bicicleta Mirante 248,21,453.20,true
5606,SKU-105605,Lavadora Kairo 824,20,658.31,true
5607,SKU-105606,Carregador Veloce 108,9,160.36,true
5608,SKU-105607,SSD Primo 678,5,377.61,false
5609,SKU-105608,Batedeira Pratic 967,20,354.94,true
5610,SKU-105609,Smartphone Pratic 302,20,455.75,true
5611,SKU-105610,Headset Pratic 588,2,493.08,true
5612,SKU-105611,Caixa Kubo 167,9,487.79,true
5613,SKU-105612,Toalha Kairo 817,2,402.73,true
5614,SKU-105613,Purificador Veloce 849,16,188.99,true
5615,SKU-105614,Televisor Saga 266,12,446.07,false
5616,SKU-105615,Soundbar Nexa 782,21,304.63,true
5617,SKU-105616,Memória Aurora 233,7,396.49,true
5618,SKU-105617,Monitor Veloce 509,12,292.24,true
5619,SKU-105618,Monitor Kairo 260,16,242.62,true
5620,SKU-105619,Fone Mirante 747,18,891.09,true
5621,SKU-105620,Toalha Volt 928,5,197.94,true
5622,SKU-105621,Cafeteira Lumix 415,12,618.13,true
5623,SKU-105622,Ar-condicionado Nordic 585,18,251.37,true
5624,SKU-105623,Controle Brava 897,13,407.41,true
5625,SKU-105624,Smartphone Astra 876,17,583.71,true
5626,SKU-105625,Cooler Pratic 152,21,107.15,true
5627,SKU-105626,Jogo Brava 651,9,307.39,true
5628,SKU-105627,Halter Trilha 696,3,516.16,true
5629,SKU-105628,Carregador Pratic 238,18,186.45,true
5630,SKU-105629,Smartwatch Nordic 137,20,290.31,true
5631,SKU-105630,Notebook Nexa 430,6,735.40,true
5632,SKU-105631,Teclado Orbis 731,10,264.67,true
5633,SKU-105632,Headset Vertex 165,21,582.61,true
5634,SKU-105633,Memória Nordic 226,20,563.62,true
5635,SKU-105634,Colchão Onix 661,16,646.28,true
5636,SKU-105635,Mesa Mirante 862,17,159.43,true
5637,SKU-105636,Micro-ondas Aurora 543,3,344.05,true
5638,SKU-105637,Controle Lumix 729,3,304.04,true
5639,SKU-105638,Caixa Veloce 440,9,439.57,false
5640,SKU-105639,Teclado Astra 581,7,46.63,true
5641,SKU-105640,Teclado Onix 734,9,508.07,true
5642,SKU-105641,Monitor Nexa 771,13,672.30,true
5643,SKU-105642,Batedeira Mirante 236,9,341.25,true
5644,SKU-105643,Soundbar Vertex 275,15,514.01,true
5645,SKU-105644,Serra Aurora 395,7,440.99,true
5646,SKU-105645,Memória Primo 942,3,1427.72,true
5647,SKU-105646,Parafusadeira Nordic 972,17,198.47,true
5648,SKU-105647,SSD Saga 714,15,1197.12,true
5649,SKU-105648,Colchão Orbis 527,10,702.54,true
5650,SKU-105649,Fogão Orbis 451,15,255.53,true
5651,SKU-105650,Micro-ondas Lumix 914,6,395.28,true
5652,SKU-105651,Fonte Brava 231,15,258.23,true
5653,SKU-105652,Receiver Vertex 451,18,749.47,true
5654,SKU-105653,Impressora Onix 364,6,585.25,true
5655,SKU-105654,Impressora Veloce 413,5,363.11,true
5656,SKU-105655,Estante Lumix 117,16,451.67,true
5657,SKU-105656,Cadeira Pratic 257,2,219.25,true
5658,SKU-105657,Smartwatch Mirante 596,16,437.93,true
5659,SKU-105658,Liquidificador Aurora 574,12,490.44,true
5660,SKU-105659,Fonte Mirante 614,7,280.96,true
5661,SKU-105660,Esteira Saga 307,18,202.91,true
5662,SKU-105661,Fone Brava 688,2,304.34,true
5663,SKU-105662,Ar-condicionado Vertex 961,6,229.51,false
5664,SKU-105663,Controle Astra 289,15,734.53,true
5665,SKU-105664,Secadora Kubo 943,7,198.96,true
5666,SKU-105665,Cooler Nexa 366,9,538.48,true
5667,SKU-105666,Batedeira Nordic 965,2,471.25,true
5668,SKU-105667,Esteira Pratic 612,9,433.44,true
5669,SKU-105668,Fonte Veloce 241,13,504.91,true
5670,SKU-105669,Carregador Pratic 687,7,388.76,true
5671,SKU-105670,Headphone Delta 651,2,204.37,true
5672,SKU-105671,Ar-condicionado Saga 847,12,550.71,true
5673,SKU-105672,Secadora Aurora 330,12,756.05,true
5674,SKU-105673,Cooler Veloce 193,21,80.82,true
5675,SKU-105674,Parafusadeira Mirante 215,13,233.90,true
5676,SKU-105675,Aspirador Kubo 852,15,288.22,true
5677,SKU-105676,Halter Kairo 634,5,550.63,true
5678,SKU-105677,Secadora Kubo 144,7,377.11,true
5679,SKU-105678,Purificador Zentro 213,7,1147.40,true
5680,SKU-105679,Parafusadeira Pratic 231,9,247.35,true
5681,SKU-105680,Colchão Brava 481,9,106.85,true
5682,SKU-105681,Memória Pratic 186,12,238.24,true
5683,SKU-105682,Toalha Onix 765,16,190.11,true
5684,SKU-105683,Ar-condicionado Nordic 827,18,205.76,true
5685,SKU-105684,Jogo Nexa 487,15,220.87,true
5686,SKU-105685,Desktop Saga 552,20,104.39,true
5687,SKU-105686,Furadeira Delta 111,5,669.34,true
5688,SKU-105687,Purificador Orbis 186,9,168.51,true
5689,SKU-105688,Fogão Delta 625,12,504.02,true
5690,SKU-105689,Fone Vertex 826,21,277.20,true
5691,SKU-105690,Carregador Delta 547,15,248.06,true
5692,SKU-105691,Ventilador Orbis 686,7,337.31,true
5693,SKU-105692,Furadeira Brava 142,12,228.91,false
5694,SKU-105693,Lavadora Kubo 471,9,167.87,true
5695,SKU-105694,Sofá Delta 142,9,882.30,true
5696,SKU-105695,Fonte Kubo 312,9,218.74,true
5697,SKU-105696,Parafusadeira Zentro 627,17,67.00,true
5698,SKU-105697,Cooler Orbis 821,17,328.47,true
5699,SKU-105698,Carregador Onix 141,13,304.74,true
5700,SKU-105699,Ar-condicionado Veloce 785,5,360.71,true
5701,SKU-105700,Cadeira Primo 788,18,311.99,true
5702,SKU-105701,Mouse Nordic 536,18,156.97,true
5703,SKU-105702,Controle Pratic 836,10,305.27,true
5704,SKU-105703,Geladeira Nordic 150,5,401.51,true
5705,SKU-105704,Esteira Volt 284,20,494.80,true
5706,SKU-105705,Teclado Veloce 799,12,168.20,true
5707,SKU-105706,Memória Brava 152,17,110.69,true
5708,SKU-105707,Furadeira Veloce 745,20,337.27,true
5709,SKU-105708,Esteira Pratic 174,16,213.20,true
5710,SKU-105709,Desktop Delta 679,20,158.38,true
5711,SKU-105710,Purificador Onix 179,7,286.47,true
5712,SKU-105711,Estante Saga 451,3,685.97,true
5713,SKU-105712,Console Veloce 113,9,404.60,true
5714,SKU-105713,Caixa Aurora 347,7,660.35,true
5715,SKU-105714,Lavadora Nordic 274,5,253.59,true
5716,SKU-105715,Monitor Vertex 326,20,80.10,true
5717,SKU-105716,Estante Vertex 408,13,316.40,true
5718,SKU-105717,Roteador Trilha 370,10,205.55,true
5719,SKU-105718,Lençol Brava 305,15,249.33,true
5720,SKU-105719,Esteira Primo 509,5,450.13,true
5721,SKU-105720,Teclado Trilha 242,10,476.07,false
5722,SKU-105721,Jogo Veloce 981,10,360.70,true
5723,SKU-105722,Notebook Onix 325,7,363.66,true
5724,SKU-105723,Liquidificador Onix 263,2,601.09,true
5725,SKU-105724,Halter Orbis 377,12,297.21,true
5726,SKU-105725,Secadora Aurora 839,5,623.22,true
5727,SKU-105726,Teclado Kairo 521,9,940.47,true
5728,SKU-105727,Furadeira Pratic 308,17,667.82,true
5729,SKU-105728,Aspirador Astra 665,20,866.81,true
5730,SKU-105729,Aspirador Zentro 446,16,772.31,true
5731,SKU-105730,Jogo Nordic 680,5,407.85,true
5732,SKU-105731,Bicicleta Veloce 424,18,643.37,true
5733,SKU-105732,Console Onix 509,18,493.32,true
5734,SKU-105733,Colchão Onix 135,21,485.61,true
5735,SKU-105734,Mouse Delta 475,3,552.65,false
5736,SKU-105735,Fone Pratic 733,10,199.73,true
5737,SKU-105736,Esteira Primo 225,6,374.73,false
5738,SKU-105737,Fogão Primo 475,9,966.08,true
5739,SKU-105738,Soundbar Nordic 573,17,647.25,true
5740,SKU-105739,SSD Delta 360,10,577.08,true
5741,SKU-105740,Receiver Delta 620,20,437.71,false
5742,SKU-105741,Lençol Lumix 426,2,576.88,false
5743,SKU-105742,Smartphone Primo 623,3,129.26,false
5744,SKU-105743,SSD Vertex 454,6,235.81,true
5745,SKU-105744,Controle Astra 969,9,186.33,true
5746,SKU-105745,Cooler Onix 599,10,226.75,true
5747,SKU-105746,Desktop Astra 462,17,487.94,true
5748,SKU-105747,Ar-condicionado Brava 719,10,161.43,true
5749,SKU-105748,Bicicleta Brava 870,7,206.43,true
5750,SKU-105749,Geladeira Mirante 590,18,235.73,true
5751,SKU-105750,Desktop Kairo 657,21,56.64,true
5752,SKU-105751,Fonte Primo 371,3,253.17,true
5753,SKU-105752,Parafusadeira Pratic 332,6,368.31,true
5754,SKU-105753,Headset Primo 445,10,443.00,true
5755,SKU-105754,Soundbar Orbis 397,2,251.33,true
5756,SKU-105755,Cadeira Onix 559,6,161.53,true
5757,SKU-105756,Mesa Orbis 462,3,93.08,true
5758,SKU-105757,Memória Orbis 249,15,497.34,true
5759,SKU-105758,Notebook Pratic 177,5,353.15,true
5760,SKU-105759,Carregador Kubo 140,7,153.51,true
5761,SKU-105760,Lavadora Mirante 657,21,191.24,true
5762,SKU-105761,Console Trilha 949,7,723.04,true
5763,SKU-105762,Televisor Onix 188,5,474.82,true
5764,SKU-105763,Controle Kairo 561,2,484.46,true
5765,SKU-105764,Cafeteira Brava 420,13,191.54,true
5766,SKU-105765,Cafeteira Kubo 806,18,210.64,true
5767,SKU-105766,Headset Veloce 619,3,334.56,true
5768,SKU-105767,Micro-ondas Nordic 445,3,378.86,true
5769,SKU-105768,Teclado Onix 663,16,148.49,false
5770,SKU-105769,Fogão Astra 693,3,91.23,true
5771,SKU-105770,SSD Trilha 482,2,666.16,true
5772,SKU-105771,Caixa Astra 815,17,625.06,true
5773,SKU-105772,Soundbar Delta 779,12,218.53,false
5774,SKU-105773,Sofá Kairo 105,3,416.10,true
5775,SKU-105774,Lençol Nexa 787,17,498.00,true
5776,SKU-105775,Televisor Zentro 398,10,343.64,false
5777,SKU-105776,Smartwatch Astra 770,20,263.75,true
5778,SKU-105777,Ar-condicionado Kubo 415,13,155.99,true
5779,SKU-105778,Capa Nexa 458,6,1302.28,true
5780,SKU-105779,Esteira Nordic 736,20,504.74,false
5781,SKU-105780,Fogão Astra 187,13,188.59,true
5782,SKU-105781,Jogo Trilha 613,15,179.31,true
5783,SKU-105782,Sofá Volt 216,12,390.56,true
5784,SKU-105783,Caixa Onix 688,9,455.34,true
5785,SKU-105784,Mouse Lumix 856,16,169.06,false
5786,SKU-105785,Soundbar Mirante 125,16,469.67,true
5787,SKU-105786,Ventilador Aurora 924,20,1316.00,true
5788,SKU-105787,Batedeira Volt 709,12,525.14,false
5789,SKU-105788,Headphone Kairo 893,5,859.17,true
5790,SKU-105789,Impressora Nordic 340,12,1316.86,true
5791,SKU-105790,Memória Primo 177,10,380.08,true
5792,SKU-105791,Ventilador Nordic 489,5,130.69,true
5793,SKU-105792,Furadeira Vertex 416,7,410.15,true
5794,SKU-105793,Memória Primo 663,15,478.73,true
5795,SKU-105794,Aspirador Astra 836,7,288.00,true
5796,SKU-105795,Fogão Volt 650,21,739.71,true
5797,SKU-105796,Soundbar Onix 413,6,359.25,true
5798,SKU-105797,Headphone Saga 966,7,648.32,true
5799,SKU-105798,Desktop Brava 304,16,464.66,true
5800,SKU-105799,Caixa Trilha 806,15,156.49,true
5801,SKU-105800,Aspirador Trilha 730,21,928.31,true
5802,SKU-105801,Lavadora Mirante 486,17,75.03,true
5803,SKU-105802,Controle Mirante 154,2,859.82,true
5804,SKU-105803,Liquidificador Onix 546,3,209.51,true
5805,SKU-105804,Televisor Volt 362,3,259.88,true
5806,SKU-105805,Ventilador Mirante 995,2,171.96,true
5807,SKU-105806,Bicicleta Nexa 137,12,123.20,false
5808,SKU-105807,Esteira Saga 114,20,938.61,true
5809,SKU-105808,Mesa Aurora 436,3,1220.24,true
5810,SKU-105809,Receiver Veloce 168,15,307.35,true
5811,SKU-105810,Smartwatch Trilha 578,20,446.34,true
5812,SKU-105811,Notebook Nordic 151,17,342.70,true
5813,SKU-105812,Estante Volt 723,10,554.03,true
5814,SKU-105813,Mouse Brava 529,7,368.41,true
5815,SKU-105814,Carregador Onix 239,17,439.61,true
5816,SKU-105815,Cadeira Aurora 768,21,354.09,true
5817,SKU-105816,Teclado Mirante 828,5,595.39,true
5818,SKU-105817,Cafeteira Aurora 456,15,379.78,true
5819,SKU-105818,Parafusadeira Nexa 445,17,519.23,false
5820,SKU-105819,Capa Kubo 635,17,184.21,true
5821,SKU-105820,Fogão Kairo 275,2,745.69,true
5822,SKU-105821,Headphone Lumix 646,21,240.01,true
5823,SKU-105822,Cadeira Veloce 434,17,176.78,true
5824,SKU-105823,Mouse Vertex 658,18,139.32,true
5825,SKU-105824,Ar-condicionado Kubo 484,3,291.05,true
5826,SKU-105825,Cadeira Primo 573,17,253.39,true
5827,SKU-105826,Estante Trilha 120,9,210.14,true
5828,SKU-105827,Soundbar Nordic 246,21,296.17,true
5829,SKU-105828,Purificador Kubo 757,20,399.49,true
5830,SKU-105829,Cadeira Aurora 254,10,282.63,true
5831,SKU-105830,Memória Kubo 914,15,110.58,true
5832,SKU-105831,Secadora Orbis 932,6,682.90,true
5833,SKU-105832,Carregador Nexa 283,17,345.17,true
5834,SKU-105833,Furadeira Delta 820,18,369.37,true
5835,SKU-105834,Furadeira Trilha 894,13,189.87,true
5836,SKU-105835,Console Orbis 250,3,127.61,true
5837,SKU-105836,Purificador Brava 698,3,214.04,true
5838,SKU-105837,Headphone Kubo 571,18,304.45,true
5839,SKU-105838,Serra Primo 204,7,735.35,true
5840,SKU-105839,Geladeira Delta 369,13,331.80,false
5841,SKU-105840,Ar-condicionado Orbis 474,12,175.02,true
5842,SKU-105841,Estante Kairo 890,2,122.38,true
5843,SKU-105842,Televisor Nexa 508,18,105.36,true
5844,SKU-105843,Halter Saga 415,17,610.52,true
5845,SKU-105844,Carregador Nexa 218,3,225.96,true
5846,SKU-105845,Esteira Kubo 767,17,467.54,true
5847,SKU-105846,Toalha Veloce 926,7,214.95,true
5848,SKU-105847,Ventilador Kubo 469,6,736.56,true
5849,SKU-105848,Headphone Lumix 223,7,615.42,false
5850,SKU-105849,Caixa Orbis 600,6,264.97,true
5851,SKU-105850,Lençol Aurora 547,6,461.29,false
5852,SKU-105851,Cadeira Primo 835,2,626.93,true
5853,SKU-105852,Carregador Astra 247,18,182.34,true
5854,SKU-105853,Cafeteira Zentro 931,5,179.57,true
5855,SKU-105854,Console Nordic 726,21,586.52,true
5856,SKU-105855,Televisor Aurora 951,7,320.84,true
5857,SKU-105856,Desktop Kairo 766,21,287.56,true
5858,SKU-105857,Capa Aurora 250,5,689.47,true
5859,SKU-105858,Notebook Aurora 646,3,291.36,true
5860,SKU-105859,Serra Veloce 366,17,245.95,true
5861,SKU-105860,Ventilador Astra 106,6,150.69,false
5862,SKU-105861,Cadeira Pratic 466,17,276.08,true
5863,SKU-105862,Caixa Pratic 276,12,464.25,true
5864,SKU-105863,Teclado Onix 226,12,324.67,true
5865,SKU-105864,Furadeira Trilha 544,13,460.11,true
5866,SKU-105865,Lavadora Mirante 953,21,352.03,true
5867,SKU-105866,Notebook Lumix 104,17,434.51,true
5868,SKU-105867,Smartwatch Mirante 637,17,516.39,true
5869,SKU-105868,Televisor Nexa 263,18,221.17,true
5870,SKU-105869,Desktop Brava 144,17,255.20,true
5871,SKU-105870,Ar-condicionado Astra 408,7,166.37,false
5872,SKU-105871,SSD Astra 929,7,1165.03,true
5873,SKU-105872,Purificador Aurora 204,20,388.12,true
5874,SKU-105873,Televisor Lumix 490,17,729.23,true
5875,SKU-105874,Furadeira Trilha 237,16,982.76,true
5876,SKU-105875,Capa Mirante 110,21,572.01,true
5877,SKU-105876,Parafusadeira Saga 611,7,181.28,true
5878,SKU-105877,Impressora Onix 756,15,453.36,true
5879,SKU-105878,Toalha Zentro 691,20,656.81,true
5880,SKU-105879,Headphone Mirante 218,5,463.98,true
5881,SKU-105880,Cafeteira Kairo 534,15,505.88,true
5882,SKU-105881,Secadora Kairo 685,9,314.17,true
5883,SKU-105882,Desktop Pratic 829,10,793.63,true
5884,SKU-105883,Furadeira Primo 589,21,975.31,true
5885,SKU-105884,Impressora Kairo 515,12,140.64,true
5886,SKU-105885,Geladeira Kubo 929,13,269.23,true
5887,SKU-105886,Soundbar Kairo 756,2,376.85,true
5888,SKU-105887,Caixa Primo 715,21,462.98,true
5889,SKU-105888,Esteira Kubo 978,3,230.05,true
5890,SKU-105889,Sofá Onix 196,7,674.10,true
5891,SKU-105890,Lavadora Pratic 961,13,283.31,true
5892,SKU-105891,Liquidificador Mirante 377,21,241.20,true
5893,SKU-105892,SSD Orbis 296,17,497.60,true
5894,SKU-105893,Fogão Vertex 206,13,549.35,true
5895,SKU-105894,Lavadora Delta 700,10,413.01,true
5896,SKU-105895,Bicicleta Kubo 939,3,384.95,true
5897,SKU-105896,Teclado Astra 556,17,217.78,true
5898,SKU-105897,Liquidificador Brava 442,18,554.16,true
5899,SKU-105898,Ar-condicionado Mirante 912,12,682.47,true
5900,SKU-105899,Desktop Nexa 160,6,536.78,true
5901,SKU-105900,Lençol Zentro 195,12,327.03,true
5902,SKU-105901,Sofá Aurora 131,9,504.99,true
5903,SKU-105902,Memória Brava 779,7,257.65,false
5904,SKU-105903,Sofá Kairo 795,7,551.40,true
5905,SKU-105904,Smartphone Primo 654,17,94.73,true
5906,SKU-105905,Console Brava 244,2,317.15,true
5907,SKU-105906,Estante Saga 951,5,658.74,true
5908,SKU-105907,Batedeira Kairo 749,6,440.04,true
5909,SKU-105908,Halter Vertex 915,3,367.27,true
5910,SKU-105909,Lavadora Kubo 537,5,1174.06,true
5911,SKU-105910,Caixa Astra 802,17,472.45,true
5912,SKU-105911,Mesa Zentro 427,12,176.50,true
5913,SKU-105912,Purificador Aurora 272,6,222.28,true
5914,SKU-105913,Sofá Veloce 810,20,383.75,true
5915,SKU-105914,Serra Kubo 723,9,279.67,true
5916,SKU-105915,Batedeira Veloce 858,5,287.16,true
5917,SKU-105916,Controle Delta 833,10,498.04,true
5918,SKU-105917,Memória Nexa 735,13,573.50,true
5919,SKU-105918,Headphone Aurora 372,9,455.39,true
5920,SKU-105919,Jogo Onix 340,16,671.79,true
5921,SKU-105920,Micro-ondas Zentro 745,17,193.37,true
5922,SKU-105921,Secadora Trilha 169,13,299.03,true
5923,SKU-105922,Carregador Delta 345,20,351.74,true
5924,SKU-105923,Bicicleta Vertex 558,12,374.81,true
5925,SKU-105924,Lavadora Trilha 230,3,253.13,false
5926,SKU-105925,Console Pratic 857,21,148.75,true
5927,SKU-105926,Smartwatch Saga 508,10,209.67,true
5928,SKU-105927,Cooler Veloce 721,5,153.07,true
5929,SKU-105928,Fogão Nexa 344,2,220.85,true
5930,SKU-105929,Halter Pratic 367,5,603.81,true
5931,SKU-105930,Parafusadeira Volt 741,16,502.62,true
5932,SKU-105931,Serra Kairo 484,7,119.63,true
5933,SKU-105932,Mesa Onix 119,17,125.51,true
5934,SKU-105933,Lençol Kairo 246,5,516.76,true
5935,SKU-105934,Mouse Pratic 386,18,361.35,true
5936,SKU-105935,Receiver Volt 527,2,527.14,true
5937,SKU-105936,Cadeira Orbis 449,13,471.20,true
5938,SKU-105937,Estante Nordic 205,5,418.18,true
5939,SKU-105938,Roteador Kairo 351,12,448.89,true
5940,SKU-105939,Fogão Vertex 414,9,148.14,true
5941,SKU-105940,Receiver Vertex 568,16,678.20,true
5942,SKU-105941,Jogo Volt 490,2,298.65,true
5943,SKU-105942,Fonte Astra 673,21,782.33,true
5944,SKU-105943,Toalha Brava 301,13,270.21,true
5945,SKU-105944,Lençol Volt 824,20,155.98,true
5946,SKU-105945,Parafusadeira Kairo 744,15,189.27,true
5947,SKU-105946,Memória Delta 680,21,982.48,true
5948,SKU-105947,Cooler Mirante 674,18,486.72,true
5949,SKU-105948,Halter Nexa 672,13,184.10,true
5950,SKU-105949,Bicicleta Mirante 837,6,446.67,false
5951,SKU-105950,Lençol Trilha 730,7,466.81,true
5952,SKU-105951,Impressora Lumix 230,20,393.94,false
5953,SKU-105952,Furadeira Aurora 276,20,485.34,false
5954,SKU-105953,Fonte Kairo 412,9,781.39,true
5955,SKU-105954,Jogo Orbis 942,13,292.58,false
5956,SKU-105955,Receiver Kubo 508,13,208.95,true
5957,SKU-105956,Mesa Nexa 725,15,199.28,true
5958,SKU-105957,Notebook Nexa 408,15,732.70,true
5959,SKU-105958,Desktop Astra 742,3,657.24,true
5960,SKU-105959,Soundbar Kairo 381,10,261.66,true
5961,SKU-105960,Cadeira Saga 390,12,489.54,true
5962,SKU-105961,Fogão Nexa 793,18,191.05,true
5963,SKU-105962,Fogão Primo 294,15,345.54,true
5964,SKU-105963,Monitor Saga 902,7,357.82,true
5965,SKU-105964,Impressora Primo 191,12,330.30,true
5966,SKU-105965,Memória Nordic 901,6,120.73,true
5967,SKU-105966,Cadeira Astra 330,6,342.55,true
5968,SKU-105967,Impressora Orbis 188,2,229.97,false
5969,SKU-105968,SSD Veloce 987,20,205.73,true
5970,SKU-105969,Lençol Astra 954,15,213.30,true
5971,SKU-105970,Bicicleta Saga 824,9,226.32,false
5972,SKU-105971,Lençol Veloce 505,9,117.80,true
5973,SKU-105972,Cadeira Orbis 890,2,629.27,true
5974,SKU-105973,Ar-condicionado Lumix 885,5,455.11,false
5975,SKU-105974,Capa Saga 192,7,696.33,true
5976,SKU-105975,Smartwatch Orbis 680,5,229.47,true
5977,SKU-105976,Controle Primo 166,16,276.14,true
5978,SKU-105977,Lençol Vertex 573,10,297.34,true
5979,SKU-105978,Memória Vertex 974,16,670.86,true
5980,SKU-105979,Fonte Trilha 216,13,796.51,true
5981,SKU-105980,Memória Veloce 489,3,287.87,true
5982,SKU-105981,SSD Vertex 739,10,178.35,true
5983,SKU-105982,Aspirador Pratic 116,13,385.75,true
5984,SKU-105983,Aspirador Nexa 463,13,190.76,true
5985,SKU-105984,Monitor Onix 590,3,588.45,true
5986,SKU-105985,Caixa Kubo 528,15,730.95,true
5987,SKU-105986,Parafusadeira Primo 418,12,473.85,true
5988,SKU-105987,Purificador Vertex 378,20,394.76,true
5989,SKU-105988,Console Trilha 297,15,265.40,true
5990,SKU-105989,Fogão Brava 992,5,445.41,true
5991,SKU-105990,Cafeteira Astra 183,12,1131.33,true
5992,SKU-105991,Jogo Lumix 891,2,577.81,true
5993,SKU-105992,Fonte Kairo 452,18,550.29,true
5994,SKU-105993,SSD Onix 539,15,309.72,true
5995,SKU-105994,Liquidificador Volt 666,10,496.41,false
5996,SKU-105995,Colchão Kubo 297,13,276.14,true
5997,SKU-105996,Purificador Pratic 967,21,112.53,true
5998,SKU-105997,Ar-condicionado Vertex 258,5,276.01,true
5999,SKU-105998,Parafusadeira Nexa 952,7,743.26,true
6000,SKU-105999,Monitor Aurora 911,21,1088.49,true
6001,SKU-106000,Fone Primo 287,20,324.26,true
6002,SKU-106001,Lavadora Brava 738,6,618.25,true
6003,SKU-106002,Jogo Astra 461,17,200.46,true
6004,SKU-106003,Controle Brava 536,13,353.56,true
6005,SKU-106004,Geladeira Kairo 431,12,512.02,true
6006,SKU-106005,Televisor Kubo 182,3,271.03,true
6007,SKU-106006,Impressora Zentro 451,9,386.43,true
6008,SKU-106007,Smartphone Zentro 855,21,164.19,true
6009,SKU-106008,Monitor Pratic 931,13,383.28,true
6010,SKU-106009,Geladeira Primo 744,16,211.04,true
6011,SKU-106010,Televisor Nordic 702,10,971.52,true
6012,SKU-106011,Geladeira Nexa 452,18,277.67,true
6013,SKU-106012,Purificador Orbis 376,20,455.06,false
6014,SKU-106013,Estante Delta 518,7,122.38,true
6015,SKU-106014,Monitor Nordic 702,17,190.41,true
6016,SKU-106015,Colchão Astra 250,6,258.43,false
6017,SKU-106016,Headset Aurora 189,20,203.39,true
6018,SKU-106017,Fone Zentro 515,6,537.98,true
6019,SKU-106018,Fonte Vertex 898,13,403.13,true
6020,SKU-106019,Smartphone Pratic 282,9,158.35,true
6021,SKU-106020,Fone Kairo 100,12,347.48,true
6022,SKU-106021,Furadeira Volt 828,15,140.11,true
6023,SKU-106022,Headphone Saga 713,17,502.08,true
6024,SKU-106023,Console Astra 298,3,495.82,false
6025,SKU-106024,Furadeira Saga 157,10,695.56,false
6026,SKU-106025,Micro-ondas Kairo 258,7,404.61,true
6027,SKU-106026,Esteira Delta 979,3,563.90,true
6028,SKU-106027,Desktop Brava 464,12,559.19,true
6029,SKU-106028,Televisor Onix 543,20,458.41,true
6030,SKU-106029,Notebook Astra 255,10,1071.13,false
6031,SKU-106030,Fone Nexa 162,6,208.33,true
6032,SKU-106031,Controle Mirante 179,17,810.06,true
6033,SKU-106032,Capa Astra 366,10,613.14,true
6034,SKU-106033,Cafeteira Aurora 596,6,386.73,false
6035,SKU-106034,Smartphone Zentro 682,16,391.83,true
6036,SKU-106035,Cooler Nexa 918,13,297.94,true
6037,SKU-106036,Liquidificador Lumix 459,21,277.67,true
6038,SKU-106037,Micro-ondas Pratic 933,6,287.64,true
6039,SKU-106038,SSD Nexa 317,18,871.31,true
6040,SKU-106039,Fone Aurora 790,17,124.89,true
6041,SKU-106040,Esteira Nordic 245,6,372.32,true
6042,SKU-106041,Carregador Aurora 996,21,499.89,true
6043,SKU-106042,Fogão Onix 183,12,339.45,true
6044,SKU-106043,Colchão Nexa 121,2,371.79,true
6045,SKU-106044,Headset Mirante 874,12,751.99,true
6046,SKU-106045,Ar-condicionado Mirante 604,5,145.27,true
6047,SKU-106046,Controle Trilha 494,18,369.04,true
6048,SKU-106047,Controle Aurora 705,2,319.97,true
6049,SKU-106048,Desktop Lumix 202,9,609.58,true
6050,SKU-106049,Toalha Orbis 753,20,762.73,false
6051,SKU-106050,Monitor Delta 567,3,126.29,true
6052,SKU-106051,Esteira Delta 349,10,459.94,false
6053,SKU-106052,Fonte Veloce 415,2,154.09,true
6054,SKU-106053,Jogo Trilha 301,15,420.57,true
6055,SKU-106054,Capa Mirante 102,20,434.89,false
6056,SKU-106055,Esteira Astra 961,20,196.42,true
6057,SKU-106056,Capa Nordic 603,21,598.06,true
6058,SKU-106057,Soundbar Zentro 284,12,231.71,true
6059,SKU-106058,Purificador Lumix 236,13,429.62,true
6060,SKU-106059,Headset Astra 530,20,752.27,true
6061,SKU-106060,Cafeteira Kairo 684,21,543.95,true
6062,SKU-106061,Fonte Kubo 209,21,396.34,true
6063,SKU-106062,Cadeira Primo 402,6,968.49,true
6064,SKU-106063,Halter Veloce 548,3,641.72,true
6065,SKU-106064,Geladeira Kairo 742,3,532.86,true
6066,SKU-106065,Esteira Mirante 200,15,143.40,true
6067,SKU-106066,Estante Trilha 676,3,154.57,true
6068,SKU-106067,Smartphone Veloce 631,21,622.29,true
6069,SKU-106068,Lavadora Volt 746,2,224.63,true
6070,SKU-106069,Smartwatch Brava 209,10,636.87,true
6071,SKU-106070,Headset Saga 780,5,234.49,true
6072,SKU-106071,Roteador Aurora 661,10,632.81,true
6073,SKU-106072,Headphone Volt 530,6,413.13,true
6074,SKU-106073,Bicicleta Vertex 708,2,337.84,true
6075,SKU-106074,Toalha Veloce 464,17,540.66,true
6076,SKU-106075,Receiver Onix 961,9,951.37,true
6077,SKU-106076,Receiver Primo 440,6,713.36,true
6078,SKU-106077,Esteira Vertex 699,18,280.89,true
6079,SKU-106078,Cafeteira Nexa 711,10,441.34,true
6080,SKU-106079,Secadora Aurora 342,3,938.04,true
6081,SKU-106080,Serra Lumix 290,17,271.73,true
6082,SKU-106081,Headset Volt 545,6,648.21,true
6083,SKU-106082,Estante Kairo 579,7,624.30,true
6084,SKU-106083,Geladeira Trilha 553,20,266.75,false
6085,SKU-106084,Roteador Lumix 237,21,339.95,true
6086,SKU-106085,Fogão Veloce 284,5,361.06,true
6087,SKU-106086,Impressora Onix 252,21,159.15,true
6088,SKU-106087,Caixa Brava 674,9,221.82,true
6089,SKU-106088,Micro-ondas Aurora 546,10,571.24,true
6090,SKU-106089,Parafusadeira Veloce 643,15,228.84,true
6091,SKU-106090,Ar-condicionado Kubo 111,10,69.74,true
6092,SKU-106091,Parafusadeira Orbis 216,16,232.21,true
6093,SKU-106092,Esteira Mirante 515,21,188.00,true
6094,SKU-106093,Fone Zentro 198,7,53.38,true
6095,SKU-106094,Impressora Delta 172,12,63.63,true
6096,SKU-106095,Desktop Veloce 902,3,500.13,true
6097,SKU-106096,SSD Orbis 457,6,884.54,true
6098,SKU-106097,Toalha Orbis 904,9,132.75,true
6099,SKU-106098,Controle Pratic 951,10,206.99,true
6100,SKU-106099,Purificador Mirante 527,10,269.41,true
6101,SKU-106100,Smartphone Onix 669,17,2938.50,true
6102,SKU-106101,Desktop Onix 184,2,234.61,true
6103,SKU-106102,Liquidificador Onix 362,16,204.81,true
6104,SKU-106103,Smartphone Nexa 915,18,378.51,false
6105,SKU-106104,Parafusadeira Mirante 891,2,639.03,true
6106,SKU-106105,Cadeira Mirante 997,6,364.65,true
6107,SKU-106106,Smartwatch Pratic 905,3,269.76,true
6108,SKU-106107,Liquidificador Nexa 156,17,291.73,true
6109,SKU-106108,Fogão Orbis 713,12,345.93,true
6110,SKU-106109,Toalha Saga 333,21,325.23,true
6111,SKU-106110,Micro-ondas Onix 617,2,477.78,false
6112,SKU-106111,Mesa Trilha 554,6,372.10,true
6113,SKU-106112,Fone Vertex 994,15,721.82,true
6114,SKU-106113,Receiver Mirante 848,2,252.86,true
6115,SKU-106114,Purificador Kairo 607,9,568.18,false
6116,SKU-106115,Fone Vertex 725,20,167.03,true
6117,SKU-106116,Lavadora Lumix 458,5,383.16,false
6118,SKU-106117,Headphone Onix 170,16,512.60,true
6119,SKU-106118,Geladeira Orbis 826,13,359.66,true
6120,SKU-106119,Smartwatch Astra 802,15,369.26,true
6121,SKU-106120,Smartphone Mirante 974,2,168.13,true
6122,SKU-106121,Geladeira Volt 733,2,296.31,true
6123,SKU-106122,Lavadora Veloce 258,2,736.63,true
6124,SKU-106123,Roteador Nexa 977,5,129.66,true
6125,SKU-106124,Lençol Primo 153,17,209.67,true
6126,SKU-106125,Caixa Brava 243,10,614.98,true
6127,SKU-106126,Sofá Delta 484,3,503.56,true
6128,SKU-106127,Smartwatch Kubo 400,3,91.95,true
6129,SKU-106128,Cafeteira Kairo 233,7,299.34,true
6130,SKU-106129,Roteador Trilha 609,13,128.84,true
6131,SKU-106130,Memória Nordic 557,9,429.22,true
6132,SKU-106131,Colchão Veloce 953,5,436.62,true
6133,SKU-106132,Esteira Primo 584,6,527.30,true
6134,SKU-106133,Smartphone Lumix 267,20,549.13,true
6135,SKU-106134,Micro-ondas Pratic 847,12,172.02,true
6136,SKU-106135,Bicicleta Volt 232,6,596.14,true
6137,SKU-106136,Headphone Saga 327,12,396.60,true
6138,SKU-106137,Console Veloce 914,16,742.01,true
6139,SKU-106138,Furadeira Pratic 740,16,351.36,true
6140,SKU-106139,SSD Orbis 573,12,168.81,false
6141,SKU-106140,Mesa Kubo 630,3,301.89,true
6142,SKU-106141,Televisor Vertex 741,2,715.81,true
6143,SKU-106142,Smartphone Mirante 255,2,523.84,true
6144,SKU-106143,Liquidificador Lumix 509,15,390.76,true
6145,SKU-106144,Liquidificador Kubo 133,12,305.73,true
6146,SKU-106145,Ventilador Primo 608,13,110.23,true
6147,SKU-106146,Impressora Delta 235,21,674.57,true
6148,SKU-106147,Notebook Lumix 839,9,471.09,true
6149,SKU-106148,Caixa Pratic 472,15,440.39,true
6150,SKU-106149,Monitor Kairo 179,17,140.71,true
6151,SKU-106150,Aspirador Trilha 485,13,462.41,true
6152,SKU-106151,Colchão Volt 945,17,343.48,true
6153,SKU-106152,Esteira Zentro 690,3,147.60,true
6154,SKU-106153,Fogão Mirante 330,5,383.39,true
6155,SKU-106154,Estante Mirante 316,12,1422.57,true
6156,SKU-106155,Toalha Kairo 766,21,235.12,true
6157,SKU-106156,Furadeira Nordic 407,21,565.87,true
6158,SKU-106157,Smartwatch Lumix 853,6,772.28,false
6159,SKU-106158,Colchão Brava 115,21,407.47,true
6160,SKU-106159,Headset Vertex 126,16,82.47,true
6161,SKU-106160,Lavadora Kubo 237,21,355.41,true
6162,SKU-106161,Mesa Volt 543,16,256.53,true
6163,SKU-106162,Jogo Kairo 936,13,565.48,true
6164,SKU-106163,Ar-condicionado Kairo 689,21,335.30,true
6165,SKU-106164,Purificador Delta 618,20,743.02,true
6166,SKU-106165,Carregador Saga 501,15,482.94,true
6167,SKU-106166,Desktop Brava 616,20,300.54,true
6168,SKU-106167,Secadora Zentro 752,5,464.89,true
6169,SKU-106168,Receiver Pratic 614,2,253.72,true
6170,SKU-106169,Esteira Saga 154,2,182.25,true
6171,SKU-106170,Liquidificador Lumix 249,20,579.48,true
6172,SKU-106171,Esteira Pratic 856,2,162.62,true
6173,SKU-106172,Colchão Delta 801,13,2358.00,true
6174,SKU-106173,Batedeira Lumix 245,17,477.39,true
6175,SKU-106174,Headset Astra 103,6,1211.31,false
6176,SKU-106175,Esteira Aurora 602,21,156.69,true
6177,SKU-106176,Roteador Nexa 232,16,369.48,true
6178,SKU-106177,Soundbar Saga 905,7,288.62,true
6179,SKU-106178,Furadeira Lumix 230,10,310.29,true
6180,SKU-106179,Serra Trilha 279,15,375.22,true
6181,SKU-106180,Liquidificador Volt 717,17,144.06,true
6182,SKU-106181,Parafusadeira Onix 899,15,984.64,true
6183,SKU-106182,Desktop Nexa 363,7,476.98,true
6184,SKU-106183,Mouse Mirante 586,12,194.34,true
6185,SKU-106184,Mouse Nexa 187,16,247.43,true
6186,SKU-106185,Cadeira Brava 595,2,194.16,true
6187,SKU-106186,Fogão Pratic 772,18,149.29,true
6188,SKU-106187,Mesa Primo 596,12,511.82,true
6189,SKU-106188,Televisor Trilha 540,5,302.17,true
6190,SKU-106189,Smartphone Saga 307,18,382.19,false
6191,SKU-106190,Cafeteira Volt 474,16,421.11,true
6192,SKU-106191,Mouse Pratic 605,12,305.50,true
6193,SKU-106192,Estante Nordic 663,17,626.90,true
6194,SKU-106193,Memória Kubo 341,6,211.19,true
6195,SKU-106194,Cooler Trilha 530,6,697.45,true
6196,SKU-106195,Smartwatch Trilha 600,7,815.48,true
6197,SKU-106196,Headset Primo 960,20,169.24,true
6198,SKU-106197,Bicicleta Veloce 568,6,171.10,true
6199,SKU-106198,Receiver Volt 840,16,309.18,true
6200,SKU-106199,Teclado Brava 996,21,346.78,true
6201,SKU-106200,Cafeteira Orbis 559,15,646.67,true
6202,SKU-106201,Smartphone Trilha 217,18,216.98,true
6203,SKU-106202,Sofá Aurora 515,17,215.22,true
6204,SKU-106203,Roteador Nexa 863,3,1053.69,false
6205,SKU-106204,Roteador Brava 671,17,1004.75,true
6206,SKU-106205,Smartwatch Pratic 413,15,106.21,true
6207,SKU-106206,Esteira Nordic 561,3,684.85,true
6208,SKU-106207,Smartphone Saga 437,20,249.71,true
6209,SKU-106208,Capa Zentro 154,5,146.90,true
6210,SKU-106209,Smartphone Onix 185,21,437.71,true
6211,SKU-106210,Notebook Mirante 628,2,265.61,true
6212,SKU-106211,Notebook Onix 236,21,593.72,true
6213,SKU-106212,Soundbar Pratic 151,6,469.08,true
6214,SKU-106213,Liquidificador Volt 103,16,131.14,true
6215,SKU-106214,Impressora Nexa 602,13,611.08,true
6216,SKU-106215,Lençol Brava 886,16,406.60,true
6217,SKU-106216,Fonte Nexa 970,20,242.50,true
6218,SKU-106217,Geladeira Nordic 188,6,480.06,true
6219,SKU-106218,Console Delta 102,3,452.87,true
6220,SKU-106219,Cooler Delta 432,5,552.81,true
6221,SKU-106220,Sofá Lumix 633,20,461.50,true
6222,SKU-106221,Serra Aurora 273,20,147.42,true
6223,SKU-106222,Fogão Primo 989,20,181.42,true
6224,SKU-106223,Carregador Volt 295,6,125.35,true
6225,SKU-106224,Soundbar Vertex 979,7,462.17,true
6226,SKU-106225,Toalha Vertex 111,7,321.00,true
6227,SKU-106226,Serra Saga 993,15,364.56,true
6228,SKU-106227,Soundbar Saga 831,16,675.75,true
6229,SKU-106228,Headphone Mirante 551,3,189.95,true
6230,SKU-106229,Aspirador Nordic 973,15,312.83,true
6231,SKU-106230,Fonte Nexa 668,3,314.61,true
6232,SKU-106231,Purificador Veloce 492,15,121.77,true
6233,SKU-106232,Televisor Onix 763,12,638.80,true
6234,SKU-106233,Toalha Mirante 731,16,197.02,true
6235,SKU-106234,Roteador Zentro 458,6,380.27,true
6236,SKU-106235,Colchão Aurora 691,16,340.67,true
6237,SKU-106236,Halter Saga 718,2,904.38,true
6238,SKU-106237,Parafusadeira Astra 165,20,95.77,true
6239,SKU-106238,Mouse Kubo 971,6,1122.84,true
6240,SKU-106239,Estante Pratic 111,13,726.89,true
6241,SKU-106240,Cadeira Aurora 702,13,175.01,true
6242,SKU-106241,Micro-ondas Primo 644,2,673.39,true
6243,SKU-106242,Smartwatch Astra 915,17,70.90,true
6244,SKU-106243,Controle Delta 648,21,209.39,true
6245,SKU-106244,Jogo Volt 849,13,407.47,false
6246,SKU-106245,Headset Primo 271,7,542.99,true
6247,SKU-106246,Cafeteira Lumix 459,2,216.26,true
6248,SKU-106247,Toalha Trilha 682,21,607.79,true
6249,SKU-106248,Fogão Primo 403,13,438.13,true
6250,SKU-106249,Serra Kairo 340,21,417.44,true
6251,SKU-106250,Ar-condicionado Aurora 665,12,169.42,true
6252,SKU-106251,Ventilador Aurora 827,3,316.31,true
6253,SKU-106252,Lençol Zentro 253,16,204.62,true
6254,SKU-106253,Lençol Onix 104,13,235.41,true
6255,SKU-106254,Headset Trilha 537,13,280.37,true
6256,SKU-106255,Carregador Lumix 846,15,62.46,true
6257,SKU-106256,Furadeira Onix 766,3,325.53,true
6258,SKU-106257,Monitor Onix 272,6,199.39,true
6259,SKU-106258,SSD Onix 572,2,199.03,true
6260,SKU-106259,Halter Nordic 624,2,308.92,true
6261,SKU-106260,Cadeira Primo 389,15,420.51,true
6262,SKU-106261,Monitor Volt 359,5,171.21,true
6263,SKU-106262,Headphone Saga 873,15,323.76,true
6264,SKU-106263,Headphone Primo 809,9,1032.36,true
6265,SKU-106264,Cafeteira Kairo 566,2,540.42,true
6266,SKU-106265,Aspirador Nexa 493,5,754.77,true
6267,SKU-106266,Liquidificador Lumix 176,13,187.83,true
6268,SKU-106267,Cafeteira Saga 516,2,124.50,true
6269,SKU-106268,Furadeira Trilha 624,21,289.50,true
6270,SKU-106269,Carregador Primo 289,13,659.01,true
6271,SKU-106270,Smartphone Aurora 524,2,507.70,true
6272,SKU-106271,Soundbar Kubo 164,10,367.82,true
6273,SKU-106272,Capa Mirante 398,3,355.45,true
6274,SKU-106273,Controle Saga 213,9,799.85,true
6275,SKU-106274,Mesa Kairo 727,18,467.96,true
6276,SKU-106275,Headphone Aurora 642,2,330.53,true
6277,SKU-106276,Cadeira Zentro 980,12,224.45,true
6278,SKU-106277,Televisor Volt 312,3,851.96,true
6279,SKU-106278,Fonte Onix 676,6,221.37,true
6280,SKU-106279,Fogão Kubo 201,9,941.26,true
6281,SKU-106280,Caixa Astra 501,5,520.91,false
6282,SKU-106281,Halter Nexa 615,7,536.61,true
6283,SKU-106282,Toalha Trilha 670,5,150.59,true
6284,SKU-106283,Estante Delta 672,3,856.36,true
6285,SKU-106284,Capa Onix 910,7,487.37,true
6286,SKU-106285,Halter Delta 463,7,589.00,true
6287,SKU-106286,Carregador Trilha 797,7,643.13,true
6288,SKU-106287,Mesa Pratic 423,18,336.19,true
6289,SKU-106288,Sofá Trilha 129,17,362.81,true
6290,SKU-106289,Headset Veloce 377,15,176.38,false
6291,SKU-106290,SSD Saga 281,13,257.59,false
6292,SKU-106291,SSD Primo 650,6,283.40,true
6293,SKU-106292,Cadeira Kairo 691,7,824.65,true
6294,SKU-106293,Headset Pratic 139,16,591.00,true
6295,SKU-106294,Smartphone Kubo 186,17,500.23,true
6296,SKU-106295,Purificador Onix 859,16,99.92,true
6297,SKU-106296,Impressora Kairo 188,18,116.30,true
6298,SKU-106297,Console Astra 232,15,259.54,true
6299,SKU-106298,Mouse Astra 874,21,604.42,false
6300,SKU-106299,Teclado Zentro 607,3,173.77,true
6301,SKU-106300,Soundbar Pratic 331,7,338.01,true
6302,SKU-106301,Colchão Volt 401,5,198.40,true
6303,SKU-106302,Serra Trilha 846,7,646.07,true
6304,SKU-106303,Smartwatch Nexa 833,20,60.39,true
6305,SKU-106304,Sofá Veloce 985,2,278.22,true
6306,SKU-106305,Liquidificador Delta 344,3,166.48,true
6307,SKU-106306,Esteira Zentro 742,15,254.53,true
6308,SKU-106307,Geladeira Orbis 926,18,1345.32,true
6309,SKU-106308,Toalha Lumix 434,12,107.34,true
6310,SKU-106309,Cadeira Kairo 871,18,260.51,true
6311,SKU-106310,Memória Volt 917,6,420.04,true
6312,SKU-106311,Mouse Orbis 914,3,158.24,true
6313,SKU-106312,Mouse Onix 475,10,1123.97,true
6314,SKU-106313,Geladeira Vertex 977,10,801.52,true
6315,SKU-106314,Aspirador Nordic 142,13,514.30,true
6316,SKU-106315,Impressora Zentro 572,20,216.78,true
6317,SKU-106316,Lavadora Zentro 346,13,162.89,true
6318,SKU-106317,Serra Aurora 841,5,320.99,true
6319,SKU-106318,Headphone Primo 833,10,452.43,true
6320,SKU-106319,Headphone Nexa 779,7,421.01,true
6321,SKU-106320,Fonte Aurora 208,18,741.65,true
6322,SKU-106321,Smartwatch Onix 646,15,222.18,false
6323,SKU-106322,Halter Primo 397,20,290.44,false
6324,SKU-106323,Estante Veloce 322,10,240.37,true
6325,SKU-106324,Furadeira Nordic 326,9,1352.86,true
6326,SKU-106325,Bicicleta Volt 986,20,367.71,true
6327,SKU-106326,Cooler Kairo 928,7,385.64,true
6328,SKU-106327,Fone Volt 975,2,804.49,true
6329,SKU-106328,Purificador Astra 420,17,539.89,true
6330,SKU-106329,Serra Kubo 763,3,584.67,true
6331,SKU-106330,Roteador Volt 504,12,289.43,true
6332,SKU-106331,Colchão Delta 629,6,106.54,true
6333,SKU-106332,SSD Trilha 449,7,154.39,true
6334,SKU-106333,Caixa Brava 369,21,267.24,true
6335,SKU-106334,Impressora Trilha 132,16,475.96,true
6336,SKU-106335,Smartwatch Saga 450,5,332.67,true
6337,SKU-106336,Halter Saga 843,7,484.60,true
6338,SKU-106337,Impressora Lumix 294,6,511.87,true
6339,SKU-106338,Halter Onix 520,2,844.14,true
6340,SKU-106339,Carregador Saga 336,20,449.37,true
6341,SKU-106340,Smartphone Nordic 799,6,348.20,true
6342,SKU-106341,Teclado Aurora 326,5,134.63,true
6343,SKU-106342,Cadeira Nordic 871,16,684.84,true
6344,SKU-106343,SSD Lumix 221,17,258.89,true
6345,SKU-106344,Ventilador Onix 171,9,256.41,true
6346,SKU-106345,Geladeira Volt 522,5,485.76,true
6347,SKU-106346,Televisor Delta 671,5,259.30,true
6348,SKU-106347,Roteador Astra 607,18,302.97,true
6349,SKU-106348,Halter Saga 847,17,309.05,true
6350,SKU-106349,Lençol Lumix 528,10,416.14,true
6351,SKU-106350,Lavadora Onix 651,2,905.14,true
6352,SKU-106351,Fonte Lumix 945,9,273.13,true
6353,SKU-106352,Controle Saga 589,2,740.55,true
6354,SKU-106353,Headphone Nexa 130,6,807.96,true
6355,SKU-106354,Carregador Mirante 496,2,451.10,true
6356,SKU-106355,Cafeteira Astra 394,13,166.43,true
6357,SKU-106356,Secadora Saga 738,5,760.05,true
6358,SKU-106357,Smartphone Pratic 351,3,369.48,true
6359,SKU-106358,Batedeira Delta 837,17,577.07,true
6360,SKU-106359,Fonte Orbis 879,3,1544.18,true
6361,SKU-106360,Lençol Primo 781,13,185.24,true
6362,SKU-106361,Mouse Zentro 686,12,314.11,true
6363,SKU-106362,Sofá Kairo 101,3,335.62,true
6364,SKU-106363,Cooler Aurora 257,13,345.49,true
6365,SKU-106364,Geladeira Zentro 493,20,232.46,true
6366,SKU-106365,Serra Trilha 525,5,423.16,true
6367,SKU-106366,Notebook Primo 934,21,571.79,true
6368,SKU-106367,Serra Mirante 198,6,689.40,true
6369,SKU-106368,Headphone Kairo 160,15,301.80,true
6370,SKU-106369,Bicicleta Saga 989,15,85.07,true
6371,SKU-106370,Teclado Volt 705,13,516.66,true
6372,SKU-106371,Console Pratic 823,9,408.36,true
6373,SKU-106372,Cooler Mirante 190,6,157.91,true
6374,SKU-106373,Esteira Zentro 467,7,184.80,true
6375,SKU-106374,Notebook Nordic 289,15,572.72,true
6376,SKU-106375,Televisor Trilha 368,6,649.95,true
6377,SKU-106376,Batedeira Saga 208,3,423.62,true
6378,SKU-106377,Monitor Kubo 537,6,297.23,true
6379,SKU-106378,Liquidificador Vertex 707,12,621.18,true
6380,SKU-106379,Colchão Astra 454,13,160.51,true
6381,SKU-106380,Notebook Nordic 312,20,232.35,true
6382,SKU-106381,Caixa Astra 323,16,146.99,false
6383,SKU-106382,Toalha Nordic 152,20,527.47,false
6384,SKU-106383,Toalha Volt 250,5,182.60,true
6385,SKU-106384,Monitor Saga 489,5,414.54,true
6386,SKU-106385,Cafeteira Kubo 716,16,880.10,true
6387,SKU-106386,Toalha Brava 746,20,199.90,true
6388,SKU-106387,Controle Lumix 492,16,147.74,true
6389,SKU-106388,Colchão Nordic 311,9,196.10,true
6390,SKU-106389,Notebook Nordic 800,16,813.29,true
6391,SKU-106390,Estante Mirante 673,15,305.51,true
6392,SKU-106391,Desktop Veloce 865,20,427.07,false
6393,SKU-106392,Console Volt 381,5,294.36,true
6394,SKU-106393,Desktop Vertex 679,15,142.70,true
6395,SKU-106394,Headphone Nordic 392,7,188.40,false
6396,SKU-106395,Liquidificador Trilha 533,12,275.78,true
6397,SKU-106396,Estante Orbis 406,17,183.03,true
6398,SKU-106397,Teclado Pratic 495,7,215.88,true
6399,SKU-106398,Secadora Pratic 514,17,184.80,true
6400,SKU-106399,Smartphone Nexa 520,15,580.85,true
6401,SKU-106400,Cadeira Lumix 975,5,199.60,true
6402,SKU-106401,Furadeira Primo 925,21,404.03,false
6403,SKU-106402,Aspirador Delta 211,7,569.71,true
6404,SKU-106403,Teclado Zentro 683,13,501.52,true
6405,SKU-106404,Geladeira Kairo 734,16,808.17,true
6406,SKU-106405,Headphone Delta 478,17,724.82,true
6407,SKU-106406,Liquidificador Kubo 349,13,176.95,true
6408,SKU-106407,Caixa Orbis 253,3,524.34,true
6409,SKU-106408,Colchão Saga 343,12,691.33,true
6410,SKU-106409,Carregador Lumix 124,5,497.12,true
6411,SKU-106410,Sofá Pratic 199,2,561.90,true
6412,SKU-106411,Fonte Aurora 560,7,608.96,true
6413,SKU-106412,Monitor Saga 858,17,139.77,true
6414,SKU-106413,Console Primo 508,20,212.92,true
6415,SKU-106414,Esteira Aurora 854,17,324.20,true
6416,SKU-106415,Carregador Nexa 829,20,446.96,true
6417,SKU-106416,Impressora Trilha 614,10,218.40,true
6418,SKU-106417,Lavadora Aurora 230,15,581.13,true
6419,SKU-106418,Monitor Vertex 769,20,731.32,true
6420,SKU-106419,Colchão Zentro 480,21,459.41,true
6421,SKU-106420,Caixa Astra 546,21,660.70,true
6422,SKU-106421,Ar-condicionado Saga 458,16,174.35,false
6423,SKU-106422,Carregador Volt 720,7,137.84,true
6424,SKU-106423,Colchão Primo 875,21,316.88,false
6425,SKU-106424,Carregador Aurora 841,5,1111.45,true
6426,SKU-106425,Sofá Astra 336,2,267.26,false
6427,SKU-106426,Furadeira Onix 359,15,167.08,true
6428,SKU-106427,Capa Aurora 103,6,217.45,true
6429,SKU-106428,Caixa Zentro 907,2,168.70,true
6430,SKU-106429,Secadora Nexa 652,9,523.14,true
6431,SKU-106430,Ar-condicionado Aurora 603,10,1068.03,true
6432,SKU-106431,Controle Orbis 171,10,380.95,true
6433,SKU-106432,Esteira Delta 124,3,313.00,true
6434,SKU-106433,Cadeira Primo 373,9,437.32,true
6435,SKU-106434,Headphone Primo 411,17,209.87,true
6436,SKU-106435,Micro-ondas Nexa 897,6,458.35,true
6437,SKU-106436,Monitor Volt 603,10,236.43,true
6438,SKU-106437,Micro-ondas Nordic 206,13,128.47,true
6439,SKU-106438,Purificador Veloce 201,18,122.20,true
6440,SKU-106439,SSD Primo 399,7,920.25,true
6441,SKU-106440,Cooler Onix 555,12,278.19,true
6442,SKU-106441,Memória Pratic 484,9,267.57,true
6443,SKU-106442,Serra Veloce 451,20,227.49,true
6444,SKU-106443,Teclado Mirante 916,2,300.44,true
6445,SKU-106444,Notebook Lumix 803,21,772.07,true
6446,SKU-106445,Impressora Kubo 813,21,549.14,true
6447,SKU-106446,Batedeira Saga 394,21,487.32,true
6448,SKU-106447,Fogão Pratic 643,15,383.56,true
6449,SKU-106448,Parafusadeira Kairo 730,10,393.65,true
6450,SKU-106449,Cadeira Vertex 247,15,294.20,true
6451,SKU-106450,Estante Lumix 786,13,106.42,true
6452,SKU-106451,Micro-ondas Brava 102,9,261.85,true
6453,SKU-106452,Estante Lumix 645,5,674.80,true
6454,SKU-106453,Fogão Nordic 439,10,107.46,true
6455,SKU-106454,Esteira Saga 850,17,352.26,true
6456,SKU-106455,Geladeira Kairo 366,7,196.57,true
6457,SKU-106456,Caixa Primo 331,21,366.38,true
6458,SKU-106457,Mesa Aurora 925,20,777.61,true
6459,SKU-106458,Purificador Pratic 310,5,67.25,true
6460,SKU-106459,Headphone Pratic 621,3,372.62,true
6461,SKU-106460,Desktop Brava 101,17,777.61,true
6462,SKU-106461,Headset Delta 215,12,185.61,true
6463,SKU-106462,Teclado Kairo 204,12,281.79,true
6464,SKU-106463,Capa Kairo 673,5,940.53,true
6465,SKU-106464,Cafeteira Nexa 369,10,441.10,true
6466,SKU-106465,Soundbar Orbis 953,16,229.93,true
6467,SKU-106466,Lavadora Trilha 488,10,317.24,true
6468,SKU-106467,Console Brava 212,5,416.15,true
6469,SKU-106468,Soundbar Pratic 972,15,266.69,true
6470,SKU-106469,Estante Saga 490,15,145.27,true
6471,SKU-106470,SSD Aurora 556,6,113.59,true
6472,SKU-106471,Notebook Nordic 989,15,394.77,true
6473,SKU-106472,Liquidificador Nexa 449,2,732.70,true
6474,SKU-106473,Headset Pratic 770,16,340.62,true
6475,SKU-106474,Cooler Volt 199,20,237.75,true
6476,SKU-106475,Console Kubo 105,9,113.87,true
6477,SKU-106476,Fone Brava 293,5,94.36,true
6478,SKU-106477,Monitor Volt 420,12,533.23,true
6479,SKU-106478,Furadeira Zentro 667,9,247.84,true
6480,SKU-106479,Mouse Astra 349,18,226.49,false
6481,SKU-106480,Parafusadeira Pratic 821,10,233.85,true
6482,SKU-106481,Cooler Aurora 797,2,154.86,true
6483,SKU-106482,Parafusadeira Nexa 511,16,511.04,true
6484,SKU-106483,Fogão Pratic 954,6,664.13,true
6485,SKU-106484,Memória Primo 681,7,810.95,true
6486,SKU-106485,Halter Brava 358,7,313.97,false
6487,SKU-106486,Aspirador Nordic 495,7,215.42,true
6488,SKU-106487,Halter Aurora 436,16,87.40,true
6489,SKU-106488,Monitor Brava 630,9,519.67,false
6490,SKU-106489,Parafusadeira Orbis 305,6,575.10,true
6491,SKU-106490,Fone Trilha 955,20,439.03,true
6492,SKU-106491,Smartwatch Lumix 932,9,376.50,true
6493,SKU-106492,Fogão Astra 798,13,63.00,false
6494,SKU-106493,Desktop Lumix 710,10,414.12,true
6495,SKU-106494,Fogão Vertex 569,9,1011.33,false
6496,SKU-106495,Fogão Delta 617,3,152.05,true
6497,SKU-106496,Headphone Volt 130,7,139.07,true
6498,SKU-106497,Receiver Mirante 443,5,424.34,true
6499,SKU-106498,Ar-condicionado Zentro 918,17,570.28,true
6500,SKU-106499,Fone Volt 188,7,445.56,true
6501,SKU-106500,Cafeteira Orbis 601,20,309.08,true
6502,SKU-106501,Soundbar Nexa 764,12,181.13,true
6503,SKU-106502,Soundbar Trilha 764,16,157.24,true
6504,SKU-106503,Caixa Brava 656,3,193.30,true
6505,SKU-106504,Televisor Veloce 144,18,321.34,false
6506,SKU-106505,Soundbar Nordic 880,7,396.52,true
6507,SKU-106506,Capa Orbis 396,12,321.37,true
6508,SKU-106507,Purificador Nexa 391,16,382.93,true
6509,SKU-106508,Headset Trilha 943,18,313.72,true
6510,SKU-106509,Serra Veloce 772,6,592.02,true
6511,SKU-106510,Memória Kairo 241,2,145.15,true
6512,SKU-106511,Soundbar Brava 241,2,494.58,true
6513,SKU-106512,Jogo Kubo 926,7,238.38,true
6514,SKU-106513,Cooler Zentro 298,20,68.86,true
6515,SKU-106514,Mouse Trilha 167,12,351.48,false
6516,SKU-106515,Monitor Primo 582,10,467.00,true
6517,SKU-106516,Memória Vertex 314,20,477.60,true
6518,SKU-106517,Mesa Onix 726,12,213.97,true
6519,SKU-106518,Liquidificador Trilha 126,6,216.70,true
6520,SKU-106519,Mesa Nexa 882,5,221.40,true
6521,SKU-106520,Jogo Vertex 792,21,131.25,true
6522,SKU-106521,Lençol Trilha 578,16,505.62,true
6523,SKU-106522,Ventilador Aurora 595,6,200.03,false
6524,SKU-106523,Capa Nexa 997,3,435.73,true
6525,SKU-106524,Desktop Pratic 790,2,155.93,true
6526,SKU-106525,Fonte Pratic 639,13,157.16,true
6527,SKU-106526,Receiver Nexa 429,6,511.31,true
6528,SKU-106527,Colchão Nordic 888,21,127.41,false
6529,SKU-106528,Console Zentro 773,7,959.48,true
6530,SKU-106529,Batedeira Volt 682,6,259.27,true
6531,SKU-106530,Jogo Aurora 506,16,251.31,true
6532,SKU-106531,Toalha Nordic 438,9,342.33,true
6533,SKU-106532,Televisor Veloce 741,20,213.72,true
6534,SKU-106533,Jogo Delta 293,12,255.48,true
6535,SKU-106534,Televisor Aurora 998,3,394.02,true
6536,SKU-106535,Fogão Saga 281,2,972.22,false
6537,SKU-106536,Mesa Lumix 677,21,746.07,true
6538,SKU-106537,Purificador Saga 867,16,485.51,true
6539,SKU-106538,Furadeira Primo 544,5,769.34,true
6540,SKU-106539,Parafusadeira Lumix 365,15,605.78,true
6541,SKU-106540,Cafeteira Mirante 414,10,106.32,true
6542,SKU-106541,Cadeira Astra 187,17,744.94,true
6543,SKU-106542,Caixa Trilha 447,20,431.33,true
6544,SKU-106543,Secadora Volt 407,5,293.18,true
6545,SKU-106544,Memória Saga 645,13,354.47,true
6546,SKU-106545,Lavadora Nordic 401,2,115.74,true
6547,SKU-106546,Desktop Brava 413,7,139.04,true
6548,SKU-106547,Cafeteira Primo 167,17,826.87,true
6549,SKU-106548,SSD Mirante 176,9,270.92,true
6550,SKU-106549,Liquidificador Saga 781,9,259.00,true
6551,SKU-106550,Roteador Onix 882,2,184.70,true
6552,SKU-106551,Televisor Mirante 261,2,664.12,true
6553,SKU-106552,Serra Aurora 113,16,230.87,true
6554,SKU-106553,Roteador Volt 458,21,422.36,true
6555,SKU-106554,Cafeteira Nordic 872,2,421.55,true
6556,SKU-106555,Serra Primo 836,9,353.95,false
6557,SKU-106556,Controle Nexa 500,18,148.42,true
6558,SKU-106557,Lençol Astra 202,9,538.96,false
6559,SKU-106558,Cafeteira Nexa 462,18,625.38,true
6560,SKU-106559,Impressora Orbis 653,10,661.70,true
6561,SKU-106560,Serra Volt 706,2,359.06,true
6562,SKU-106561,Smartphone Nordic 669,6,417.76,true
6563,SKU-106562,Lavadora Astra 620,12,371.62,true
6564,SKU-106563,Mesa Saga 850,12,107.26,true
6565,SKU-106564,Batedeira Mirante 340,12,326.10,true
6566,SKU-106565,Desktop Nexa 369,6,595.13,true
6567,SKU-106566,Ar-condicionado Saga 180,18,174.29,true
6568,SKU-106567,Esteira Aurora 777,2,293.21,true
6569,SKU-106568,Bicicleta Pratic 620,18,291.11,true
6570,SKU-106569,Televisor Nexa 715,6,352.58,true
6571,SKU-106570,Cafeteira Zentro 873,15,195.46,true
6572,SKU-106571,Memória Saga 791,7,786.02,true
6573,SKU-106572,Purificador Veloce 941,17,812.40,true
6574,SKU-106573,Receiver Primo 936,15,508.51,true
6575,SKU-106574,Mouse Veloce 344,20,435.02,true
6576,SKU-106575,Esteira Saga 216,15,829.64,true
6577,SKU-106576,Lavadora Astra 166,6,356.00,true
6578,SKU-106577,Mouse Orbis 422,18,645.63,true
6579,SKU-106578,Fone Primo 513,9,408.17,true
6580,SKU-106579,Desktop Kubo 288,5,508.11,true
6581,SKU-106580,Fogão Primo 602,12,197.80,true
6582,SKU-106581,Halter Orbis 491,6,1248.09,true
6583,SKU-106582,Geladeira Kairo 964,15,223.85,false
6584,SKU-106583,Lavadora Orbis 984,12,851.62,true
6585,SKU-106584,Desktop Brava 364,10,144.58,true
6586,SKU-106585,Halter Zentro 839,16,316.57,true
6587,SKU-106586,Smartphone Lumix 912,2,111.84,true
6588,SKU-106587,Fone Delta 127,5,115.46,true
6589,SKU-106588,Carregador Zentro 445,9,124.68,false
6590,SKU-106589,Cooler Primo 421,5,374.06,false
6591,SKU-106590,Caixa Pratic 265,20,314.71,true
6592,SKU-106591,Parafusadeira Veloce 301,17,478.03,true
6593,SKU-106592,Caixa Orbis 815,13,218.66,true
6594,SKU-106593,Ventilador Astra 298,21,142.92,true
6595,SKU-106594,Receiver Vertex 193,17,875.95,true
6596,SKU-106595,Memória Trilha 424,5,799.37,true
6597,SKU-106596,Cadeira Brava 521,16,249.62,true
6598,SKU-106597,Bicicleta Primo 722,15,134.45,true
6599,SKU-106598,Soundbar Vertex 320,2,145.74,true
6600,SKU-106599,Liquidificador Nexa 993,13,108.21,true
6601,SKU-106600,Estante Trilha 853,2,376.57,true
6602,SKU-106601,Desktop Trilha 660,15,246.60,true
6603,SKU-106602,Monitor Mirante 105,18,143.25,true
6604,SKU-106603,Purificador Brava 831,2,785.51,true
6605,SKU-106604,Desktop Veloce 866,21,258.19,true
6606,SKU-106605,Receiver Veloce 972,9,270.91,true
6607,SKU-106606,Soundbar Zentro 319,2,359.93,true
6608,SKU-106607,Receiver Lumix 539,9,532.85,true
6609,SKU-106608,Roteador Astra 401,16,211.19,true
6610,SKU-106609,Headphone Zentro 274,21,408.35,true
6611,SKU-106610,Liquidificador Pratic 460,9,297.77,true
6612,SKU-106611,Purificador Kubo 424,21,433.26,true
6613,SKU-106612,Monitor Primo 167,9,230.09,true
6614,SKU-106613,Teclado Kubo 883,9,500.69,true
6615,SKU-106614,Ventilador Trilha 476,7,485.00,false
6616,SKU-106615,Receiver Kubo 330,12,277.68,true
6617,SKU-106616,Colchão Trilha 956,15,137.81,true
6618,SKU-106617,Smartwatch Lumix 995,16,500.67,true
6619,SKU-106618,Headphone Lumix 446,5,87.38,true
6620,SKU-106619,Aspirador Brava 515,13,667.20,true
6621,SKU-106620,Colchão Zentro 762,15,275.68,true
6622,SKU-106621,Cadeira Nordic 526,6,376.44,false
6623,SKU-106622,Notebook Primo 834,2,619.46,true
6624,SKU-106623,Headset Mirante 155,9,244.32,true
6625,SKU-106624,Impressora Mirante 365,5,111.64,true
6626,SKU-106625,Esteira Lumix 812,5,850.06,true
6627,SKU-106626,Liquidificador Onix 874,15,963.60,false
6628,SKU-106627,Console Kubo 925,13,823.65,true
6629,SKU-106628,Cafeteira Orbis 404,18,534.02,true
6630,SKU-106629,Ar-condicionado Mirante 267,16,319.85,true
6631,SKU-106630,Micro-ondas Vertex 956,10,200.00,false
6632,SKU-106631,Soundbar Lumix 480,21,118.93,true
6633,SKU-106632,Fone Astra 480,16,371.85,true
6634,SKU-106633,Fone Trilha 271,13,233.31,true
6635,SKU-106634,Purificador Kairo 734,2,440.26,true
6636,SKU-106635,Colchão Onix 126,5,450.45,true
6637,SKU-106636,Controle Nexa 784,2,361.74,true
6638,SKU-106637,Mesa Mirante 505,15,460.12,true
6639,SKU-106638,Cafeteira Mirante 468,5,156.72,true
6640,SKU-106639,Console Lumix 686,18,507.37,false
6641,SKU-106640,Furadeira Aurora 357,12,297.70,true
6642,SKU-106641,Lençol Delta 659,9,267.52,true
6643,SKU-106642,Serra Veloce 784,18,226.82,true
6644,SKU-106643,Purificador Brava 932,10,412.81,true
6645,SKU-106644,Toalha Pratic 688,17,207.11,true
6646,SKU-106645,Memória Zentro 872,7,140.11,true
6647,SKU-106646,Batedeira Nordic 521,21,205.83,true
6648,SKU-106647,Televisor Aurora 233,9,623.32,true
6649,SKU-106648,Jogo Veloce 737,20,425.94,true
6650,SKU-106649,Headset Veloce 945,9,665.81,true
6651,SKU-106650,Fonte Astra 998,16,209.82,false
6652,SKU-106651,Colchão Primo 996,15,525.50,true
6653,SKU-106652,Aspirador Volt 582,12,643.34,true
6654,SKU-106653,Bicicleta Aurora 931,13,297.65,true
6655,SKU-106654,Headset Nexa 606,7,1126.57,true
6656,SKU-106655,Toalha Nexa 287,13,418.95,true
6657,SKU-106656,Teclado Astra 855,17,116.48,true
6658,SKU-106657,Cooler Trilha 865,18,567.48,true
6659,SKU-106658,Notebook Lumix 830,16,145.91,true
6660,SKU-106659,Parafusadeira Trilha 642,16,783.48,true
6661,SKU-106660,Televisor Orbis 688,10,322.66,true
6662,SKU-106661,Fonte Primo 887,15,73.03,true
6663,SKU-106662,Receiver Nexa 215,21,222.33,true
6664,SKU-106663,Capa Delta 484,6,316.47,true
6665,SKU-106664,Colchão Nordic 235,13,336.11,true
6666,SKU-106665,Cadeira Delta 448,6,406.18,true
6667,SKU-106666,Televisor Lumix 677,6,274.34,true
6668,SKU-106667,Jogo Kubo 369,6,701.17,true
6669,SKU-106668,Teclado Pratic 862,2,389.70,true
6670,SKU-106669,Memória Mirante 251,18,275.95,true
6671,SKU-106670,Televisor Kairo 175,6,208.20,true
6672,SKU-106671,Batedeira Zentro 905,18,282.87,true
6673,SKU-106672,Ventilador Nexa 973,3,388.16,true
6674,SKU-106673,Toalha Lumix 893,7,131.41,true
6675,SKU-106674,Smartphone Pratic 892,7,149.60,true
6676,SKU-106675,Monitor Nordic 222,13,291.36,true
6677,SKU-106676,Esteira Lumix 257,12,209.40,true
6678,SKU-106677,Geladeira Nordic 612,6,268.07,true
6679,SKU-106678,Bicicleta Delta 442,17,1022.81,true
6680,SKU-106679,Geladeira Nordic 786,15,351.33,true
6681,SKU-106680,Micro-ondas Saga 598,7,376.01,true
6682,SKU-106681,Estante Lumix 448,16,401.05,true
6683,SKU-106682,Headset Saga 872,12,586.28,false
6684,SKU-106683,Smartphone Volt 508,12,582.97,true
6685,SKU-106684,Toalha Zentro 934,15,573.05,false
6686,SKU-106685,Console Zentro 277,12,255.10,true
6687,SKU-106686,Aspirador Orbis 953,2,510.35,true
6688,SKU-106687,Carregador Zentro 731,15,473.77,false
6689,SKU-106688,SSD Onix 856,9,479.40,true
6690,SKU-106689,Headphone Mirante 794,18,347.96,false
6691,SKU-106690,Televisor Volt 812,18,713.57,true
6692,SKU-106691,Cooler Aurora 726,20,307.78,true
6693,SKU-106692,Secadora Nexa 797,7,118.77,true
6694,SKU-106693,Headset Onix 809,10,435.67,true
6695,SKU-106694,Headphone Pratic 583,2,147.34,true
6696,SKU-106695,Receiver Nordic 144,15,424.91,true
6697,SKU-106696,Estante Onix 867,2,755.77,true
6698,SKU-106697,Halter Trilha 186,12,360.76,true
6699,SKU-106698,Fonte Nordic 508,21,407.18,true
6700,SKU-106699,Carregador Volt 249,5,281.27,true
6701,SKU-106700,Toalha Orbis 862,6,957.69,false
6702,SKU-106701,Cadeira Saga 796,6,537.16,true
6703,SKU-106702,Teclado Pratic 700,13,355.26,true
6704,SKU-106703,Cooler Primo 792,10,216.58,false
6705,SKU-106704,Fone Trilha 473,5,543.78,true
6706,SKU-106705,Cadeira Nordic 180,12,167.88,true
6707,SKU-106706,Liquidificador Brava 852,2,384.18,true
6708,SKU-106707,Aspirador Nexa 784,17,983.34,true
6709,SKU-106708,Smartphone Zentro 310,6,211.87,true
6710,SKU-106709,Cafeteira Kairo 532,2,691.66,true
6711,SKU-106710,Capa Primo 525,7,208.84,true
6712,SKU-106711,SSD Astra 209,7,544.67,true
6713,SKU-106712,Mouse Lumix 263,21,755.10,true
6714,SKU-106713,Mouse Zentro 582,15,689.15,true
6715,SKU-106714,Furadeira Trilha 903,7,520.71,true
6716,SKU-106715,Halter Orbis 551,13,90.51,true
6717,SKU-106716,Fonte Nordic 882,9,365.80,true
6718,SKU-106717,Memória Lumix 223,17,305.33,true
6719,SKU-106718,Cooler Astra 498,5,792.42,true
6720,SKU-106719,Ventilador Trilha 586,5,179.46,true
6721,SKU-106720,Secadora Aurora 496,10,177.24,true
6722,SKU-106721,Fonte Kairo 737,18,470.79,true
6723,SKU-106722,Esteira Pratic 103,12,297.48,true
6724,SKU-106723,Cadeira Kairo 371,16,531.11,true
6725,SKU-106724,Caixa Lumix 130,15,409.08,true
6726,SKU-106725,Estante Veloce 883,6,122.99,true
6727,SKU-106726,Micro-ondas Kairo 777,20,172.83,true
6728,SKU-106727,Secadora Aurora 295,13,1062.71,true
6729,SKU-106728,Ventilador Nordic 310,9,311.86,true
6730,SKU-106729,Halter Zentro 315,10,218.28,true
6731,SKU-106730,Smartwatch Volt 470,5,461.98,true
6732,SKU-106731,Console Astra 719,6,408.43,true
6733,SKU-106732,Ventilador Kubo 497,5,388.26,true
6734,SKU-106733,Bicicleta Orbis 246,10,359.09,false
6735,SKU-106734,Teclado Aurora 782,18,709.62,true
6736,SKU-106735,Teclado Orbis 161,9,202.64,true
6737,SKU-106736,Batedeira Pratic 585,15,447.15,true
6738,SKU-106737,Micro-ondas Saga 534,20,345.91,true
6739,SKU-106738,Monitor Lumix 594,16,312.19,true
6740,SKU-106739,Teclado Trilha 166,15,172.55,true
6741,SKU-106740,Cooler Trilha 403,20,117.69,true
6742,SKU-106741,Memória Onix 683,13,244.03,true
6743,SKU-106742,Cafeteira Zentro 557,3,504.31,true
6744,SKU-106743,Purificador Pratic 301,3,508.56,true
6745,SKU-106744,Soundbar Primo 286,20,402.25,false
6746,SKU-106745,Secadora Orbis 934,13,605.95,true
6747,SKU-106746,Headphone Trilha 973,18,807.76,true
6748,SKU-106747,Esteira Delta 883,16,245.21,true
6749,SKU-106748,Smartwatch Trilha 528,16,572.04,true
6750,SKU-106749,Halter Astra 996,9,285.62,true
6751,SKU-106750,Lençol Onix 150,21,353.49,true
6752,SKU-106751,SSD Mirante 642,10,1090.48,true
6753,SKU-106752,Lençol Veloce 945,13,526.97,true
6754,SKU-106753,Mouse Onix 363,2,163.91,true
6755,SKU-106754,Impressora Aurora 488,15,294.35,true
6756,SKU-106755,Halter Kairo 326,21,284.48,true
6757,SKU-106756,Memória Kairo 609,20,472.11,true
6758,SKU-106757,Monitor Nexa 538,6,410.80,true
6759,SKU-106758,Headset Brava 222,5,902.79,true
6760,SKU-106759,Notebook Vertex 166,18,50.19,true
6761,SKU-106760,Carregador Volt 380,15,272.41,true
6762,SKU-106761,Micro-ondas Vertex 216,18,604.59,true
6763,SKU-106762,Liquidificador Vertex 656,21,71.69,true
6764,SKU-106763,Batedeira Onix 438,12,310.47,true
6765,SKU-106764,Secadora Nordic 915,5,1126.49,true
6766,SKU-106765,Smartwatch Aurora 927,6,106.01,true
6767,SKU-106766,Roteador Delta 288,2,220.90,true
6768,SKU-106767,Toalha Primo 986,12,207.90,true
6769,SKU-106768,Desktop Volt 692,20,145.03,true
6770,SKU-106769,Aspirador Veloce 997,16,571.26,true
6771,SKU-106770,Capa Volt 107,10,439.69,true
6772,SKU-106771,Headphone Orbis 422,15,250.96,false
6773,SKU-106772,Ventilador Zentro 852,18,381.52,true
6774,SKU-106773,Esteira Delta 191,16,320.07,true
6775,SKU-106774,Jogo Nexa 556,21,526.23,true
6776,SKU-106775,Fone Mirante 930,17,82.55,true
6777,SKU-106776,Roteador Orbis 183,17,616.34,true
6778,SKU-106777,Purificador Astra 983,21,438.18,true
6779,SKU-106778,Toalha Nordic 765,16,304.13,true
6780,SKU-106779,Batedeira Brava 264,6,1096.18,true
6781,SKU-106780,Purificador Nordic 956,2,330.00,true
6782,SKU-106781,Furadeira Astra 992,9,469.78,false
6783,SKU-106782,Batedeira Mirante 551,13,480.42,true
6784,SKU-106783,Colchão Lumix 106,15,687.76,true
6785,SKU-106784,Estante Kubo 466,12,184.25,true
6786,SKU-106785,Serra Brava 853,17,780.61,true
6787,SKU-106786,Fonte Kairo 741,21,740.25,true
6788,SKU-106787,Receiver Pratic 171,13,272.65,true
6789,SKU-106788,Fone Nexa 137,12,407.61,true
6790,SKU-106789,Headset Saga 992,13,644.91,true
6791,SKU-106790,Liquidificador Nexa 638,15,1198.74,true
6792,SKU-106791,Smartwatch Primo 621,17,192.21,true
6793,SKU-106792,Secadora Delta 763,18,218.45,true
6794,SKU-106793,Fonte Volt 765,10,458.34,true
6795,SKU-106794,Lençol Kubo 488,10,335.63,true
6796,SKU-106795,Colchão Kairo 449,12,316.38,true
6797,SKU-106796,Fone Delta 415,17,409.12,true
6798,SKU-106797,Console Kairo 415,9,467.00,true
6799,SKU-106798,Purificador Primo 421,18,816.69,true
6800,SKU-106799,Controle Nexa 457,6,522.97,true
6801,SKU-106800,Halter Trilha 237,6,223.73,true
6802,SKU-106801,Console Astra 782,3,215.03,true
6803,SKU-106802,Mesa Delta 872,20,240.28,true
6804,SKU-106803,Colchão Astra 947,16,373.56,false
6805,SKU-106804,Headphone Nexa 784,16,448.98,true
6806,SKU-106805,Notebook Kairo 583,7,169.21,true
6807,SKU-106806,Lençol Vertex 900,10,352.76,true
6808,SKU-106807,Memória Nexa 166,18,402.87,true
6809,SKU-106808,Mouse Volt 956,10,358.34,true
6810,SKU-106809,Ar-condicionado Astra 112,17,561.00,false
6811,SKU-106810,Fone Kairo 831,16,1038.31,true
6812,SKU-106811,Impressora Vertex 452,21,772.74,true
6813,SKU-106812,Headphone Vertex 335,7,422.81,true
6814,SKU-106813,Capa Nordic 923,5,195.53,true
6815,SKU-106814,Notebook Trilha 272,7,680.98,true
6816,SKU-106815,Caixa Kubo 457,10,458.95,true
6817,SKU-106816,Micro-ondas Primo 207,15,276.02,true
6818,SKU-106817,Capa Kubo 953,20,698.15,true
6819,SKU-106818,Serra Kubo 396,3,175.79,true
6820,SKU-106819,Aspirador Astra 548,10,224.93,true
6821,SKU-106820,Receiver Orbis 921,17,718.48,true
6822,SKU-106821,Mouse Primo 900,12,551.62,true
6823,SKU-106822,Televisor Nexa 776,2,105.68,true
6824,SKU-106823,Roteador Mirante 289,5,230.87,true
6825,SKU-106824,Serra Mirante 776,6,438.52,true
6826,SKU-106825,Estante Trilha 433,10,615.47,true
6827,SKU-106826,Caixa Mirante 664,9,927.43,true
6828,SKU-106827,Cafeteira Veloce 715,5,523.01,true
6829,SKU-106828,Halter Pratic 494,16,394.53,true
6830,SKU-106829,Televisor Volt 342,21,1041.45,true
6831,SKU-106830,Jogo Veloce 235,5,454.31,false
6832,SKU-106831,Jogo Vertex 915,20,123.14,true
6833,SKU-106832,Smartwatch Delta 232,17,548.02,false
6834,SKU-106833,Mouse Zentro 391,20,334.59,true
6835,SKU-106834,Capa Pratic 495,17,391.26,true
6836,SKU-106835,Furadeira Mirante 720,6,380.44,true
6837,SKU-106836,Geladeira Volt 335,20,832.26,true
6838,SKU-106837,Mouse Brava 766,15,759.31,true
6839,SKU-106838,Jogo Kubo 667,20,490.12,true
6840,SKU-106839,Fone Aurora 284,18,541.84,true
6841,SKU-106840,Mesa Aurora 195,2,254.35,true
6842,SKU-106841,Secadora Volt 630,16,574.38,true
6843,SKU-106842,Mouse Lumix 156,9,167.85,true
6844,SKU-106843,Televisor Primo 919,5,58.60,true
6845,SKU-106844,Serra Delta 822,17,472.78,true
6846,SKU-106845,Colchão Zentro 213,6,254.02,false
6847,SKU-106846,Memória Kubo 750,5,385.85,true
6848,SKU-106847,Purificador Aurora 708,7,306.90,true
6849,SKU-106848,Furadeira Onix 186,15,183.08,true
6850,SKU-106849,Secadora Delta 681,16,135.56,true
6851,SKU-106850,Secadora Veloce 312,3,202.61,true
6852,SKU-106851,Teclado Astra 396,3,500.99,true
6853,SKU-106852,Smartwatch Delta 324,5,215.26,true
6854,SKU-106853,Fogão Saga 292,21,407.40,true
6855,SKU-106854,Batedeira Nordic 646,15,758.11,true
6856,SKU-106855,Mouse Kairo 661,9,509.43,true
6857,SKU-106856,Carregador Zentro 588,20,313.35,true
6858,SKU-106857,Parafusadeira Nordic 627,9,431.79,true
6859,SKU-106858,Caixa Volt 984,6,350.48,false
6860,SKU-106859,Smartwatch Kubo 694,5,292.44,false
6861,SKU-106860,SSD Pratic 288,6,691.32,true
6862,SKU-106861,Fogão Veloce 414,7,192.96,true
6863,SKU-106862,Fonte Trilha 512,21,62.54,true
6864,SKU-106863,Caixa Kairo 105,6,712.35,true
6865,SKU-106864,Parafusadeira Astra 520,9,200.06,true
6866,SKU-106865,Smartphone Delta 285,17,231.50,true
6867,SKU-106866,Cadeira Onix 437,2,1185.35,true
6868,SKU-106867,SSD Zentro 591,20,317.78,true
6869,SKU-106868,Ar-condicionado Aurora 227,13,359.95,true
6870,SKU-106869,Teclado Volt 844,10,314.47,true
6871,SKU-106870,Lençol Aurora 903,2,191.78,false
6872,SKU-106871,Halter Mirante 543,15,145.73,true
6873,SKU-106872,Liquidificador Nordic 156,2,858.30,true
6874,SKU-106873,Mouse Nexa 228,15,293.42,true
6875,SKU-106874,Impressora Aurora 469,15,1127.04,false
6876,SKU-106875,Impressora Vertex 981,21,212.96,true
6877,SKU-106876,Esteira Trilha 320,20,145.39,true
6878,SKU-106877,Lavadora Pratic 782,7,76.28,true
6879,SKU-106878,Desktop Nexa 161,6,166.90,true
6880,SKU-106879,Sofá Nordic 363,13,109.35,true
6881,SKU-106880,Ventilador Astra 442,20,211.15,true
6882,SKU-106881,Controle Orbis 582,17,527.03,true
6883,SKU-106882,Controle Orbis 226,7,393.81,true
6884,SKU-106883,Lavadora Pratic 645,3,363.44,true
6885,SKU-106884,Esteira Primo 639,6,389.42,true
6886,SKU-106885,Caixa Aurora 151,20,68.64,true
6887,SKU-106886,Capa Kubo 955,10,240.20,true
6888,SKU-106887,Secadora Lumix 205,13,641.69,true
6889,SKU-106888,Cooler Orbis 513,16,346.33,true
6890,SKU-106889,Capa Aurora 835,9,581.95,true
6891,SKU-106890,Ventilador Astra 356,17,348.60,true
6892,SKU-106891,Caixa Zentro 130,12,370.50,true
6893,SKU-106892,Monitor Aurora 156,2,375.05,true
6894,SKU-106893,Fogão Trilha 735,3,586.82,true
6895,SKU-106894,Notebook Orbis 150,2,711.66,true
6896,SKU-106895,Esteira Brava 691,20,123.19,true
6897,SKU-106896,Fogão Mirante 666,3,150.99,true
6898,SKU-106897,Lençol Astra 131,3,405.29,true
6899,SKU-106898,Desktop Vertex 813,9,284.72,true
6900,SKU-106899,Console Astra 527,10,254.74,true
6901,SKU-106900,Liquidificador Brava 553,12,316.81,true
6902,SKU-106901,Aspirador Vertex 872,17,326.01,true
6903,SKU-106902,Furadeira Delta 249,15,795.72,true
6904,SKU-106903,Carregador Primo 170,6,199.03,true
6905,SKU-106904,Fone Mirante 752,3,165.99,true
6906,SKU-106905,Cafeteira Lumix 480,20,165.04,true
6907,SKU-106906,Serra Saga 885,3,228.47,true
6908,SKU-106907,Batedeira Delta 481,5,286.00,true
6909,SKU-106908,SSD Delta 715,10,551.13,true
6910,SKU-106909,Lavadora Orbis 400,18,216.46,true
6911,SKU-106910,Cooler Lumix 340,21,381.51,false
6912,SKU-106911,Ventilador Nordic 299,2,270.65,true
6913,SKU-106912,Sofá Veloce 547,10,799.24,true
6914,SKU-106913,Ventilador Pratic 791,21,177.28,true
6915,SKU-106914,Esteira Volt 867,12,233.64,true
6916,SKU-106915,Cooler Lumix 738,7,808.83,true
6917,SKU-106916,Esteira Primo 791,10,632.04,true
6918,SKU-106917,Mesa Onix 377,12,206.28,true
6919,SKU-106918,Cooler Vertex 630,10,926.40,true
6920,SKU-106919,Fogão Pratic 823,6,969.80,true
6921,SKU-106920,Headphone Pratic 306,15,151.30,true
6922,SKU-106921,Fone Nexa 143,10,190.30,true
6923,SKU-106922,Notebook Kairo 671,5,381.17,true
6924,SKU-106923,Caixa Volt 688,13,193.12,true
6925,SKU-106924,Headset Kubo 801,18,193.36,true
6926,SKU-106925,Secadora Trilha 982,21,215.14,true
6927,SKU-106926,Fone Trilha 296,18,78.66,true
6928,SKU-106927,Jogo Pratic 467,5,419.82,true
6929,SKU-106928,Geladeira Saga 562,21,535.35,true
6930,SKU-106929,Smartwatch Aurora 392,13,297.54,true
6931,SKU-106930,Liquidificador Orbis 833,13,103.55,true
6932,SKU-106931,Micro-ondas Onix 596,9,360.82,true
6933,SKU-106932,Halter Nexa 414,18,332.99,true
6934,SKU-106933,Smartphone Kubo 141,13,475.59,true
6935,SKU-106934,Memória Veloce 929,3,473.51,true
6936,SKU-106935,Micro-ondas Lumix 889,16,1003.13,true
6937,SKU-106936,Furadeira Astra 752,7,899.19,true
6938,SKU-106937,Mouse Astra 212,2,347.20,true
6939,SKU-106938,Headset Nexa 765,17,282.82,true
6940,SKU-106939,Purificador Onix 932,10,489.07,false
6941,SKU-106940,Sofá Pratic 229,12,709.64,true
6942,SKU-106941,Sofá Kubo 875,16,396.60,true
6943,SKU-106942,Receiver Onix 961,15,195.73,true
6944,SKU-106943,Cafeteira Aurora 288,20,200.43,true
6945,SKU-106944,Purificador Orbis 793,12,480.60,true
6946,SKU-106945,Lavadora Lumix 752,10,581.30,true
6947,SKU-106946,Cafeteira Delta 977,16,178.43,true
6948,SKU-106947,Cooler Zentro 113,15,1039.36,true
6949,SKU-106948,Monitor Kairo 651,9,160.48,true
6950,SKU-106949,Carregador Kairo 758,18,150.75,true
6951,SKU-106950,Smartphone Aurora 656,10,205.13,true
6952,SKU-106951,Televisor Nexa 257,17,195.83,true
6953,SKU-106952,Fone Primo 662,9,210.08,false
6954,SKU-106953,Fogão Astra 448,15,643.18,true
6955,SKU-106954,Smartwatch Primo 529,13,164.24,true
6956,SKU-106955,Colchão Pratic 185,9,363.62,true
6957,SKU-106956,Impressora Veloce 456,16,719.40,true
6958,SKU-106957,Furadeira Veloce 522,21,121.21,true
6959,SKU-106958,Cadeira Kubo 552,17,472.35,true
6960,SKU-106959,Soundbar Trilha 951,2,401.13,true
6961,SKU-106960,Headset Trilha 199,20,116.62,true
6962,SKU-106961,Capa Vertex 336,12,469.97,false
6963,SKU-106962,Teclado Pratic 727,10,771.52,true
6964,SKU-106963,Teclado Kairo 746,16,142.72,true
6965,SKU-106964,Headset Trilha 900,9,248.49,true
6966,SKU-106965,Furadeira Veloce 787,9,646.63,true
6967,SKU-106966,Headset Volt 880,2,772.40,true
6968,SKU-106967,Smartphone Primo 982,7,328.71,true
6969,SKU-106968,Smartphone Orbis 707,21,891.07,true
6970,SKU-106969,Micro-ondas Onix 656,15,250.02,true
6971,SKU-106970,Desktop Primo 441,17,289.66,true
6972,SKU-106971,Fonte Saga 301,12,139.01,true
6973,SKU-106972,Smartphone Zentro 331,10,92.16,true
6974,SKU-106973,Monitor Primo 812,18,297.14,true
6975,SKU-106974,Controle Orbis 824,18,122.65,true
6976,SKU-106975,Liquidificador Nordic 130,15,87.82,true
6977,SKU-106976,Estante Delta 205,10,486.08,true
6978,SKU-106977,Controle Zentro 772,20,218.82,true
6979,SKU-106978,Headphone Brava 450,15,132.12,true
6980,SKU-106979,Esteira Onix 419,2,246.16,true
6981,SKU-106980,Monitor Pratic 233,17,373.08,true
6982,SKU-106981,Secadora Delta 614,10,633.94,true
6983,SKU-106982,Receiver Nexa 809,17,219.53,true
6984,SKU-106983,Micro-ondas Aurora 603,7,425.12,true
6985,SKU-106984,Console Primo 137,13,440.72,true
6986,SKU-106985,Capa Volt 252,12,441.07,true
6987,SKU-106986,Teclado Volt 362,2,502.60,true
6988,SKU-106987,Teclado Brava 444,20,568.88,true
6989,SKU-106988,Monitor Brava 616,2,171.75,true
6990,SKU-106989,Soundbar Aurora 559,13,525.04,true
6991,SKU-106990,Notebook Trilha 176,16,532.95,true
6992,SKU-106991,Lençol Kubo 785,18,255.81,true
6993,SKU-106992,Jogo Nexa 256,5,379.38,true
6994,SKU-106993,Smartphone Lumix 134,6,530.94,true
6995,SKU-106994,Capa Zentro 726,13,364.41,true
6996,SKU-106995,Fone Vertex 855,12,381.65,true
6997,SKU-106996,Mouse Aurora 250,5,167.27,true
6998,SKU-106997,Toalha Trilha 169,3,417.63,true
6999,SKU-106998,Desktop Astra 248,9,129.16,true
7000,SKU-106999,Headphone Saga 684,13,555.03,true
7001,SKU-107000,Smartwatch Trilha 377,17,340.70,true
7002,SKU-107001,Halter Kubo 963,20,274.19,true
7003,SKU-107002,Fone Delta 530,6,524.59,true
7004,SKU-107003,Lençol Lumix 699,12,354.30,true
7005,SKU-107004,Fone Onix 780,13,809.27,true
7006,SKU-107005,Esteira Kairo 183,12,831.03,true
7007,SKU-107006,Fone Mirante 559,3,153.67,true
7008,SKU-107007,Secadora Kubo 313,6,106.78,true
7009,SKU-107008,Impressora Veloce 934,2,487.15,true
7010,SKU-107009,Console Saga 182,6,570.59,true
7011,SKU-107010,Impressora Pratic 528,20,178.72,true
7012,SKU-107011,Jogo Delta 485,12,475.34,true
7013,SKU-107012,Micro-ondas Onix 477,20,578.43,true
7014,SKU-107013,Notebook Onix 162,15,174.97,true
7015,SKU-107014,Aspirador Kubo 464,5,696.01,true
7016,SKU-107015,Fogão Astra 475,15,275.18,true
7017,SKU-107016,Micro-ondas Kubo 305,10,373.69,true
7018,SKU-107017,Mouse Orbis 623,6,583.21,true
7019,SKU-107018,Headphone Onix 354,3,349.86,true
7020,SKU-107019,Roteador Saga 696,5,589.88,true
7021,SKU-107020,Esteira Nexa 171,10,651.92,true
7022,SKU-107021,Monitor Vertex 936,2,428.77,true
7023,SKU-107022,Caixa Aurora 733,2,253.01,true
7024,SKU-107023,Ventilador Lumix 966,6,155.08,true
7025,SKU-107024,Televisor Brava 431,13,813.31,true
7026,SKU-107025,Monitor Saga 416,17,320.31,true
7027,SKU-107026,Smartphone Mirante 329,13,234.02,true
7028,SKU-107027,Roteador Orbis 123,15,500.47,true
7029,SKU-107028,Smartphone Nexa 687,17,453.11,true
7030,SKU-107029,Roteador Vertex 624,21,171.00,true
7031,SKU-107030,Carregador Astra 487,2,312.28,true
7032,SKU-107031,Purificador Primo 983,12,315.79,true
7033,SKU-107032,SSD Kairo 209,7,760.49,true
7034,SKU-107033,Headphone Lumix 422,2,305.84,true
7035,SKU-107034,Memória Aurora 751,13,477.74,true
7036,SKU-107035,Estante Trilha 606,16,573.57,true
7037,SKU-107036,Toalha Kairo 559,12,392.16,true
7038,SKU-107037,Headphone Lumix 224,2,232.70,true
7039,SKU-107038,Sofá Astra 118,7,148.84,true
7040,SKU-107039,Fogão Nexa 131,9,219.73,true
7041,SKU-107040,Toalha Zentro 881,2,992.22,true
7042,SKU-107041,Console Veloce 130,5,1097.77,true
7043,SKU-107042,Ar-condicionado Kairo 638,3,198.15,true
7044,SKU-107043,Smartphone Veloce 268,18,495.72,true
7045,SKU-107044,Notebook Primo 374,18,443.62,true
7046,SKU-107045,Capa Veloce 340,17,274.56,true
7047,SKU-107046,Headset Delta 445,3,470.23,true
7048,SKU-107047,Colchão Kubo 690,9,123.64,true
7049,SKU-107048,Impressora Vertex 730,17,115.62,true
7050,SKU-107049,Purificador Nexa 233,16,374.00,true
7051,SKU-107050,Televisor Delta 190,12,176.28,false
7052,SKU-107051,Roteador Veloce 112,20,349.74,true
7053,SKU-107052,Sofá Aurora 906,16,315.97,true
7054,SKU-107053,Micro-ondas Lumix 327,16,399.81,true
7055,SKU-107054,Geladeira Lumix 597,21,191.42,true
7056,SKU-107055,Carregador Aurora 890,7,528.46,true
7057,SKU-107056,Smartwatch Mirante 469,17,438.71,true
7058,SKU-107057,Sofá Volt 612,3,878.18,true
7059,SKU-107058,Sofá Kubo 518,2,234.83,true
7060,SKU-107059,Capa Orbis 188,13,872.08,true
7061,SKU-107060,Liquidificador Nordic 233,2,322.74,true
7062,SKU-107061,Esteira Volt 371,16,514.94,true
7063,SKU-107062,Serra Aurora 328,20,1078.23,true
7064,SKU-107063,Serra Brava 897,3,693.78,true
7065,SKU-107064,Headset Volt 601,7,173.28,true
7066,SKU-107065,Esteira Lumix 251,18,192.01,true
7067,SKU-107066,Fogão Zentro 169,13,89.11,true
7068,SKU-107067,Liquidificador Nexa 124,17,553.16,true
7069,SKU-107068,Carregador Trilha 404,7,429.84,true
7070,SKU-107069,SSD Primo 695,10,184.22,true
7071,SKU-107070,Bicicleta Pratic 742,7,437.70,true
7072,SKU-107071,Soundbar Zentro 473,18,465.82,true
7073,SKU-107072,Teclado Lumix 605,10,878.18,true
7074,SKU-107073,Serra Aurora 740,13,683.40,false
7075,SKU-107074,Geladeira Primo 751,7,331.33,false
7076,SKU-107075,Mouse Mirante 193,18,773.38,true
7077,SKU-107076,Headset Nordic 908,9,143.22,true
7078,SKU-107077,Micro-ondas Orbis 618,20,761.49,true
7079,SKU-107078,Ventilador Lumix 367,6,431.13,true
7080,SKU-107079,Ventilador Brava 213,12,431.91,true
7081,SKU-107080,Fone Kubo 440,10,139.18,true
7082,SKU-107081,Capa Aurora 565,21,469.46,false
7083,SKU-107082,Monitor Zentro 672,5,295.48,true
7084,SKU-107083,Fonte Volt 981,21,306.54,true
7085,SKU-107084,Monitor Veloce 602,5,136.58,true
7086,SKU-107085,Cooler Brava 392,16,259.87,true
7087,SKU-107086,Monitor Zentro 236,5,415.04,true
7088,SKU-107087,Smartphone Brava 683,16,674.24,true
7089,SKU-107088,Teclado Trilha 442,5,392.11,true
7090,SKU-107089,Impressora Saga 963,10,162.64,true
7091,SKU-107090,Headset Brava 109,18,765.73,true
7092,SKU-107091,Aspirador Nordic 935,20,627.42,true
7093,SKU-107092,Controle Nordic 739,16,725.53,true
7094,SKU-107093,Controle Nexa 436,12,961.62,true
7095,SKU-107094,Monitor Onix 332,6,77.44,true
7096,SKU-107095,Console Zentro 411,12,545.47,true
7097,SKU-107096,Smartwatch Zentro 497,13,223.89,true
7098,SKU-107097,Halter Orbis 498,6,366.26,true
7099,SKU-107098,Headset Mirante 725,17,509.02,true
7100,SKU-107099,Cafeteira Trilha 954,5,338.82,true
7101,SKU-107100,Fone Mirante 736,7,463.09,true
7102,SKU-107101,Serra Astra 430,5,284.97,true
7103,SKU-107102,Parafusadeira Veloce 498,2,450.42,true
7104,SKU-107103,Televisor Brava 542,7,357.08,true
7105,SKU-107104,Soundbar Delta 934,9,578.30,true
7106,SKU-107105,Aspirador Kubo 866,16,224.34,true
7107,SKU-107106,Sofá Pratic 575,5,231.24,true
7108,SKU-107107,Carregador Volt 583,10,171.25,true
7109,SKU-107108,Aspirador Brava 821,15,561.61,true
7110,SKU-107109,Esteira Kairo 216,2,435.83,true
7111,SKU-107110,Lençol Aurora 836,7,189.29,false
7112,SKU-107111,Receiver Veloce 607,12,491.01,true
7113,SKU-107112,Cooler Vertex 938,10,194.50,true
7114,SKU-107113,Estante Onix 928,7,533.23,true
7115,SKU-107114,Fonte Mirante 388,6,959.71,true
7116,SKU-107115,Console Kubo 410,5,822.61,true
7117,SKU-107116,Geladeira Onix 106,17,279.51,true
7118,SKU-107117,Furadeira Lumix 461,6,719.37,true
7119,SKU-107118,Notebook Brava 947,17,576.61,false
7120,SKU-107119,Esteira Brava 947,21,291.42,true
7121,SKU-107120,Liquidificador Primo 712,15,583.14,true
7122,SKU-107121,Colchão Nexa 210,5,920.64,true
7123,SKU-107122,Furadeira Lumix 323,5,284.13,false
7124,SKU-107123,Smartphone Nexa 664,5,167.67,true
7125,SKU-107124,Micro-ondas Zentro 406,2,199.38,true
7126,SKU-107125,Liquidificador Volt 587,5,464.36,true
7127,SKU-107126,Mouse Kairo 922,20,282.36,true
7128,SKU-107127,Ar-condicionado Lumix 737,21,314.17,true
7129,SKU-107128,Liquidificador Vertex 149,21,721.55,true
7130,SKU-107129,Carregador Pratic 506,18,272.45,true
7131,SKU-107130,Halter Brava 692,7,188.50,true
7132,SKU-107131,Jogo Brava 342,9,492.61,true
7133,SKU-107132,Lavadora Aurora 226,6,108.91,true
7134,SKU-107133,Aspirador Kairo 197,17,578.00,true
7135,SKU-107134,Headset Pratic 251,7,258.14,true
7136,SKU-107135,Micro-ondas Nexa 614,2,502.02,true
7137,SKU-107136,Toalha Astra 651,17,362.13,true
7138,SKU-107137,Console Trilha 885,20,304.40,true
7139,SKU-107138,Headset Delta 264,9,876.31,true
7140,SKU-107139,Headphone Lumix 545,3,702.37,true
7141,SKU-107140,SSD Trilha 458,6,218.43,true
7142,SKU-107141,Console Nordic 512,17,421.64,true
7143,SKU-107142,Mouse Vertex 590,12,160.11,true
7144,SKU-107143,Console Nexa 625,17,2751.50,true
7145,SKU-107144,Fonte Primo 296,2,423.22,true
7146,SKU-107145,Micro-ondas Aurora 328,2,87.57,true
7147,SKU-107146,Fone Delta 562,10,955.79,true
7148,SKU-107147,Impressora Vertex 731,7,154.76,true
7149,SKU-107148,Esteira Nordic 594,10,176.24,true
7150,SKU-107149,Micro-ondas Veloce 185,5,562.54,true
7151,SKU-107150,Jogo Trilha 521,9,885.63,true
7152,SKU-107151,Ventilador Delta 405,2,484.86,true
7153,SKU-107152,Cooler Astra 187,3,537.85,true
7154,SKU-107153,Serra Onix 955,18,135.05,true
7155,SKU-107154,Capa Kairo 737,15,801.58,true
7156,SKU-107155,Batedeira Astra 501,5,301.49,true
7157,SKU-107156,Lavadora Nexa 782,18,619.86,true
7158,SKU-107157,Fogão Zentro 787,2,339.76,true
7159,SKU-107158,Headphone Lumix 796,16,522.76,true
7160,SKU-107159,Memória Volt 340,7,306.67,true
7161,SKU-107160,Micro-ondas Onix 985,9,391.86,false
7162,SKU-107161,Toalha Delta 655,3,585.10,true
7163,SKU-107162,Roteador Brava 616,16,189.25,true
7164,SKU-107163,Liquidificador Veloce 750,18,430.44,true
7165,SKU-107164,Capa Nordic 422,10,512.09,true
7166,SKU-107165,Aspirador Kubo 851,16,343.87,true
7167,SKU-107166,Batedeira Astra 523,21,567.60,true
7168,SKU-107167,Desktop Vertex 519,17,237.14,true
7169,SKU-107168,Secadora Kairo 958,10,683.24,true
7170,SKU-107169,Jogo Zentro 524,17,652.52,true
7171,SKU-107170,Mouse Vertex 127,12,222.90,true
7172,SKU-107171,Fogão Onix 293,12,396.68,false
7173,SKU-107172,Monitor Zentro 959,5,204.71,true
7174,SKU-107173,Esteira Pratic 809,10,275.00,true
7175,SKU-107174,Capa Primo 851,21,709.18,true
7176,SKU-107175,Bicicleta Pratic 986,2,491.95,false
7177,SKU-107176,SSD Orbis 811,7,534.49,true
7178,SKU-107177,Liquidificador Veloce 922,16,419.24,true
7179,SKU-107178,Halter Mirante 204,21,229.60,true
7180,SKU-107179,Mesa Mirante 940,13,517.56,true
7181,SKU-107180,Colchão Orbis 316,20,240.32,true
7182,SKU-107181,Fone Kubo 521,17,312.37,true
7183,SKU-107182,Soundbar Zentro 153,12,612.98,true
7184,SKU-107183,Controle Vertex 588,7,229.26,true
7185,SKU-107184,Headset Astra 854,5,166.24,true
7186,SKU-107185,Cafeteira Pratic 682,2,398.26,true
7187,SKU-107186,Ventilador Kairo 594,16,333.99,true
7188,SKU-107187,Fonte Astra 950,20,181.15,true
7189,SKU-107188,Monitor Delta 127,6,280.36,true
7190,SKU-107189,Micro-ondas Mirante 594,2,744.34,true
7191,SKU-107190,Sofá Aurora 315,6,733.52,true
7192,SKU-107191,Lavadora Astra 691,5,904.93,true
7193,SKU-107192,Colchão Nordic 109,18,298.88,true
7194,SKU-107193,Cafeteira Aurora 324,2,476.24,true
7195,SKU-107194,Secadora Orbis 297,3,443.61,true
7196,SKU-107195,Cooler Primo 707,3,673.95,true
7197,SKU-107196,Fone Vertex 362,20,239.85,true
7198,SKU-107197,Cadeira Mirante 489,7,693.33,true
7199,SKU-107198,Secadora Nordic 504,20,281.92,true
7200,SKU-107199,Jogo Zentro 208,15,251.28,true
7201,SKU-107200,Soundbar Kairo 815,17,134.56,true
7202,SKU-107201,Purificador Astra 408,2,455.74,true
7203,SKU-107202,Smartwatch Volt 238,20,434.49,true
7204,SKU-107203,Purificador Onix 227,2,426.27,true
7205,SKU-107204,Secadora Orbis 813,20,456.40,true
7206,SKU-107205,Memória Lumix 167,13,123.75,true
7207,SKU-107206,Notebook Veloce 289,20,796.95,true
7208,SKU-107207,Mouse Saga 965,16,563.45,true
7209,SKU-107208,Controle Vertex 786,7,440.50,false
7210,SKU-107209,Notebook Saga 232,15,467.55,true
7211,SKU-107210,Headset Lumix 231,10,244.31,true
7212,SKU-107211,Televisor Volt 728,17,533.11,true
7213,SKU-107212,Colchão Volt 418,2,238.92,true
7214,SKU-107213,Smartphone Kairo 631,17,242.33,true
7215,SKU-107214,Cafeteira Mirante 546,18,155.48,true
7216,SKU-107215,Soundbar Zentro 431,20,302.95,true
7217,SKU-107216,Carregador Nexa 832,10,396.36,true
7218,SKU-107217,Furadeira Astra 576,17,719.76,true
7219,SKU-107218,Lençol Delta 555,16,233.51,true
7220,SKU-107219,Mesa Saga 455,17,409.02,true
7221,SKU-107220,Teclado Brava 891,10,378.25,false
7222,SKU-107221,Mouse Delta 323,3,204.77,true
7223,SKU-107222,Mouse Mirante 534,18,148.19,true
7224,SKU-107223,Colchão Lumix 361,16,348.13,true
7225,SKU-107224,Esteira Orbis 890,12,246.78,true
7226,SKU-107225,Controle Kubo 684,18,225.95,true
7227,SKU-107226,Ventilador Kubo 422,21,163.86,true
7228,SKU-107227,Serra Trilha 625,10,197.24,true
7229,SKU-107228,Fogão Kairo 413,12,346.62,true
7230,SKU-107229,Geladeira Volt 529,18,377.15,true
7231,SKU-107230,Roteador Kairo 679,7,775.15,true
7232,SKU-107231,Jogo Delta 584,12,170.26,true
7233,SKU-107232,Micro-ondas Primo 117,17,756.27,true
7234,SKU-107233,Lavadora Aurora 374,10,315.24,true
7235,SKU-107234,Televisor Lumix 772,15,151.71,true
7236,SKU-107235,Esteira Pratic 884,10,145.49,true
7237,SKU-107236,Smartphone Aurora 333,6,315.62,true
7238,SKU-107237,Headphone Saga 327,5,414.60,true
7239,SKU-107238,Batedeira Brava 799,10,397.58,true
7240,SKU-107239,Jogo Kubo 808,21,684.60,true
7241,SKU-107240,Notebook Pratic 676,7,352.36,true
7242,SKU-107241,Monitor Saga 664,16,163.24,true
7243,SKU-107242,Soundbar Orbis 530,12,641.30,true
7244,SKU-107243,Roteador Onix 164,6,210.67,true
7245,SKU-107244,Halter Volt 533,9,537.15,true
7246,SKU-107245,Cafeteira Brava 752,20,431.64,true
7247,SKU-107246,Micro-ondas Volt 684,5,761.05,true
7248,SKU-107247,Teclado Delta 638,3,1581.78,true
7249,SKU-107248,Fogão Mirante 478,12,293.78,true
7250,SKU-107249,Ventilador Zentro 349,10,430.08,true
7251,SKU-107250,Carregador Delta 326,2,281.56,true
7252,SKU-107251,Halter Saga 156,10,170.42,true
7253,SKU-107252,Halter Nordic 797,6,505.86,true
7254,SKU-107253,Headset Brava 405,6,819.73,true
7255,SKU-107254,Mesa Saga 821,10,797.77,true
7256,SKU-107255,Controle Kairo 410,17,297.68,true
7257,SKU-107256,Soundbar Nexa 153,7,420.35,true
7258,SKU-107257,Lençol Aurora 645,6,175.54,true
7259,SKU-107258,Lençol Primo 925,3,427.09,true
7260,SKU-107259,Fogão Vertex 469,17,329.95,true
7261,SKU-107260,Jogo Mirante 254,10,106.17,true
7262,SKU-107261,Aspirador Onix 425,13,703.78,true
7263,SKU-107262,Secadora Zentro 462,2,856.20,true
7264,SKU-107263,Cadeira Kairo 147,6,493.70,false
7265,SKU-107264,Fonte Astra 363,21,660.21,true
7266,SKU-107265,Smartwatch Volt 692,20,586.36,true
7267,SKU-107266,Secadora Orbis 883,17,534.17,true
7268,SKU-107267,Halter Primo 702,12,467.32,true
7269,SKU-107268,Smartphone Astra 182,3,295.37,true
7270,SKU-107269,Controle Nexa 822,21,199.76,true
7271,SKU-107270,Lavadora Mirante 301,20,353.07,true
7272,SKU-107271,Cafeteira Veloce 687,5,654.05,true
7273,SKU-107272,Fone Primo 791,3,278.58,true
7274,SKU-107273,Smartwatch Nexa 724,18,645.32,true
7275,SKU-107274,Console Brava 638,9,279.45,true
7276,SKU-107275,Bicicleta Pratic 602,15,320.47,true
7277,SKU-107276,Soundbar Orbis 692,21,380.67,true
7278,SKU-107277,Cooler Zentro 309,9,305.05,true
7279,SKU-107278,Teclado Orbis 329,18,216.04,true
7280,SKU-107279,Receiver Orbis 684,18,347.95,true
7281,SKU-107280,Geladeira Astra 984,3,489.38,true
7282,SKU-107281,Bicicleta Pratic 605,3,427.69,true
7283,SKU-107282,Soundbar Astra 392,3,143.19,true
7284,SKU-107283,Impressora Primo 944,6,843.85,true
7285,SKU-107284,Mouse Nexa 967,12,261.63,true
7286,SKU-107285,Sofá Veloce 273,15,593.58,true
7287,SKU-107286,SSD Kairo 643,12,515.06,true
7288,SKU-107287,Esteira Delta 566,9,271.46,true
7289,SKU-107288,Batedeira Orbis 499,7,171.57,true
7290,SKU-107289,Smartphone Aurora 351,10,122.64,true
7291,SKU-107290,Teclado Kairo 173,21,404.27,true
7292,SKU-107291,Capa Pratic 301,10,654.02,true
7293,SKU-107292,Desktop Veloce 725,7,484.19,true
7294,SKU-107293,Geladeira Onix 557,10,226.63,true
7295,SKU-107294,Geladeira Onix 318,12,479.40,true
7296,SKU-107295,Ventilador Lumix 826,17,123.29,true
7297,SKU-107296,Caixa Orbis 161,15,573.12,false
7298,SKU-107297,Parafusadeira Vertex 657,9,228.13,true
7299,SKU-107298,Purificador Nordic 180,5,603.28,true
7300,SKU-107299,Jogo Onix 187,21,264.78,true
7301,SKU-107300,Smartphone Nexa 926,9,643.11,true
7302,SKU-107301,Teclado Zentro 607,17,203.42,true
7303,SKU-107302,Carregador Astra 437,21,358.65,true
7304,SKU-107303,Lençol Astra 703,20,363.80,true
7305,SKU-107304,Micro-ondas Delta 948,13,714.48,true
7306,SKU-107305,Televisor Trilha 322,15,738.65,false
7307,SKU-107306,Ar-condicionado Volt 419,6,375.51,true
7308,SKU-107307,Aspirador Delta 234,21,382.23,true
7309,SKU-107308,Console Saga 446,21,785.94,true
7310,SKU-107309,Mouse Mirante 680,13,324.47,true
7311,SKU-107310,Desktop Nexa 644,2,790.54,true
7312,SKU-107311,Mouse Orbis 175,7,665.14,true
7313,SKU-107312,Monitor Volt 383,16,182.45,true
7314,SKU-107313,Secadora Primo 290,18,146.78,false
7315,SKU-107314,Teclado Kairo 333,2,446.33,true
7316,SKU-107315,Receiver Orbis 306,3,847.98,true
7317,SKU-107316,Monitor Delta 735,9,916.23,true
7318,SKU-107317,Mesa Veloce 376,13,417.92,true
7319,SKU-107318,Console Pratic 657,3,179.14,true
7320,SKU-107319,Monitor Primo 545,12,237.00,true
7321,SKU-107320,Fonte Orbis 670,13,412.06,true
7322,SKU-107321,Sofá Pratic 907,13,496.52,true
7323,SKU-107322,Televisor Primo 615,18,176.36,true
7324,SKU-107323,Monitor Lumix 813,17,522.39,true
7325,SKU-107324,Ventilador Trilha 619,10,344.45,true
7326,SKU-107325,Smartphone Veloce 180,17,5477.80,true
7327,SKU-107326,Lençol Nordic 485,6,530.79,true
7328,SKU-107327,Headset Kubo 669,16,159.41,true
7329,SKU-107328,Smartwatch Aurora 890,5,495.58,true
7330,SKU-107329,Console Orbis 425,9,243.64,true
7331,SKU-107330,Capa Primo 171,10,215.09,true
7332,SKU-107331,Mesa Brava 573,3,319.24,true
7333,SKU-107332,Capa Mirante 960,9,1159.41,true
7334,SKU-107333,Ar-condicionado Astra 560,21,286.51,true
7335,SKU-107334,Furadeira Lumix 733,21,541.65,true
7336,SKU-107335,Carregador Onix 185,20,141.84,true
7337,SKU-107336,Carregador Onix 800,9,322.90,true
7338,SKU-107337,Mouse Pratic 754,3,289.89,true
7339,SKU-107338,Ventilador Aurora 874,16,269.43,true
7340,SKU-107339,Smartphone Lumix 799,6,750.98,true
7341,SKU-107340,Memória Astra 284,20,317.47,true
7342,SKU-107341,Cooler Saga 368,9,206.76,true
7343,SKU-107342,Impressora Kairo 835,9,249.63,true
7344,SKU-107343,Parafusadeira Nordic 149,3,586.75,true
7345,SKU-107344,Purificador Volt 862,17,378.34,true
7346,SKU-107345,Headphone Lumix 420,7,284.83,true
7347,SKU-107346,Furadeira Kubo 490,6,280.87,true
7348,SKU-107347,Geladeira Astra 381,13,334.59,true
7349,SKU-107348,Geladeira Zentro 430,16,471.26,true
7350,SKU-107349,Capa Mirante 548,15,502.89,true
7351,SKU-107350,Cadeira Delta 711,13,562.22,true
7352,SKU-107351,Notebook Brava 636,6,443.94,true
7353,SKU-107352,Lavadora Aurora 129,6,310.05,true
7354,SKU-107353,Sofá Volt 770,13,206.44,true
7355,SKU-107354,Lavadora Kubo 772,12,150.08,true
7356,SKU-107355,Desktop Astra 188,3,579.61,true
7357,SKU-107356,Televisor Lumix 231,2,266.40,true
7358,SKU-107357,Mesa Aurora 727,6,719.40,true
7359,SKU-107358,Serra Aurora 294,21,320.20,true
7360,SKU-107359,Sofá Vertex 667,3,664.98,true
7361,SKU-107360,Micro-ondas Saga 802,3,510.11,true
7362,SKU-107361,Mouse Kubo 642,6,515.03,true
7363,SKU-107362,Soundbar Saga 944,5,355.76,true
7364,SKU-107363,Capa Nordic 342,15,237.91,true
7365,SKU-107364,Receiver Onix 222,2,208.13,true
7366,SKU-107365,Fogão Kairo 829,6,437.86,true
7367,SKU-107366,Secadora Kubo 679,2,302.75,true
7368,SKU-107367,Carregador Zentro 711,3,165.51,true
7369,SKU-107368,Headphone Orbis 405,2,704.83,true
7370,SKU-107369,Smartphone Mirante 977,6,369.59,true
7371,SKU-107370,Aspirador Primo 544,15,182.03,true
7372,SKU-107371,Purificador Zentro 834,13,167.35,true
7373,SKU-107372,Notebook Onix 387,18,217.60,true
7374,SKU-107373,Mouse Aurora 870,18,207.49,true
7375,SKU-107374,Furadeira Orbis 600,16,252.45,true
7376,SKU-107375,Parafusadeira Aurora 430,7,367.19,true
7377,SKU-107376,Liquidificador Nordic 452,2,188.82,true
7378,SKU-107377,Estante Orbis 864,17,279.06,true
7379,SKU-107378,Smartphone Veloce 526,18,533.44,true
7380,SKU-107379,Fonte Trilha 819,3,271.57,true
7381,SKU-107380,Colchão Aurora 567,15,480.92,true
7382,SKU-107381,Lençol Onix 820,17,511.16,false
7383,SKU-107382,Controle Volt 178,12,105.79,true
7384,SKU-107383,Cadeira Primo 589,7,159.56,true
7385,SKU-107384,Batedeira Nordic 511,21,265.54,true
7386,SKU-107385,Capa Mirante 324,15,411.78,true
7387,SKU-107386,Notebook Aurora 227,10,240.68,true
7388,SKU-107387,Notebook Onix 291,21,328.46,true
7389,SKU-107388,Caixa Lumix 577,21,259.04,true
7390,SKU-107389,Cooler Delta 601,12,378.25,false
7391,SKU-107390,Smartphone Delta 857,3,539.56,true
7392,SKU-107391,Roteador Kubo 647,16,398.53,true
7393,SKU-107392,Aspirador Brava 785,2,497.36,true
7394,SKU-107393,Smartwatch Primo 673,9,736.42,true
7395,SKU-107394,Receiver Nordic 749,6,202.91,false
7396,SKU-107395,Halter Vertex 841,21,624.11,true
7397,SKU-107396,Bicicleta Aurora 707,9,115.09,true
7398,SKU-107397,Monitor Kubo 347,15,469.55,true
7399,SKU-107398,Estante Mirante 873,9,263.38,true
7400,SKU-107399,Liquidificador Mirante 770,7,316.15,true
7401,SKU-107400,Roteador Nexa 320,5,234.95,true
7402,SKU-107401,Batedeira Lumix 798,10,305.55,true
7403,SKU-107402,Mesa Nordic 303,10,142.10,true
7404,SKU-107403,SSD Pratic 593,17,200.03,true
7405,SKU-107404,Estante Veloce 489,18,500.83,true
7406,SKU-107405,Bicicleta Aurora 227,20,377.06,false
7407,SKU-107406,Cafeteira Volt 766,3,196.70,true
7408,SKU-107407,Parafusadeira Delta 405,3,247.95,true
7409,SKU-107408,Console Kairo 186,9,613.90,true
7410,SKU-107409,Headset Onix 541,21,475.28,true
7411,SKU-107410,Estante Volt 497,2,196.24,true
7412,SKU-107411,Console Kairo 333,16,206.60,true
7413,SKU-107412,Teclado Kubo 507,6,557.03,true
7414,SKU-107413,Soundbar Brava 748,3,701.73,true
7415,SKU-107414,Lavadora Aurora 687,2,496.45,false
7416,SKU-107415,Parafusadeira Vertex 664,10,628.56,true
7417,SKU-107416,Jogo Aurora 156,7,235.65,true
7418,SKU-107417,Cadeira Volt 857,16,228.35,true
7419,SKU-107418,Headphone Kairo 408,2,68.88,true
7420,SKU-107419,Caixa Aurora 156,3,265.47,true
7421,SKU-107420,Desktop Onix 702,10,133.80,true
7422,SKU-107421,Fone Zentro 945,7,337.18,true
7423,SKU-107422,Halter Aurora 609,17,633.34,true
7424,SKU-107423,Jogo Nexa 718,7,337.26,true
7425,SKU-107424,Cooler Mirante 231,7,597.01,true
7426,SKU-107425,Headset Primo 133,21,339.34,true
7427,SKU-107426,Console Trilha 234,15,498.51,true
7428,SKU-107427,Aspirador Zentro 437,15,582.98,true
7429,SKU-107428,Teclado Lumix 718,2,703.69,true
7430,SKU-107429,Lençol Nexa 117,5,335.05,true
7431,SKU-107430,Desktop Delta 910,15,658.59,false
7432,SKU-107431,Caixa Primo 155,13,177.80,true
7433,SKU-107432,Fonte Onix 258,17,479.25,true
7434,SKU-107433,Soundbar Kairo 848,15,165.25,true
7435,SKU-107434,Soundbar Nexa 995,12,414.56,true
7436,SKU-107435,Soundbar Nexa 541,2,337.70,true
7437,SKU-107436,Estante Vertex 986,18,165.42,true
7438,SKU-107437,Capa Veloce 220,12,335.31,true
7439,SKU-107438,Esteira Mirante 557,12,384.96,true
7440,SKU-107439,Esteira Vertex 249,12,228.37,true
7441,SKU-107440,Console Brava 873,9,396.17,true
7442,SKU-107441,Headset Orbis 115,9,152.10,true
7443,SKU-107442,Ventilador Veloce 640,17,416.57,true
7444,SKU-107443,Aspirador Primo 966,3,328.00,true
7445,SKU-107444,Fone Veloce 736,9,622.75,true
7446,SKU-107445,Console Delta 709,20,502.56,true
7447,SKU-107446,Televisor Kairo 180,12,513.75,true
7448,SKU-107447,Headset Nordic 732,3,183.38,false
7449,SKU-107448,Aspirador Orbis 275,2,395.27,true
7450,SKU-107449,Controle Zentro 510,7,265.91,true
7451,SKU-107450,Geladeira Nexa 450,3,287.67,true
7452,SKU-107451,Lençol Veloce 268,16,1069.92,true
7453,SKU-107452,Smartwatch Zentro 136,17,97.00,false
7454,SKU-107453,Parafusadeira Pratic 708,6,233.41,true
7455,SKU-107454,Memória Onix 528,13,454.08,true
7456,SKU-107455,Esteira Orbis 862,2,497.73,true
7457,SKU-107456,Parafusadeira Lumix 514,13,241.50,true
7458,SKU-107457,Mesa Mirante 172,9,275.32,true
7459,SKU-107458,Colchão Lumix 600,2,297.58,true
7460,SKU-107459,Ar-condicionado Veloce 263,10,392.03,true
7461,SKU-107460,Bicicleta Kubo 831,20,493.58,true
7462,SKU-107461,Estante Aurora 484,16,726.06,true
7463,SKU-107462,Estante Vertex 635,9,195.27,false
7464,SKU-107463,Carregador Orbis 596,10,385.73,true
7465,SKU-107464,Furadeira Aurora 570,18,142.57,false
7466,SKU-107465,Ventilador Mirante 883,3,423.02,true
7467,SKU-107466,Headset Trilha 493,2,223.47,true
7468,SKU-107467,Televisor Astra 362,3,318.77,true
7469,SKU-107468,Lavadora Aurora 571,18,920.15,true
7470,SKU-107469,Lavadora Orbis 842,13,896.85,true
7471,SKU-107470,Smartphone Onix 251,17,553.61,true
7472,SKU-107471,Capa Brava 768,2,136.28,true
7473,SKU-107472,Memória Delta 705,12,394.03,true
7474,SKU-107473,Monitor Nexa 943,18,605.37,true
7475,SKU-107474,Liquidificador Nexa 323,21,286.02,true
7476,SKU-107475,Serra Aurora 404,12,304.06,true
7477,SKU-107476,Notebook Pratic 499,21,290.00,true
7478,SKU-107477,Bicicleta Veloce 492,10,325.93,true
7479,SKU-107478,Memória Volt 564,3,730.66,true
7480,SKU-107479,Geladeira Veloce 961,20,560.70,true
7481,SKU-107480,Receiver Nexa 211,15,592.88,true
7482,SKU-107481,Geladeira Brava 815,2,873.49,true
7483,SKU-107482,Impressora Nordic 625,21,301.98,true
7484,SKU-107483,Furadeira Volt 606,17,619.61,true
7485,SKU-107484,Esteira Brava 551,6,843.29,true
7486,SKU-107485,Sofá Nexa 913,15,257.95,true
7487,SKU-107486,Receiver Mirante 242,10,377.24,true
7488,SKU-107487,Liquidificador Kubo 845,17,135.53,true
7489,SKU-107488,Batedeira Aurora 591,18,365.41,true
7490,SKU-107489,Console Veloce 411,3,793.83,true
7491,SKU-107490,Fogão Saga 156,12,348.45,true
7492,SKU-107491,Liquidificador Aurora 607,10,367.93,true
7493,SKU-107492,Controle Delta 257,5,705.13,true
7494,SKU-107493,Esteira Onix 288,3,629.11,false
7495,SKU-107494,Notebook Lumix 934,2,826.53,true
7496,SKU-107495,Receiver Mirante 733,18,713.49,true
7497,SKU-107496,Fogão Saga 742,15,127.25,true
7498,SKU-107497,Purificador Saga 171,10,173.05,true
7499,SKU-107498,Furadeira Volt 888,18,749.68,true
7500,SKU-107499,Mouse Nexa 242,20,315.25,true
7501,SKU-107500,Headphone Saga 119,17,167.74,true
7502,SKU-107501,Cafeteira Veloce 459,2,399.26,true
7503,SKU-107502,Capa Astra 146,21,363.83,true
7504,SKU-107503,Caixa Zentro 352,12,332.98,true
7505,SKU-107504,Furadeira Onix 409,15,168.05,false
7506,SKU-107505,Cadeira Saga 256,12,940.42,true
7507,SKU-107506,Micro-ondas Nexa 404,13,206.73,true
7508,SKU-107507,Colchão Orbis 483,5,932.15,true
7509,SKU-107508,Headphone Primo 682,3,232.03,true
7510,SKU-107509,Mesa Pratic 541,15,706.08,true
7511,SKU-107510,Controle Onix 575,16,432.80,true
7512,SKU-107511,Bicicleta Orbis 865,10,622.59,true
7513,SKU-107512,Memória Nexa 318,18,137.72,true
7514,SKU-107513,Receiver Vertex 124,5,373.93,true
7515,SKU-107514,Memória Aurora 164,12,151.98,true
7516,SKU-107515,Headset Delta 323,17,264.54,true
7517,SKU-107516,Receiver Astra 672,13,299.79,true
7518,SKU-107517,Estante Vertex 263,7,132.44,true
7519,SKU-107518,Controle Nexa 453,9,381.26,true
7520,SKU-107519,Secadora Brava 557,16,591.83,false
7521,SKU-107520,Sofá Pratic 845,7,369.36,true
7522,SKU-107521,Bicicleta Delta 898,17,657.98,true
7523,SKU-107522,Impressora Trilha 398,10,207.64,false
7524,SKU-107523,Cafeteira Saga 867,21,1110.92,true
7525,SKU-107524,Impressora Volt 555,21,433.53,true
7526,SKU-107525,Aspirador Astra 175,18,346.24,true
7527,SKU-107526,Cadeira Lumix 402,21,519.51,true
7528,SKU-107527,Fone Kairo 307,3,181.31,true
7529,SKU-107528,Smartwatch Trilha 650,3,90.42,true
7530,SKU-107529,Fonte Nordic 771,3,117.89,true
7531,SKU-107530,Jogo Kubo 931,5,523.70,true
7532,SKU-107531,Micro-ondas Aurora 954,2,507.11,true
7533,SKU-107532,Aspirador Onix 188,18,262.59,true
7534,SKU-107533,Parafusadeira Zentro 538,17,309.10,true
7535,SKU-107534,Parafusadeira Zentro 636,7,310.61,true
7536,SKU-107535,Micro-ondas Pratic 476,3,115.63,true
7537,SKU-107536,Mesa Aurora 730,3,364.53,true
7538,SKU-107537,Halter Mirante 500,20,516.81,true
7539,SKU-107538,Esteira Volt 681,15,123.16,true
7540,SKU-107539,Aspirador Zentro 597,20,390.51,true
7541,SKU-107540,Monitor Aurora 187,16,354.69,true
7542,SKU-107541,Batedeira Astra 799,17,403.85,true
7543,SKU-107542,Lençol Veloce 213,2,311.41,true
7544,SKU-107543,Lençol Veloce 590,13,309.50,true
7545,SKU-107544,Headset Kairo 255,18,249.14,true
7546,SKU-107545,Console Nordic 554,20,556.09,true
7547,SKU-107546,Televisor Delta 393,12,344.81,true
7548,SKU-107547,Notebook Brava 561,15,398.86,false
7549,SKU-107548,Fone Saga 390,2,351.15,true
7550,SKU-107549,Carregador Astra 454,16,936.91,true
7551,SKU-107550,Furadeira Nexa 787,12,277.98,true
7552,SKU-107551,Toalha Brava 486,13,683.11,false
7553,SKU-107552,Micro-ondas Zentro 682,7,756.22,true
7554,SKU-107553,Desktop Volt 645,10,213.91,true
7555,SKU-107554,Desktop Kubo 319,15,173.30,true
7556,SKU-107555,Parafusadeira Onix 601,18,88.22,true
7557,SKU-107556,Smartwatch Lumix 397,2,259.51,true
7558,SKU-107557,Mesa Nordic 209,5,222.57,true
7559,SKU-107558,Lençol Nexa 998,13,849.99,false
7560,SKU-107559,Soundbar Lumix 773,5,463.27,true
7561,SKU-107560,Headset Trilha 789,2,388.34,true
7562,SKU-107561,Smartphone Nexa 706,16,221.67,true
7563,SKU-107562,Receiver Aurora 435,20,925.63,true
7564,SKU-107563,Aspirador Aurora 248,3,353.87,true
7565,SKU-107564,Monitor Brava 873,20,169.70,false
7566,SKU-107565,Desktop Volt 719,12,860.41,true
7567,SKU-107566,Headset Primo 137,5,724.38,true
7568,SKU-107567,Esteira Delta 127,15,423.29,true
7569,SKU-107568,Impressora Mirante 558,6,755.30,true
7570,SKU-107569,Soundbar Aurora 498,9,203.19,true
7571,SKU-107570,Controle Delta 101,7,257.08,true
7572,SKU-107571,Carregador Zentro 992,3,170.78,true
7573,SKU-107572,Micro-ondas Astra 268,16,249.52,true
7574,SKU-107573,Monitor Zentro 513,15,181.11,true
7575,SKU-107574,Controle Kubo 544,21,382.97,true
7576,SKU-107575,Lençol Primo 298,9,541.82,false
7577,SKU-107576,Purificador Primo 446,20,335.78,true
7578,SKU-107577,Smartwatch Kairo 981,21,384.34,true
7579,SKU-107578,Memória Trilha 417,9,127.55,true
7580,SKU-107579,Batedeira Kubo 520,10,276.91,true
7581,SKU-107580,Console Astra 545,16,237.13,true
7582,SKU-107581,Televisor Nexa 280,17,622.07,false
7583,SKU-107582,Toalha Lumix 659,20,98.25,true
7584,SKU-107583,Carregador Delta 839,9,92.88,true
7585,SKU-107584,Colchão Onix 531,3,189.59,true
7586,SKU-107585,Capa Saga 358,5,88.41,true
7587,SKU-107586,Roteador Primo 310,21,520.00,true
7588,SKU-107587,Headphone Trilha 577,7,101.62,true
7589,SKU-107588,Parafusadeira Aurora 644,16,445.21,false
7590,SKU-107589,Cadeira Orbis 120,13,675.77,true
7591,SKU-107590,Teclado Vertex 370,16,158.12,true
7592,SKU-107591,Mouse Veloce 397,20,197.48,true
7593,SKU-107592,Lavadora Volt 383,18,221.33,true
7594,SKU-107593,Fogão Trilha 399,20,508.74,true
7595,SKU-107594,Teclado Onix 958,13,375.78,true
7596,SKU-107595,Esteira Aurora 636,2,214.44,true
7597,SKU-107596,Batedeira Pratic 378,10,198.99,true
7598,SKU-107597,Smartphone Volt 117,6,470.21,true
7599,SKU-107598,Caixa Nexa 779,10,211.48,true
7600,SKU-107599,Bicicleta Delta 232,13,868.90,true
7601,SKU-107600,Teclado Trilha 438,7,264.62,true
7602,SKU-107601,Fogão Nexa 183,16,179.67,true
7603,SKU-107602,Cadeira Aurora 116,5,449.38,true
7604,SKU-107603,Ar-condicionado Mirante 133,9,439.80,true
7605,SKU-107604,Sofá Kubo 178,2,747.52,true
7606,SKU-107605,Monitor Orbis 853,20,535.28,true
7607,SKU-107606,Esteira Volt 435,21,242.70,true
7608,SKU-107607,Secadora Kairo 216,7,663.56,true
7609,SKU-107608,Carregador Nexa 978,16,315.68,false
7610,SKU-107609,Batedeira Veloce 801,7,180.08,true
7611,SKU-107610,Smartwatch Astra 455,2,579.88,true
7612,SKU-107611,Receiver Aurora 461,12,593.87,true
7613,SKU-107612,Secadora Brava 817,10,553.70,false
7614,SKU-107613,Headset Delta 133,12,403.91,true
7615,SKU-107614,Monitor Vertex 880,5,638.01,true
7616,SKU-107615,Secadora Aurora 179,3,78.60,true
7617,SKU-107616,Aspirador Orbis 990,13,542.99,true
7618,SKU-107617,Lençol Brava 416,16,482.98,true
7619,SKU-107618,Purificador Kairo 802,9,100.81,true
7620,SKU-107619,Lavadora Lumix 896,3,204.35,false
7621,SKU-107620,Fonte Lumix 162,5,221.46,true
7622,SKU-107621,Desktop Lumix 993,9,567.56,true
7623,SKU-107622,Lençol Orbis 283,5,221.01,true
7624,SKU-107623,Bicicleta Onix 415,21,282.92,true
7625,SKU-107624,Jogo Kubo 849,7,427.75,true
7626,SKU-107625,SSD Volt 820,13,101.65,true
7627,SKU-107626,Lavadora Vertex 401,5,198.44,true
7628,SKU-107627,Smartwatch Nexa 253,16,875.25,true
7629,SKU-107628,Estante Lumix 432,15,284.25,false
7630,SKU-107629,Headset Primo 906,15,616.92,true
7631,SKU-107630,Ar-condicionado Lumix 104,12,538.20,true
7632,SKU-107631,Caixa Nordic 614,5,285.10,true
7633,SKU-107632,Memória Saga 784,17,545.20,true
7634,SKU-107633,Estante Veloce 185,5,490.47,true
7635,SKU-107634,Carregador Onix 895,17,390.68,true
7636,SKU-107635,Furadeira Nordic 720,15,413.96,true
7637,SKU-107636,Impressora Primo 628,20,478.00,true
7638,SKU-107637,Parafusadeira Nordic 391,6,286.43,true
7639,SKU-107638,Televisor Pratic 475,18,384.18,true
7640,SKU-107639,Cooler Vertex 106,5,201.35,true
7641,SKU-107640,Lençol Saga 196,9,107.88,true
7642,SKU-107641,Liquidificador Delta 712,2,574.30,true
7643,SKU-107642,Desktop Orbis 263,3,143.41,true
7644,SKU-107643,Cafeteira Primo 541,15,354.21,false
7645,SKU-107644,Secadora Trilha 449,13,325.69,true
7646,SKU-107645,Headset Nordic 855,18,53.65,true
7647,SKU-107646,Esteira Zentro 380,18,115.64,true
7648,SKU-107647,Bicicleta Saga 862,15,523.18,true
7649,SKU-107648,Notebook Pratic 690,17,84.57,true
7650,SKU-107649,Televisor Vertex 416,10,750.04,true
7651,SKU-107650,Ventilador Primo 614,17,312.43,true
7652,SKU-107651,Mouse Veloce 755,16,231.31,true
7653,SKU-107652,Ar-condicionado Zentro 886,21,388.07,true
7654,SKU-107653,Mouse Astra 425,6,273.74,true
7655,SKU-107654,Parafusadeira Nordic 798,13,336.16,true
7656,SKU-107655,Lavadora Lumix 771,12,288.77,true
7657,SKU-107656,Cooler Nexa 120,10,730.10,true
7658,SKU-107657,Esteira Delta 942,2,516.71,true
7659,SKU-107658,Mesa Veloce 716,13,293.99,true
7660,SKU-107659,Fonte Onix 848,7,856.66,true
7661,SKU-107660,Colchão Volt 852,15,443.58,true
7662,SKU-107661,Parafusadeira Volt 271,3,351.33,true
7663,SKU-107662,Headset Nexa 434,18,731.27,false
7664,SKU-107663,Fone Orbis 174,16,557.19,true
7665,SKU-107664,Receiver Brava 107,12,567.73,true
7666,SKU-107665,Controle Nordic 504,6,212.81,true
7667,SKU-107666,Fone Pratic 654,5,390.60,true
7668,SKU-107667,Controle Brava 200,21,746.60,true
7669,SKU-107668,Capa Saga 127,13,249.73,true
7670,SKU-107669,Ventilador Volt 788,18,169.12,true
7671,SKU-107670,Bicicleta Delta 670,3,594.64,true
7672,SKU-107671,Furadeira Delta 592,9,631.27,true
7673,SKU-107672,Carregador Delta 146,12,654.75,true
7674,SKU-107673,Liquidificador Saga 825,7,171.44,false
7675,SKU-107674,Estante Onix 176,20,668.20,true
7676,SKU-107675,Notebook Delta 159,16,259.88,true
7677,SKU-107676,Batedeira Nexa 420,21,851.69,true
7678,SKU-107677,Lençol Volt 772,7,881.33,true
7679,SKU-107678,Fogão Trilha 996,6,453.26,true
7680,SKU-107679,Cafeteira Kairo 556,10,691.46,true
7681,SKU-107680,Headphone Kairo 671,10,356.45,true
7682,SKU-107681,Fone Veloce 563,5,357.05,true
7683,SKU-107682,Fonte Brava 867,12,303.28,true
7684,SKU-107683,Controle Brava 309,2,269.03,true
7685,SKU-107684,Notebook Orbis 647,17,266.87,true
7686,SKU-107685,Monitor Pratic 501,16,396.74,true
7687,SKU-107686,Geladeira Trilha 321,7,289.87,false
7688,SKU-107687,Televisor Nordic 421,15,286.25,true
7689,SKU-107688,Controle Delta 614,16,389.07,true
7690,SKU-107689,Desktop Zentro 229,5,371.71,true
7691,SKU-107690,Mesa Onix 641,7,111.16,true
7692,SKU-107691,Furadeira Aurora 477,7,197.64,true
7693,SKU-107692,Lençol Nexa 706,20,322.01,true
7694,SKU-107693,Bicicleta Mirante 734,17,205.57,true
7695,SKU-107694,Estante Aurora 687,10,330.65,true
7696,SKU-107695,Halter Volt 914,12,257.78,true
7697,SKU-107696,Memória Pratic 198,12,211.92,true
7698,SKU-107697,Cadeira Kubo 307,6,419.82,true
7699,SKU-107698,Roteador Pratic 917,5,318.37,true
7700,SKU-107699,Furadeira Trilha 307,9,96.25,true
7701,SKU-107700,Mesa Volt 642,12,887.22,true
7702,SKU-107701,Liquidificador Trilha 444,20,83.11,true
7703,SKU-107702,Geladeira Kubo 186,2,189.70,true
7704,SKU-107703,Notebook Mirante 940,12,313.04,true
7705,SKU-107704,Teclado Astra 194,6,371.24,true
7706,SKU-107705,Esteira Delta 717,13,889.17,true
7707,SKU-107706,Fonte Saga 258,10,792.60,true
7708,SKU-107707,Memória Brava 674,13,121.67,true
7709,SKU-107708,Sofá Nordic 855,15,163.00,true
7710,SKU-107709,Impressora Astra 919,3,253.75,true
7711,SKU-107710,Jogo Astra 878,7,711.08,true
7712,SKU-107711,Bicicleta Mirante 259,17,400.45,true
7713,SKU-107712,Lavadora Delta 641,18,123.33,true
7714,SKU-107713,Impressora Zentro 659,15,253.90,true
7715,SKU-107714,Impressora Brava 650,12,466.69,true
7716,SKU-107715,Esteira Saga 934,17,186.35,true
7717,SKU-107716,Ar-condicionado Pratic 389,2,304.98,true
7718,SKU-107717,Liquidificador Saga 941,9,609.16,true
7719,SKU-107718,Aspirador Delta 981,5,184.84,true
7720,SKU-107719,Console Nexa 454,16,395.15,true
7721,SKU-107720,Soundbar Kairo 249,15,282.72,true
7722,SKU-107721,Console Lumix 473,5,397.51,true
7723,SKU-107722,Headset Nordic 965,21,689.74,true
7724,SKU-107723,Fogão Lumix 872,6,297.65,true
7725,SKU-107724,SSD Nordic 359,10,496.61,false
7726,SKU-107725,Fogão Mirante 105,2,459.29,false
7727,SKU-107726,Mouse Nordic 549,21,81.79,true
7728,SKU-107727,Furadeira Trilha 486,20,150.66,true
7729,SKU-107728,Bicicleta Saga 356,21,626.27,true
7730,SKU-107729,Console Onix 338,13,1707.82,true
7731,SKU-107730,Headphone Nordic 986,6,534.55,true
7732,SKU-107731,Capa Mirante 154,10,148.69,true
7733,SKU-107732,Lavadora Nexa 966,9,1183.98,true
7734,SKU-107733,Batedeira Volt 260,20,1028.46,true
7735,SKU-107734,Memória Vertex 128,20,116.98,false
7736,SKU-107735,Ar-condicionado Delta 293,21,1326.40,true
7737,SKU-107736,Cadeira Pratic 523,13,764.53,true
7738,SKU-107737,Soundbar Vertex 254,5,507.14,true
7739,SKU-107738,Teclado Nordic 311,2,504.69,true
7740,SKU-107739,Desktop Onix 196,12,244.89,true
7741,SKU-107740,Fonte Brava 442,9,244.67,true
7742,SKU-107741,Sofá Delta 170,2,215.68,false
7743,SKU-107742,Soundbar Mirante 316,3,216.61,true
7744,SKU-107743,Liquidificador Pratic 277,10,243.67,true
7745,SKU-107744,Fonte Aurora 801,10,407.16,true
7746,SKU-107745,Parafusadeira Volt 894,16,318.24,true
7747,SKU-107746,Receiver Nexa 718,15,347.61,true
7748,SKU-107747,Liquidificador Nexa 244,5,117.90,true
7749,SKU-107748,Caixa Nordic 777,20,385.38,false
7750,SKU-107749,Monitor Vertex 179,20,587.34,true
7751,SKU-107750,Geladeira Vertex 297,16,354.48,true
7752,SKU-107751,Toalha Saga 407,21,676.87,true
7753,SKU-107752,Receiver Kairo 401,15,243.41,true
7754,SKU-107753,Capa Nexa 406,18,93.44,true
7755,SKU-107754,Smartwatch Veloce 244,16,835.12,true
7756,SKU-107755,Parafusadeira Volt 834,6,164.97,true
7757,SKU-107756,Liquidificador Zentro 918,2,596.62,false
7758,SKU-107757,Carregador Mirante 853,18,534.35,true
7759,SKU-107758,Sofá Orbis 813,3,520.41,true
7760,SKU-107759,Cafeteira Lumix 529,2,304.52,true
7761,SKU-107760,Mesa Zentro 110,3,336.14,true
7762,SKU-107761,Teclado Kairo 733,2,806.96,true
7763,SKU-107762,Console Orbis 636,7,1295.83,true
7764,SKU-107763,Sofá Vertex 666,3,1148.68,true
7765,SKU-107764,Receiver Aurora 876,10,699.51,true
7766,SKU-107765,Furadeira Veloce 661,2,204.79,true
7767,SKU-107766,Batedeira Nexa 137,21,759.14,true
7768,SKU-107767,Caixa Primo 116,16,534.99,true
7769,SKU-107768,Receiver Kubo 766,16,1092.17,true
7770,SKU-107769,Headset Orbis 473,7,143.64,true
7771,SKU-107770,Aspirador Volt 577,17,610.55,true
7772,SKU-107771,Fone Primo 158,3,739.86,true
7773,SKU-107772,Aspirador Lumix 949,7,138.21,true
7774,SKU-107773,Purificador Brava 151,3,635.34,true
7775,SKU-107774,Headset Volt 472,17,473.69,true
7776,SKU-107775,Cafeteira Orbis 905,13,100.26,true
7777,SKU-107776,Furadeira Kairo 860,10,328.99,true
7778,SKU-107777,Cooler Kubo 365,18,198.06,true
7779,SKU-107778,Micro-ondas Kairo 236,12,387.27,true
7780,SKU-107779,Monitor Kubo 437,7,553.48,true
7781,SKU-107780,Geladeira Delta 822,6,209.18,true
7782,SKU-107781,Esteira Nordic 718,17,401.22,true
7783,SKU-107782,SSD Nordic 598,2,216.74,true
7784,SKU-107783,Cadeira Kairo 151,7,295.98,true
7785,SKU-107784,Roteador Veloce 139,20,530.73,true
7786,SKU-107785,Halter Delta 621,12,851.74,true
7787,SKU-107786,Secadora Vertex 779,13,323.02,true
7788,SKU-107787,Carregador Onix 380,2,354.74,true
7789,SKU-107788,Esteira Kubo 606,10,183.96,true
7790,SKU-107789,Impressora Astra 886,16,303.58,true
7791,SKU-107790,Fogão Trilha 371,15,342.89,true
7792,SKU-107791,Mesa Nordic 355,17,829.29,true
7793,SKU-107792,Televisor Aurora 293,21,227.22,true
7794,SKU-107793,Headset Mirante 100,12,262.63,true
7795,SKU-107794,Cooler Kubo 380,3,443.01,false
7796,SKU-107795,Halter Onix 895,18,499.47,true
7797,SKU-107796,Parafusadeira Aurora 707,13,308.77,true
7798,SKU-107797,Notebook Zentro 260,12,415.92,true
7799,SKU-107798,Headphone Onix 671,17,204.44,true
7800,SKU-107799,Monitor Kairo 377,15,818.51,true
7801,SKU-107800,Lavadora Delta 788,20,414.73,true
7802,SKU-107801,Toalha Orbis 677,6,123.99,true
7803,SKU-107802,Serra Pratic 678,3,198.80,true
7804,SKU-107803,Aspirador Trilha 620,7,256.56,true
7805,SKU-107804,Fogão Primo 654,10,255.22,true
7806,SKU-107805,Lençol Primo 688,2,540.71,true
7807,SKU-107806,Jogo Pratic 906,2,160.63,true
7808,SKU-107807,Cafeteira Lumix 807,6,220.65,true
7809,SKU-107808,Furadeira Volt 886,18,263.00,true
7810,SKU-107809,Cooler Mirante 370,21,669.26,true
7811,SKU-107810,Receiver Nexa 228,3,1108.25,true
7812,SKU-107811,Toalha Volt 765,17,436.75,true
7813,SKU-107812,Cafeteira Aurora 121,6,166.35,true
7814,SKU-107813,Smartwatch Onix 120,13,250.99,true
7815,SKU-107814,Batedeira Astra 251,15,362.35,true
7816,SKU-107815,SSD Lumix 433,3,339.05,true
7817,SKU-107816,Jogo Kubo 193,9,216.98,true
7818,SKU-107817,Headphone Veloce 568,9,231.07,true
7819,SKU-107818,Sofá Primo 852,18,387.71,true
7820,SKU-107819,Soundbar Zentro 277,5,205.47,true
7821,SKU-107820,Soundbar Veloce 944,21,406.54,false
7822,SKU-107821,Micro-ondas Astra 102,20,301.49,true
7823,SKU-107822,Smartwatch Pratic 770,12,118.45,true
7824,SKU-107823,Serra Mirante 163,20,664.87,true
7825,SKU-107824,Bicicleta Brava 773,21,490.46,true
7826,SKU-107825,Televisor Veloce 852,9,419.70,false
7827,SKU-107826,Caixa Delta 626,12,180.94,true
7828,SKU-107827,Caixa Nordic 130,18,171.72,true
7829,SKU-107828,Roteador Onix 251,16,188.62,true
7830,SKU-107829,Receiver Delta 210,5,190.49,true
7831,SKU-107830,Caixa Brava 827,10,546.58,true
7832,SKU-107831,Geladeira Astra 585,6,479.65,true
7833,SKU-107832,Ventilador Astra 725,5,312.49,true
7834,SKU-107833,Soundbar Nexa 472,13,120.05,true
7835,SKU-107834,Fone Brava 838,21,404.02,true
7836,SKU-107835,Console Volt 762,2,96.53,true
7837,SKU-107836,Fogão Mirante 324,21,234.40,true
7838,SKU-107837,Desktop Nordic 655,2,502.59,true
7839,SKU-107838,Soundbar Trilha 759,9,280.08,false
7840,SKU-107839,Estante Astra 659,3,238.70,true
7841,SKU-107840,Notebook Aurora 546,9,399.44,true
7842,SKU-107841,Smartphone Zentro 888,21,234.72,true
7843,SKU-107842,Notebook Pratic 166,2,165.89,true
7844,SKU-107843,Jogo Delta 286,21,664.97,true
7845,SKU-107844,Purificador Nexa 338,12,643.42,true
7846,SKU-107845,Halter Pratic 166,15,483.73,true
7847,SKU-107846,Smartphone Orbis 347,13,132.53,true
7848,SKU-107847,Headphone Nexa 784,21,488.28,true
7849,SKU-107848,Jogo Lumix 387,13,59.37,true
7850,SKU-107849,Cadeira Brava 410,20,761.19,false
7851,SKU-107850,Teclado Mirante 627,13,732.68,true
7852,SKU-107851,Roteador Pratic 141,3,249.85,true
7853,SKU-107852,Purificador Astra 175,21,129.41,true
7854,SKU-107853,Colchão Vertex 832,20,413.55,false
7855,SKU-107854,Jogo Orbis 245,15,153.23,true
7856,SKU-107855,Fonte Nexa 326,10,549.94,true
7857,SKU-107856,Soundbar Zentro 441,9,280.56,true
7858,SKU-107857,Sofá Nexa 785,5,674.94,true
7859,SKU-107858,Desktop Brava 522,21,354.19,false
7860,SKU-107859,Furadeira Onix 219,16,802.16,true
7861,SKU-107860,Cadeira Pratic 928,6,255.90,true
7862,SKU-107861,Cadeira Volt 123,10,348.94,true
7863,SKU-107862,Headset Zentro 167,9,828.29,true
7864,SKU-107863,Fogão Saga 558,17,206.82,true
7865,SKU-107864,Desktop Aurora 176,7,359.79,true
7866,SKU-107865,Lavadora Onix 379,20,401.35,true
7867,SKU-107866,Headphone Nexa 278,10,358.81,true
7868,SKU-107867,Aspirador Mirante 506,13,150.31,true
7869,SKU-107868,SSD Mirante 822,16,545.74,true
7870,SKU-107869,Serra Primo 656,3,342.59,true
7871,SKU-107870,Caixa Nexa 793,9,121.79,true
7872,SKU-107871,Carregador Brava 374,15,407.82,false
7873,SKU-107872,Fonte Volt 244,17,247.14,true
7874,SKU-107873,Sofá Lumix 203,15,195.33,true
7875,SKU-107874,Jogo Astra 975,6,132.44,true
7876,SKU-107875,Cadeira Lumix 256,16,80.34,false
7877,SKU-107876,Caixa Nordic 851,2,275.14,true
7878,SKU-107877,Bicicleta Brava 689,21,116.86,true
7879,SKU-107878,Controle Volt 619,17,735.79,true
7880,SKU-107879,Aspirador Nordic 884,9,1028.47,true
7881,SKU-107880,Carregador Nexa 752,20,1097.25,true
7882,SKU-107881,Secadora Zentro 467,18,227.53,false
7883,SKU-107882,Secadora Vertex 830,12,1118.79,true
7884,SKU-107883,Memória Astra 164,15,235.08,true
7885,SKU-107884,Estante Nordic 295,15,161.99,true
7886,SKU-107885,Headset Nexa 348,18,561.28,true
7887,SKU-107886,Fogão Nexa 289,10,100.55,true
7888,SKU-107887,Monitor Zentro 860,9,301.08,true
7889,SKU-107888,Carregador Volt 484,20,326.12,true
7890,SKU-107889,Estante Zentro 483,21,164.47,true
7891,SKU-107890,Desktop Nexa 956,16,218.55,true
7892,SKU-107891,Soundbar Nexa 626,12,239.61,true
7893,SKU-107892,Soundbar Zentro 764,6,245.92,true
7894,SKU-107893,Roteador Nordic 301,7,328.36,true
7895,SKU-107894,Geladeira Trilha 853,13,675.43,true
7896,SKU-107895,Roteador Nexa 595,20,229.71,false
7897,SKU-107896,Esteira Veloce 598,2,191.80,true
7898,SKU-107897,Carregador Kairo 578,17,483.21,true
7899,SKU-107898,Colchão Zentro 178,6,256.69,true
7900,SKU-107899,Purificador Astra 855,21,165.76,true
7901,SKU-107900,Teclado Astra 200,17,233.39,false
7902,SKU-107901,Fonte Saga 850,20,329.16,true
7903,SKU-107902,Console Mirante 258,12,228.68,true
7904,SKU-107903,Fone Zentro 534,13,559.30,true
7905,SKU-107904,Memória Astra 222,10,988.63,true
7906,SKU-107905,Serra Aurora 923,10,628.81,true
7907,SKU-107906,Teclado Lumix 720,16,373.76,true
7908,SKU-107907,Liquidificador Pratic 949,13,159.02,true
7909,SKU-107908,Furadeira Zentro 783,7,677.25,true
7910,SKU-107909,Teclado Lumix 276,18,366.46,true
7911,SKU-107910,Headset Vertex 470,3,289.23,true
7912,SKU-107911,Serra Aurora 457,15,849.97,true
7913,SKU-107912,Impressora Volt 303,10,408.79,true
7914,SKU-107913,Memória Zentro 249,7,243.27,true
7915,SKU-107914,Estante Volt 624,6,1018.63,false
7916,SKU-107915,Mouse Orbis 245,7,593.06,true
7917,SKU-107916,Fone Trilha 830,20,495.34,true
7918,SKU-107917,Roteador Nordic 635,13,419.31,true
7919,SKU-107918,Geladeira Kairo 568,20,414.47,false
7920,SKU-107919,Headset Onix 153,20,735.65,true
7921,SKU-107920,Mouse Zentro 933,12,210.87,true
7922,SKU-107921,Toalha Nexa 795,5,652.00,true
7923,SKU-107922,Desktop Nordic 912,9,405.83,true
7924,SKU-107923,Receiver Onix 626,18,318.11,false
7925,SKU-107924,Cooler Zentro 741,5,1980.67,true
7926,SKU-107925,Impressora Onix 943,12,533.68,true
7927,SKU-107926,Batedeira Onix 552,12,242.27,true
7928,SKU-107927,Receiver Astra 170,2,199.08,true
7929,SKU-107928,Mesa Saga 942,5,353.18,true
7930,SKU-107929,Fogão Saga 844,16,399.67,true
7931,SKU-107930,Memória Orbis 388,21,280.15,true
7932,SKU-107931,Roteador Pratic 294,20,288.14,true
7933,SKU-107932,Liquidificador Primo 181,3,549.20,true
7934,SKU-107933,Esteira Primo 399,5,185.36,true
7935,SKU-107934,Receiver Zentro 409,20,1045.14,true
7936,SKU-107935,Impressora Trilha 744,6,107.05,false
7937,SKU-107936,Teclado Onix 101,17,159.58,true
7938,SKU-107937,Serra Kubo 299,9,347.49,true
7939,SKU-107938,Jogo Saga 422,21,485.01,true
7940,SKU-107939,Colchão Mirante 314,7,998.48,false
7941,SKU-107940,Lavadora Astra 917,17,616.58,false
7942,SKU-107941,Cafeteira Primo 199,15,374.96,false
7943,SKU-107942,Monitor Vertex 147,16,387.40,true
7944,SKU-107943,Roteador Kairo 164,7,176.51,true
7945,SKU-107944,Toalha Astra 835,3,56.37,true
7946,SKU-107945,Purificador Brava 599,2,189.10,true
7947,SKU-107946,Desktop Kubo 330,5,80.33,true
7948,SKU-107947,Smartwatch Lumix 423,10,392.88,true
7949,SKU-107948,Liquidificador Brava 112,10,396.43,true
7950,SKU-107949,Roteador Primo 103,7,228.94,true
7951,SKU-107950,Bicicleta Pratic 513,16,945.50,true
7952,SKU-107951,Headset Aurora 868,12,428.13,true
7953,SKU-107952,Console Veloce 542,17,414.19,true
7954,SKU-107953,Colchão Kubo 537,17,688.11,true
7955,SKU-107954,Soundbar Veloce 338,6,582.86,true
7956,SKU-107955,Cooler Kubo 123,13,325.65,true
7957,SKU-107956,Lençol Nordic 907,13,226.56,true
7958,SKU-107957,Fonte Lumix 778,9,398.17,true
7959,SKU-107958,Colchão Orbis 472,5,548.56,true
7960,SKU-107959,Cadeira Volt 721,18,423.68,true
7961,SKU-107960,Smartwatch Primo 595,3,146.34,true
7962,SKU-107961,Controle Vertex 786,6,229.89,true
7963,SKU-107962,Purificador Nordic 609,20,650.44,true
7964,SKU-107963,Colchão Aurora 547,20,284.00,true
7965,SKU-107964,Smartwatch Nexa 914,15,266.23,true
7966,SKU-107965,Desktop Kubo 683,7,243.69,true
7967,SKU-107966,Impressora Onix 679,20,518.62,true
7968,SKU-107967,Notebook Brava 243,12,770.16,true
7969,SKU-107968,Notebook Primo 500,9,474.18,true
7970,SKU-107969,Headphone Saga 300,9,154.95,false
7971,SKU-107970,Mouse Volt 397,12,194.17,true
7972,SKU-107971,Sofá Primo 431,15,496.28,true
7973,SKU-107972,Sofá Vertex 566,2,194.80,true
7974,SKU-107973,Liquidificador Zentro 212,21,471.01,true
7975,SKU-107974,Fonte Trilha 316,12,354.55,true
7976,SKU-107975,Halter Nordic 809,20,79.99,true
7977,SKU-107976,Ventilador Nordic 127,18,119.41,true
7978,SKU-107977,Purificador Primo 380,12,184.98,true
7979,SKU-107978,SSD Aurora 921,20,295.83,true
7980,SKU-107979,Teclado Pratic 745,20,1369.08,true
7981,SKU-107980,Geladeira Mirante 565,5,463.54,true
7982,SKU-107981,Esteira Vertex 812,9,272.90,true
7983,SKU-107982,Console Aurora 868,20,735.16,true
7984,SKU-107983,Fogão Delta 104,13,385.32,true
7985,SKU-107984,Headphone Onix 773,21,130.65,true
7986,SKU-107985,Capa Pratic 683,18,487.61,true
7987,SKU-107986,Toalha Vertex 826,16,195.95,true
7988,SKU-107987,Console Volt 152,16,81.80,true
7989,SKU-107988,Estante Saga 616,13,334.16,true
7990,SKU-107989,Soundbar Volt 698,2,175.34,true
7991,SKU-107990,Mesa Orbis 588,10,266.24,true
7992,SKU-107991,Colchão Zentro 860,9,873.53,true
7993,SKU-107992,Halter Aurora 374,9,150.65,true
7994,SKU-107993,Fone Orbis 894,12,209.83,true
7995,SKU-107994,Sofá Kairo 952,21,691.86,true
7996,SKU-107995,Aspirador Zentro 577,13,442.50,true
7997,SKU-107996,Purificador Aurora 528,3,933.75,false
7998,SKU-107997,Batedeira Nordic 593,9,507.40,true
7999,SKU-107998,Lavadora Kubo 710,5,693.04,true
8000,SKU-107999,Receiver Trilha 408,2,353.68,true
8001,SKU-108000,Parafusadeira Kairo 968,18,406.67,true
8002,SKU-108001,Headphone Brava 524,13,281.55,true
8003,SKU-108002,Memória Nordic 362,3,488.17,true
8004,SKU-108003,Micro-ondas Kubo 311,12,476.44,true
8005,SKU-108004,Sofá Orbis 769,17,433.59,true
8006,SKU-108005,Roteador Onix 936,18,301.25,true
8007,SKU-108006,Soundbar Delta 247,12,629.23,true
8008,SKU-108007,SSD Trilha 458,17,369.18,true
8009,SKU-108008,Colchão Nordic 499,21,391.99,true
8010,SKU-108009,Teclado Brava 503,17,880.34,true
8011,SKU-108010,Lençol Primo 769,9,261.30,true
8012,SKU-108011,Receiver Zentro 510,9,478.29,true
8013,SKU-108012,Ventilador Zentro 143,15,378.30,true
8014,SKU-108013,Lavadora Volt 416,2,406.14,true
8015,SKU-108014,SSD Primo 761,5,686.14,true
8016,SKU-108015,Cadeira Kairo 727,20,167.14,true
8017,SKU-108016,Halter Lumix 318,2,423.13,true
8018,SKU-108017,Halter Trilha 767,2,231.49,true
8019,SKU-108018,Lençol Veloce 924,5,561.97,true
8020,SKU-108019,Smartphone Volt 267,15,292.85,true
8021,SKU-108020,Secadora Nexa 678,7,224.75,true
8022,SKU-108021,Console Nordic 690,21,368.18,true
8023,SKU-108022,Toalha Kairo 404,17,466.20,false
8024,SKU-108023,Geladeira Saga 587,17,1072.59,true
8025,SKU-108024,Colchão Volt 377,17,131.74,true
8026,SKU-108025,Receiver Zentro 488,12,281.83,true
8027,SKU-108026,Carregador Volt 190,9,482.15,false
8028,SKU-108027,Jogo Primo 276,20,380.70,false
8029,SKU-108028,Colchão Pratic 313,2,298.52,true
8030,SKU-108029,Micro-ondas Onix 986,3,198.34,true
8031,SKU-108030,Cooler Trilha 527,5,731.35,true
8032,SKU-108031,Secadora Lumix 929,13,184.21,true
8033,SKU-108032,Receiver Veloce 483,9,453.58,true
8034,SKU-108033,Geladeira Saga 285,5,59.80,true
8035,SKU-108034,Soundbar Onix 421,20,1003.02,true
8036,SKU-108035,Receiver Saga 220,6,337.08,true
8037,SKU-108036,SSD Orbis 569,18,119.73,true
8038,SKU-108037,Headset Veloce 716,20,194.80,true
8039,SKU-108038,Console Nordic 842,13,587.30,true
8040,SKU-108039,Lençol Delta 298,3,263.01,true
8041,SKU-108040,Headphone Veloce 634,3,116.17,true
8042,SKU-108041,Receiver Pratic 768,13,494.30,true
8043,SKU-108042,Mesa Pratic 899,17,206.28,false
8044,SKU-108043,SSD Delta 108,13,408.41,true
8045,SKU-108044,Purificador Pratic 537,21,1026.20,true
8046,SKU-108045,Desktop Nexa 376,2,345.83,true
8047,SKU-108046,Cadeira Pratic 361,15,364.08,true
8048,SKU-108047,Cafeteira Lumix 196,3,857.81,true
8049,SKU-108048,Bicicleta Nexa 534,16,468.51,true
8050,SKU-108049,Carregador Saga 899,16,286.10,true
8051,SKU-108050,Notebook Pratic 518,10,271.37,true
8052,SKU-108051,Geladeira Pratic 907,3,908.42,true
8053,SKU-108052,Lençol Trilha 457,5,137.60,true
8054,SKU-108053,Memória Lumix 575,6,314.22,false
8055,SKU-108054,Mouse Pratic 309,9,736.21,true
8056,SKU-108055,Teclado Zentro 259,12,348.04,true
8057,SKU-108056,Capa Zentro 141,15,373.58,true
8058,SKU-108057,Mesa Nexa 442,2,88.58,true
8059,SKU-108058,Mesa Volt 727,10,486.91,true
8060,SKU-108059,Liquidificador Astra 360,21,839.15,true
8061,SKU-108060,Liquidificador Saga 232,3,526.56,true
8062,SKU-108061,Fogão Pratic 736,13,328.57,true
8063,SKU-108062,SSD Volt 631,3,250.82,true
8064,SKU-108063,Secadora Astra 825,6,692.94,true
8065,SKU-108064,Purificador Orbis 575,7,365.65,true
8066,SKU-108065,Secadora Vertex 491,7,420.53,true
8067,SKU-108066,Memória Vertex 384,6,403.43,true
8068,SKU-108067,Ar-condicionado Lumix 649,9,176.67,true
8069,SKU-108068,Teclado Mirante 858,7,371.13,true
8070,SKU-108069,Cafeteira Orbis 320,12,266.13,true
8071,SKU-108070,Cafeteira Veloce 910,6,651.28,true
8072,SKU-108071,Smartwatch Pratic 609,10,190.51,true
8073,SKU-108072,Estante Primo 546,20,377.31,true
8074,SKU-108073,Teclado Volt 534,21,1641.54,true
8075,SKU-108074,Headphone Volt 264,12,540.36,true
8076,SKU-108075,Esteira Onix 374,13,1602.33,true
8077,SKU-108076,Secadora Saga 793,3,419.90,true
8078,SKU-108077,Micro-ondas Aurora 665,2,460.89,true
8079,SKU-108078,Sofá Orbis 740,3,168.67,true
8080,SKU-108079,Secadora Lumix 602,18,312.46,true
8081,SKU-108080,Fogão Nexa 800,18,302.61,true
8082,SKU-108081,Soundbar Nexa 920,5,309.04,true
8083,SKU-108082,Impressora Lumix 655,5,372.18,true
8084,SKU-108083,Sofá Nordic 835,3,261.80,true
8085,SKU-108084,Notebook Orbis 766,6,140.09,true
8086,SKU-108085,Cadeira Mirante 449,17,292.90,true
8087,SKU-108086,Teclado Aurora 935,5,399.65,true
8088,SKU-108087,Soundbar Onix 127,16,694.49,true
8089,SKU-108088,Notebook Brava 997,15,373.96,true
8090,SKU-108089,Ventilador Delta 158,18,183.19,true
8091,SKU-108090,Cooler Orbis 134,9,327.53,true
8092,SKU-108091,Batedeira Saga 859,12,346.75,true
8093,SKU-108092,Cafeteira Orbis 390,18,412.29,true
8094,SKU-108093,Console Astra 871,12,315.04,true
8095,SKU-108094,Fonte Onix 605,6,255.34,true
8096,SKU-108095,Monitor Primo 238,6,517.91,true
8097,SKU-108096,Mouse Astra 524,18,122.91,true
8098,SKU-108097,Halter Primo 583,2,504.18,true
8099,SKU-108098,Furadeira Nexa 249,17,522.95,true
8100,SKU-108099,Estante Onix 798,6,291.89,true
8101,SKU-108100,Colchão Kairo 432,7,358.86,true
8102,SKU-108101,Estante Delta 729,6,93.74,true
8103,SKU-108102,Secadora Trilha 929,7,232.79,true
8104,SKU-108103,Estante Aurora 672,12,215.55,false
8105,SKU-108104,Teclado Primo 685,10,456.78,true
8106,SKU-108105,Headphone Volt 134,6,289.75,true
8107,SKU-108106,Cadeira Aurora 670,3,4470.10,true
8108,SKU-108107,Smartwatch Zentro 135,5,383.65,true
8109,SKU-108108,Console Lumix 918,18,689.26,true
8110,SKU-108109,Batedeira Onix 965,20,1022.00,true
8111,SKU-108110,Purificador Onix 143,12,250.86,true
8112,SKU-108111,Furadeira Lumix 368,10,1086.30,true
8113,SKU-108112,Impressora Kubo 978,16,139.46,true
8114,SKU-108113,Lençol Delta 298,6,735.15,true
8115,SKU-108114,Caixa Primo 872,3,122.40,true
8116,SKU-108115,Memória Onix 163,15,461.07,true
8117,SKU-108116,Halter Mirante 995,13,568.45,true
8118,SKU-108117,Fone Kubo 352,20,265.05,true
8119,SKU-108118,Serra Onix 527,13,338.68,true
8120,SKU-108119,Purificador Vertex 880,20,133.58,true
8121,SKU-108120,Toalha Aurora 256,5,288.89,true
8122,SKU-108121,Ventilador Veloce 998,16,368.82,true
8123,SKU-108122,Bicicleta Primo 826,21,171.24,false
8124,SKU-108123,Toalha Onix 506,21,358.63,true
8125,SKU-108124,Smartphone Aurora 874,17,681.94,true
8126,SKU-108125,Controle Mirante 681,9,828.86,true
8127,SKU-108126,Bicicleta Volt 431,3,219.02,true
8128,SKU-108127,Mouse Brava 174,15,669.11,true
8129,SKU-108128,Monitor Kairo 239,16,165.65,true
8130,SKU-108129,Mesa Kairo 237,9,274.99,true
8131,SKU-108130,Halter Aurora 797,7,86.87,true
8132,SKU-108131,Ventilador Vertex 643,2,807.71,false
8133,SKU-108132,Cadeira Astra 820,18,194.54,true
8134,SKU-108133,Soundbar Nordic 750,13,415.28,false
8135,SKU-108134,Controle Aurora 254,16,560.49,true
8136,SKU-108135,Controle Nexa 461,10,577.27,true
8137,SKU-108136,Teclado Aurora 829,5,148.17,true
8138,SKU-108137,Smartwatch Veloce 811,16,188.13,true
8139,SKU-108138,Smartwatch Primo 103,15,244.60,true
8140,SKU-108139,Mesa Astra 443,3,785.72,false
8141,SKU-108140,Ventilador Nexa 916,13,87.25,true
8142,SKU-108141,Monitor Brava 186,15,488.63,true
8143,SKU-108142,Receiver Trilha 592,20,165.81,true
8144,SKU-108143,Cooler Onix 162,20,128.68,true
8145,SKU-108144,Headset Aurora 490,6,558.30,true
8146,SKU-108145,Monitor Orbis 525,2,203.79,true
8147,SKU-108146,Bicicleta Nordic 583,13,170.29,false
8148,SKU-108147,Monitor Trilha 937,3,634.47,true
8149,SKU-108148,SSD Delta 844,16,435.18,true
8150,SKU-108149,Estante Kairo 274,3,117.04,true
8151,SKU-108150,Toalha Aurora 676,21,313.40,true
8152,SKU-108151,Geladeira Astra 219,7,474.04,true
8153,SKU-108152,Cafeteira Saga 384,17,384.79,true
8154,SKU-108153,Teclado Pratic 489,5,194.15,true
8155,SKU-108154,Impressora Kairo 730,6,290.39,true
8156,SKU-108155,Micro-ondas Vertex 483,21,192.06,true
8157,SKU-108156,Receiver Veloce 821,13,252.91,true
8158,SKU-108157,Notebook Volt 501,17,222.03,false
8159,SKU-108158,Geladeira Pratic 133,7,728.14,true
8160,SKU-108159,Secadora Vertex 102,18,369.92,true
8161,SKU-108160,Console Trilha 782,16,204.97,true
8162,SKU-108161,Sofá Mirante 687,3,349.81,true
8163,SKU-108162,Micro-ondas Brava 728,21,651.99,true
8164,SKU-108163,Liquidificador Primo 674,2,401.55,true
8165,SKU-108164,Secadora Zentro 514,21,270.60,true
8166,SKU-108165,Monitor Brava 186,16,288.56,true
8167,SKU-108166,Micro-ondas Mirante 189,9,567.25,true
8168,SKU-108167,Ventilador Brava 395,12,465.41,true
8169,SKU-108168,Batedeira Trilha 396,15,188.18,true
8170,SKU-108169,Fogão Kubo 928,21,453.32,true
8171,SKU-108170,Ar-condicionado Zentro 421,7,514.45,true
8172,SKU-108171,Mouse Mirante 708,3,161.62,true
8173,SKU-108172,Cafeteira Aurora 669,2,562.59,true
8174,SKU-108173,Memória Trilha 243,3,528.94,false
8175,SKU-108174,Console Delta 256,16,1336.88,true
8176,SKU-108175,Memória Veloce 838,13,125.20,true
8177,SKU-108176,Monitor Kairo 711,21,761.33,true
8178,SKU-108177,Fone Brava 441,15,312.81,true
8179,SKU-108178,Fonte Volt 740,6,126.68,true
8180,SKU-108179,Serra Nexa 431,16,411.24,true
8181,SKU-108180,Secadora Volt 174,2,403.28,true
8182,SKU-108181,Parafusadeira Veloce 703,3,305.21,true
8183,SKU-108182,Cafeteira Saga 605,21,233.12,true
8184,SKU-108183,Cafeteira Veloce 179,18,1052.09,true
8185,SKU-108184,Furadeira Zentro 725,9,204.31,false
8186,SKU-108185,Cafeteira Astra 586,18,265.70,true
8187,SKU-108186,Notebook Trilha 252,13,222.54,true
8188,SKU-108187,Sofá Saga 969,10,426.26,true
8189,SKU-108188,Parafusadeira Volt 359,12,437.54,false
8190,SKU-108189,Ventilador Kairo 951,2,271.55,true
8191,SKU-108190,Fonte Kubo 163,9,433.27,true
8192,SKU-108191,Receiver Kairo 659,7,271.49,true
8193,SKU-108192,Smartwatch Nexa 759,13,354.78,true
8194,SKU-108193,Aspirador Pratic 726,20,377.94,true
8195,SKU-108194,Roteador Astra 114,17,95.41,false
8196,SKU-108195,Estante Trilha 417,7,510.79,true
8197,SKU-108196,Controle Brava 742,16,197.88,true
8198,SKU-108197,Capa Nordic 722,5,805.85,true
8199,SKU-108198,Lavadora Volt 115,17,692.69,true
8200,SKU-108199,Desktop Zentro 609,21,176.28,true
8201,SKU-108200,Headphone Veloce 411,16,294.76,true
8202,SKU-108201,Cafeteira Kubo 690,2,278.71,true
8203,SKU-108202,Purificador Delta 682,17,493.51,true
8204,SKU-108203,Micro-ondas Primo 676,18,186.29,true
8205,SKU-108204,Controle Kairo 584,20,46.72,true
8206,SKU-108205,Headphone Pratic 460,15,541.79,true
8207,SKU-108206,Parafusadeira Saga 173,6,146.14,true
8208,SKU-108207,Teclado Orbis 699,15,762.82,true
8209,SKU-108208,Televisor Saga 928,17,569.04,true
8210,SKU-108209,Receiver Saga 899,5,423.23,true
8211,SKU-108210,Headphone Kubo 270,2,319.03,true
8212,SKU-108211,Cadeira Vertex 650,18,365.19,true
8213,SKU-108212,Monitor Onix 666,16,581.55,true
8214,SKU-108213,SSD Volt 584,2,294.82,true
8215,SKU-108214,Purificador Volt 478,17,412.28,true
8216,SKU-108215,Fone Aurora 605,13,330.32,true
8217,SKU-108216,Roteador Zentro 320,6,480.33,true
8218,SKU-108217,Receiver Mirante 656,7,333.92,true
8219,SKU-108218,Roteador Pratic 888,21,314.86,true
8220,SKU-108219,SSD Nordic 941,12,265.52,true
8221,SKU-108220,Purificador Primo 989,2,928.64,true
8222,SKU-108221,Liquidificador Astra 203,21,323.21,true
8223,SKU-108222,Controle Aurora 190,18,365.45,true
8224,SKU-108223,Fogão Pratic 890,13,708.90,true
8225,SKU-108224,Toalha Onix 498,20,428.65,false
8226,SKU-108225,Parafusadeira Lumix 952,5,322.73,true
8227,SKU-108226,Desktop Nordic 523,7,193.25,true
8228,SKU-108227,Caixa Saga 680,9,701.61,true
8229,SKU-108228,Teclado Kubo 620,17,406.44,true
8230,SKU-108229,Controle Pratic 623,21,277.71,true
8231,SKU-108230,Roteador Pratic 538,5,595.79,true
8232,SKU-108231,Cadeira Vertex 730,6,598.09,true
8233,SKU-108232,Teclado Orbis 543,16,683.46,true
8234,SKU-108233,Cooler Zentro 526,13,206.92,false
8235,SKU-108234,Fonte Astra 719,20,122.68,true
8236,SKU-108235,Roteador Veloce 204,7,119.23,true
8237,SKU-108236,Carregador Primo 123,9,405.47,false
8238,SKU-108237,Aspirador Aurora 118,2,457.83,true
8239,SKU-108238,Carregador Veloce 682,20,849.27,true
8240,SKU-108239,Mesa Pratic 660,21,76.51,true
8241,SKU-108240,Desktop Kairo 603,6,456.58,true
8242,SKU-108241,Jogo Pratic 512,12,62.56,true
8243,SKU-108242,Televisor Kairo 267,17,233.87,true
8244,SKU-108243,Controle Astra 372,17,405.81,true
8245,SKU-108244,Esteira Vertex 747,20,128.18,true
8246,SKU-108245,Colchão Astra 491,5,562.57,true
8247,SKU-108246,Estante Aurora 863,21,386.68,true
8248,SKU-108247,Mouse Zentro 312,5,98.25,true
8249,SKU-108248,Geladeira Kubo 805,18,846.41,true
8250,SKU-108249,Controle Pratic 343,21,332.94,true
8251,SKU-108250,Toalha Aurora 621,5,196.52,true
8252,SKU-108251,Caixa Nexa 518,18,324.83,true
8253,SKU-108252,Console Nordic 390,15,369.79,true
8254,SKU-108253,Furadeira Veloce 565,2,860.60,true
8255,SKU-108254,Notebook Trilha 270,15,706.60,true
8256,SKU-108255,Liquidificador Vertex 823,15,351.94,true
8257,SKU-108256,Bicicleta Orbis 112,15,347.23,true
8258,SKU-108257,Batedeira Veloce 701,12,1057.28,true
8259,SKU-108258,Mouse Aurora 466,20,290.71,false
8260,SKU-108259,Ar-condicionado Pratic 792,2,59.08,true
8261,SKU-108260,Cooler Onix 164,13,717.71,true
8262,SKU-108261,Serra Pratic 146,5,625.65,true
8263,SKU-108262,Console Volt 798,2,466.17,true
8264,SKU-108263,Carregador Kubo 638,7,731.72,true
8265,SKU-108264,Toalha Nordic 706,21,414.13,false
8266,SKU-108265,Colchão Aurora 664,18,77.36,true
8267,SKU-108266,Notebook Nexa 232,13,269.21,false
8268,SKU-108267,Headphone Zentro 719,21,444.47,true
8269,SKU-108268,Micro-ondas Zentro 145,6,274.31,true
8270,SKU-108269,Serra Vertex 750,21,133.85,true
8271,SKU-108270,Notebook Zentro 871,21,838.87,true
8272,SKU-108271,Headset Lumix 454,16,177.74,true
8273,SKU-108272,Bicicleta Aurora 782,13,228.99,false
8274,SKU-108273,Lençol Kairo 414,7,158.60,true
8275,SKU-108274,Cadeira Orbis 163,21,402.14,true
8276,SKU-108275,Furadeira Kairo 239,12,325.68,true
8277,SKU-108276,Lençol Brava 481,3,194.74,true
8278,SKU-108277,Fonte Orbis 737,17,405.50,true
8279,SKU-108278,Mouse Delta 867,9,99.93,true
8280,SKU-108279,Headphone Saga 235,5,101.55,true
8281,SKU-108280,Impressora Aurora 470,2,720.96,true
8282,SKU-108281,Bicicleta Zentro 146,5,204.30,true
8283,SKU-108282,Desktop Nexa 393,20,431.27,true
8284,SKU-108283,Cadeira Mirante 352,16,120.64,true
8285,SKU-108284,Teclado Nexa 105,21,272.82,true
8286,SKU-108285,Ar-condicionado Brava 448,12,160.73,true
8287,SKU-108286,Smartwatch Lumix 428,2,673.87,true
8288,SKU-108287,Smartphone Nordic 380,6,562.92,true
8289,SKU-108288,Estante Orbis 730,13,715.84,false
8290,SKU-108289,Controle Delta 458,18,164.49,true
8291,SKU-108290,SSD Zentro 952,20,1256.97,true
8292,SKU-108291,Desktop Nexa 685,6,202.04,true
8293,SKU-108292,Batedeira Kubo 908,15,166.21,true
8294,SKU-108293,SSD Vertex 521,3,387.47,true
8295,SKU-108294,Desktop Mirante 262,7,266.67,true
8296,SKU-108295,Roteador Vertex 619,10,248.83,true
8297,SKU-108296,Caixa Nordic 839,12,186.40,true
8298,SKU-108297,Desktop Saga 980,18,699.44,true
8299,SKU-108298,Colchão Mirante 234,10,177.88,true
8300,SKU-108299,Toalha Pratic 118,7,611.22,true
8301,SKU-108300,Capa Kairo 905,5,137.23,false
8302,SKU-108301,Furadeira Aurora 106,3,64.26,true
8303,SKU-108302,Purificador Pratic 743,7,484.81,true
8304,SKU-108303,Purificador Primo 872,15,323.08,true
8305,SKU-108304,Purificador Kairo 704,13,384.20,true
8306,SKU-108305,Soundbar Brava 356,3,180.45,true
8307,SKU-108306,Cadeira Orbis 923,2,145.96,true
8308,SKU-108307,Mesa Kubo 833,18,272.31,false
8309,SKU-108308,Esteira Kubo 842,2,1244.00,true
8310,SKU-108309,Batedeira Kubo 524,10,1274.41,true
8311,SKU-108310,Smartphone Nexa 571,5,296.72,true
8312,SKU-108311,Cafeteira Vertex 497,7,160.23,true
8313,SKU-108312,Mouse Zentro 969,16,375.87,true
8314,SKU-108313,Mesa Brava 450,6,117.88,true
8315,SKU-108314,Cadeira Nexa 915,9,94.41,true
8316,SKU-108315,Impressora Onix 520,6,481.11,true
8317,SKU-108316,Serra Primo 615,12,826.96,true
8318,SKU-108317,Purificador Zentro 686,10,233.55,true
8319,SKU-108318,Receiver Primo 666,3,423.93,true
8320,SKU-108319,Micro-ondas Orbis 508,7,664.49,true
8321,SKU-108320,Fone Nexa 336,3,652.71,true
8322,SKU-108321,Capa Lumix 308,10,409.05,true
8323,SKU-108322,Purificador Pratic 198,9,1127.62,true
8324,SKU-108323,Memória Aurora 801,2,543.75,true
8325,SKU-108324,Furadeira Astra 794,20,685.39,true
8326,SKU-108325,Televisor Veloce 808,15,84.33,true
8327,SKU-108326,Smartphone Primo 756,13,564.76,true
8328,SKU-108327,Memória Nordic 366,17,702.56,true
8329,SKU-108328,Parafusadeira Mirante 333,20,140.21,true
8330,SKU-108329,Halter Nexa 631,17,322.91,true
8331,SKU-108330,Monitor Kairo 628,20,283.01,true
8332,SKU-108331,Fogão Orbis 546,3,238.47,false
8333,SKU-108332,Monitor Aurora 278,13,944.91,true
8334,SKU-108333,Headset Delta 492,5,869.00,true
8335,SKU-108334,Halter Veloce 974,7,584.41,true
8336,SKU-108335,Desktop Primo 232,6,351.97,true
8337,SKU-108336,Mouse Orbis 242,10,458.43,true
8338,SKU-108337,Mouse Orbis 531,17,181.32,true
8339,SKU-108338,Aspirador Primo 884,15,127.88,true
8340,SKU-108339,Jogo Nordic 849,17,132.38,true
8341,SKU-108340,Serra Kairo 983,21,256.91,true
8342,SKU-108341,Headset Kairo 740,6,253.75,true
8343,SKU-108342,Furadeira Veloce 609,21,335.03,true
8344,SKU-108343,Notebook Astra 374,7,296.55,true
8345,SKU-108344,Micro-ondas Aurora 230,17,144.09,true
8346,SKU-108345,Receiver Brava 592,18,343.61,true
8347,SKU-108346,Memória Orbis 739,3,668.68,true
8348,SKU-108347,Console Kubo 251,6,525.95,true
8349,SKU-108348,Sofá Veloce 190,6,314.52,true
8350,SKU-108349,Liquidificador Orbis 539,7,232.57,true
8351,SKU-108350,Serra Nexa 987,5,388.60,true
8352,SKU-108351,Bicicleta Volt 140,18,335.60,true
8353,SKU-108352,Televisor Veloce 977,18,259.73,true
8354,SKU-108353,Headset Kairo 946,20,642.82,true
8355,SKU-108354,Sofá Trilha 815,20,444.08,true
8356,SKU-108355,Fone Pratic 934,10,672.72,true
8357,SKU-108356,Furadeira Pratic 642,3,364.89,true
8358,SKU-108357,Fogão Orbis 995,7,288.86,true
8359,SKU-108358,Smartphone Pratic 598,20,351.91,true
8360,SKU-108359,Soundbar Orbis 394,10,596.95,true
8361,SKU-108360,Televisor Aurora 220,15,790.00,true
8362,SKU-108361,Batedeira Veloce 327,13,695.11,true
8363,SKU-108362,Parafusadeira Vertex 148,6,817.03,true
8364,SKU-108363,Parafusadeira Lumix 990,20,96.96,true
8365,SKU-108364,Ventilador Trilha 700,3,462.89,false
8366,SKU-108365,Parafusadeira Vertex 842,10,860.93,true
8367,SKU-108366,Cafeteira Primo 919,17,128.93,true
8368,SKU-108367,Lavadora Nordic 481,9,471.99,true
8369,SKU-108368,Headset Orbis 840,13,798.68,true
8370,SKU-108369,Fone Kairo 514,15,567.34,true
8371,SKU-108370,Roteador Kairo 965,2,188.22,true
8372,SKU-108371,SSD Mirante 764,18,177.60,true
8373,SKU-108372,Secadora Trilha 198,15,842.92,true
8374,SKU-108373,Parafusadeira Vertex 867,17,404.65,true
8375,SKU-108374,Lençol Mirante 468,6,506.12,true
8376,SKU-108375,Parafusadeira Veloce 667,17,493.41,false
8377,SKU-108376,Cooler Nexa 802,20,157.27,true
8378,SKU-108377,Impressora Nordic 334,21,297.04,true
8379,SKU-108378,Caixa Pratic 896,7,200.76,true
8380,SKU-108379,Cooler Kairo 528,9,324.37,true
8381,SKU-108380,Desktop Nordic 534,16,408.56,true
8382,SKU-108381,Geladeira Trilha 408,15,302.03,true
8383,SKU-108382,Batedeira Zentro 886,12,1170.37,true
8384,SKU-108383,Sofá Aurora 829,7,247.10,false
8385,SKU-108384,Serra Saga 339,5,735.43,true
8386,SKU-108385,Teclado Nordic 803,12,445.89,true
8387,SKU-108386,Fogão Lumix 428,18,396.52,true
8388,SKU-108387,Headset Nordic 542,12,366.45,true
8389,SKU-108388,Roteador Saga 446,2,125.51,true
8390,SKU-108389,Liquidificador Zentro 254,20,276.79,true
8391,SKU-108390,Headphone Nordic 805,12,372.95,true
8392,SKU-108391,Aspirador Vertex 197,3,173.91,true
8393,SKU-108392,Batedeira Aurora 767,6,681.41,true
8394,SKU-108393,Memória Vertex 476,7,950.12,true
8395,SKU-108394,Fone Orbis 553,21,1177.29,true
8396,SKU-108395,Colchão Astra 863,6,106.21,true
8397,SKU-108396,Carregador Primo 771,15,206.77,true
8398,SKU-108397,Mesa Pratic 732,7,651.13,true
8399,SKU-108398,Impressora Veloce 511,13,728.77,true
8400,SKU-108399,Mesa Delta 878,6,248.00,true
8401,SKU-108400,Smartphone Pratic 309,10,734.55,true
8402,SKU-108401,Aspirador Orbis 118,15,190.64,true
8403,SKU-108402,Teclado Orbis 614,18,619.13,true
8404,SKU-108403,Smartwatch Trilha 246,5,383.77,true
8405,SKU-108404,Caixa Kairo 976,9,353.46,true
8406,SKU-108405,Memória Primo 431,6,492.41,true
8407,SKU-108406,Headphone Onix 461,7,680.11,true
8408,SKU-108407,Cooler Nordic 730,5,243.25,true
8409,SKU-108408,Estante Kairo 892,13,276.66,true
8410,SKU-108409,Sofá Primo 998,21,458.66,true
8411,SKU-108410,Geladeira Delta 334,2,1034.93,false
8412,SKU-108411,Parafusadeira Zentro 160,15,189.60,false
8413,SKU-108412,Teclado Delta 767,6,859.87,true
8414,SKU-108413,Fone Onix 210,15,566.39,true
8415,SKU-108414,Roteador Orbis 120,12,318.91,true
8416,SKU-108415,Serra Aurora 356,9,943.17,true
8417,SKU-108416,Fogão Trilha 480,12,184.80,true
8418,SKU-108417,Headphone Trilha 283,2,335.06,false
8419,SKU-108418,Lavadora Astra 906,17,536.21,true
8420,SKU-108419,SSD Orbis 614,2,326.65,true
8421,SKU-108420,Fone Trilha 936,5,784.60,true
8422,SKU-108421,Roteador Zentro 118,12,733.66,false
8423,SKU-108422,Monitor Zentro 910,17,116.42,true
8424,SKU-108423,Teclado Lumix 449,3,131.77,true
8425,SKU-108424,Roteador Brava 295,12,894.76,true
8426,SKU-108425,Furadeira Kairo 289,10,361.48,true
8427,SKU-108426,Capa Kairo 872,15,595.66,true
8428,SKU-108427,Estante Kubo 793,7,508.36,true
8429,SKU-108428,Memória Veloce 470,5,427.77,true
8430,SKU-108429,Roteador Volt 422,10,586.45,true
8431,SKU-108430,Lençol Lumix 211,9,375.71,false
8432,SKU-108431,Esteira Veloce 486,3,180.39,true
8433,SKU-108432,Esteira Saga 491,6,475.93,true
8434,SKU-108433,Impressora Kubo 439,5,325.23,true
8435,SKU-108434,Micro-ondas Zentro 528,13,303.37,true
8436,SKU-108435,Mouse Zentro 679,10,380.77,true
8437,SKU-108436,Memória Orbis 923,12,239.75,false
8438,SKU-108437,Headset Zentro 948,2,220.31,true
8439,SKU-108438,Lavadora Primo 136,15,204.43,true
8440,SKU-108439,Teclado Orbis 830,21,1239.25,true
8441,SKU-108440,Fogão Brava 426,2,176.64,true
8442,SKU-108441,Bicicleta Aurora 378,17,160.23,true
8443,SKU-108442,Impressora Veloce 158,10,123.84,true
8444,SKU-108443,Teclado Astra 693,10,575.48,true
8445,SKU-108444,Carregador Aurora 734,21,365.01,true
8446,SKU-108445,Geladeira Zentro 239,6,129.40,true
8447,SKU-108446,Furadeira Nordic 119,2,655.49,true
8448,SKU-108447,Notebook Astra 416,2,537.50,true
8449,SKU-108448,Sofá Mirante 570,7,158.46,true
8450,SKU-108449,Furadeira Vertex 230,7,547.90,true
8451,SKU-108450,Serra Kubo 458,16,447.09,true
8452,SKU-108451,Ar-condicionado Nexa 688,5,107.07,true
8453,SKU-108452,Controle Zentro 845,2,134.16,true
8454,SKU-108453,Lavadora Kairo 185,15,172.38,true
8455,SKU-108454,Desktop Pratic 350,10,260.10,true
8456,SKU-108455,Furadeira Vertex 677,18,450.18,true
8457,SKU-108456,Liquidificador Volt 793,20,336.72,true
8458,SKU-108457,Bicicleta Aurora 146,5,308.67,true
8459,SKU-108458,Lençol Nexa 924,10,187.19,true
8460,SKU-108459,Esteira Volt 429,15,271.07,true
8461,SKU-108460,Lençol Astra 489,12,434.91,true
8462,SKU-108461,Controle Orbis 965,13,822.42,true
8463,SKU-108462,Lençol Trilha 126,3,132.95,true
8464,SKU-108463,Teclado Nexa 675,21,260.98,true
8465,SKU-108464,Roteador Delta 651,15,1087.89,true
8466,SKU-108465,Receiver Trilha 812,2,914.73,false
8467,SKU-108466,Console Zentro 126,16,666.11,true
8468,SKU-108467,Carregador Vertex 636,21,557.86,true
8469,SKU-108468,Carregador Lumix 151,10,308.99,true
8470,SKU-108469,Lençol Orbis 484,12,341.83,true
8471,SKU-108470,Ar-condicionado Saga 110,5,321.70,true
8472,SKU-108471,Headset Mirante 990,9,1193.19,true
8473,SKU-108472,Halter Kubo 927,17,918.22,true
8474,SKU-108473,Televisor Kubo 974,18,106.66,true
8475,SKU-108474,Furadeira Saga 801,7,270.92,true
8476,SKU-108475,Impressora Primo 304,13,290.11,true
8477,SKU-108476,Colchão Pratic 708,6,351.27,true
8478,SKU-108477,Lavadora Saga 225,9,103.24,true
8479,SKU-108478,Fonte Aurora 731,12,311.44,true
8480,SKU-108479,Parafusadeira Astra 627,5,113.62,true
8481,SKU-108480,Teclado Mirante 646,10,734.99,true
8482,SKU-108481,Fogão Nordic 254,20,239.98,true
8483,SKU-108482,Jogo Nordic 983,3,625.55,true
8484,SKU-108483,Receiver Zentro 283,17,1000.32,true
8485,SKU-108484,Fogão Aurora 666,17,628.75,true
8486,SKU-108485,Purificador Astra 186,13,338.16,true
8487,SKU-108486,Purificador Brava 324,12,505.68,true
8488,SKU-108487,Mouse Brava 568,13,517.51,true
8489,SKU-108488,Cooler Onix 563,20,417.24,true
8490,SKU-108489,Headset Volt 253,21,214.70,true
8491,SKU-108490,Esteira Kubo 724,13,175.57,true
8492,SKU-108491,Roteador Lumix 868,18,740.90,true
8493,SKU-108492,Lençol Nexa 901,2,440.55,true
8494,SKU-108493,Headset Vertex 764,2,180.78,true
8495,SKU-108494,Memória Pratic 488,16,443.74,true
8496,SKU-108495,Receiver Aurora 535,7,211.02,true
8497,SKU-108496,Smartphone Orbis 213,16,369.62,true
8498,SKU-108497,Headset Lumix 192,17,662.20,true
8499,SKU-108498,Bicicleta Kairo 924,20,1023.15,true
8500,SKU-108499,Purificador Vertex 873,5,100.16,true
8501,SKU-108500,Ventilador Orbis 353,16,384.01,true
8502,SKU-108501,Secadora Delta 690,17,425.84,false
8503,SKU-108502,Purificador Delta 894,12,134.91,true
8504,SKU-108503,Purificador Kubo 130,21,144.57,true
8505,SKU-108504,Purificador Kairo 931,17,638.28,true
8506,SKU-108505,Controle Zentro 492,9,100.79,false
8507,SKU-108506,Ar-condicionado Astra 631,21,385.35,true
8508,SKU-108507,Fogão Saga 396,20,138.72,true
8509,SKU-108508,Fone Primo 943,20,752.80,true
8510,SKU-108509,Micro-ondas Lumix 349,7,199.74,true
8511,SKU-108510,Headphone Zentro 557,3,252.44,true
8512,SKU-108511,Impressora Lumix 365,10,490.04,true
8513,SKU-108512,Console Saga 665,13,267.34,true
8514,SKU-108513,Ventilador Kubo 534,21,202.29,true
8515,SKU-108514,Halter Nordic 585,13,313.13,true
8516,SKU-108515,Liquidificador Onix 641,21,270.22,true
8517,SKU-108516,Capa Lumix 823,17,140.44,true
8518,SKU-108517,Mouse Mirante 115,5,493.75,true
8519,SKU-108518,Serra Orbis 780,2,269.51,true
8520,SKU-108519,Furadeira Nordic 743,20,372.26,true
8521,SKU-108520,Soundbar Aurora 899,12,1121.61,true
8522,SKU-108521,Headset Mirante 343,16,352.80,true
8523,SKU-108522,Serra Veloce 296,7,307.49,true
8524,SKU-108523,Mouse Volt 359,5,188.17,true
8525,SKU-108524,Receiver Trilha 493,6,530.66,true
8526,SKU-108525,Ventilador Brava 822,15,499.24,true
8527,SKU-108526,Smartwatch Kubo 642,16,492.58,true
8528,SKU-108527,Roteador Volt 323,3,588.21,true
8529,SKU-108528,Bicicleta Volt 650,18,710.35,true
8530,SKU-108529,Fogão Nordic 675,7,363.41,true
8531,SKU-108530,Mouse Orbis 923,7,88.60,false
8532,SKU-108531,Esteira Astra 854,15,224.06,true
8533,SKU-108532,Bicicleta Aurora 804,2,368.34,true
8534,SKU-108533,Toalha Zentro 330,12,203.01,true
8535,SKU-108534,Ventilador Onix 766,15,339.83,true
8536,SKU-108535,Mesa Brava 516,9,285.28,true
8537,SKU-108536,Impressora Onix 138,18,1373.60,true
8538,SKU-108537,Console Orbis 467,2,114.20,true
8539,SKU-108538,Bicicleta Primo 978,16,277.96,true
8540,SKU-108539,Roteador Onix 968,17,156.05,true
8541,SKU-108540,Micro-ondas Nexa 186,6,410.31,true
8542,SKU-108541,Lençol Veloce 509,6,690.90,true
8543,SKU-108542,Cadeira Kubo 625,3,353.52,true
8544,SKU-108543,Fone Nordic 568,6,214.45,true
8545,SKU-108544,Sofá Onix 386,7,103.11,false
8546,SKU-108545,Esteira Orbis 148,10,93.50,false
8547,SKU-108546,Serra Nexa 886,16,405.44,true
8548,SKU-108547,Furadeira Brava 762,21,317.64,true
8549,SKU-108548,Carregador Orbis 208,6,304.45,true
8550,SKU-108549,Esteira Zentro 741,21,375.27,true
8551,SKU-108550,Roteador Onix 696,17,635.21,true
8552,SKU-108551,Geladeira Orbis 565,20,376.00,true
8553,SKU-108552,Televisor Orbis 941,20,326.63,true
8554,SKU-108553,Colchão Brava 187,13,178.26,true
8555,SKU-108554,Micro-ondas Veloce 653,18,347.63,true
8556,SKU-108555,Sofá Mirante 639,6,358.55,true
8557,SKU-108556,Ventilador Orbis 434,13,280.18,true
8558,SKU-108557,SSD Primo 551,13,458.67,true
8559,SKU-108558,Soundbar Lumix 420,9,472.77,true
8560,SKU-108559,Aspirador Brava 216,10,474.36,true
8561,SKU-108560,Impressora Primo 516,20,477.53,true
8562,SKU-108561,Caixa Orbis 321,12,569.69,true
8563,SKU-108562,Furadeira Onix 488,9,527.72,true
8564,SKU-108563,Secadora Astra 142,17,1048.17,true
8565,SKU-108564,SSD Orbis 622,21,237.31,false
8566,SKU-108565,Micro-ondas Veloce 461,2,203.79,true
8567,SKU-108566,Micro-ondas Volt 721,6,373.36,true
8568,SKU-108567,Console Vertex 136,21,525.91,true
8569,SKU-108568,Lavadora Lumix 790,20,54.57,true
8570,SKU-108569,Console Zentro 830,21,265.99,true
8571,SKU-108570,Fogão Saga 639,7,245.08,true
8572,SKU-108571,Halter Volt 656,7,754.52,true
8573,SKU-108572,Televisor Zentro 338,5,522.75,false
8574,SKU-108573,Receiver Aurora 602,5,227.22,true
8575,SKU-108574,Aspirador Trilha 389,18,292.42,true
8576,SKU-108575,Impressora Kairo 328,21,519.27,true
8577,SKU-108576,SSD Vertex 357,10,112.76,true
8578,SKU-108577,Smartwatch Kairo 395,21,816.95,true
8579,SKU-108578,Teclado Aurora 979,12,113.59,true
8580,SKU-108579,Batedeira Orbis 641,6,497.29,true
8581,SKU-108580,Impressora Nexa 359,21,1319.27,false
8582,SKU-108581,Lençol Aurora 158,15,557.57,true
8583,SKU-108582,Televisor Volt 548,15,109.81,true
8584,SKU-108583,Ar-condicionado Primo 330,17,316.44,true
8585,SKU-108584,SSD Onix 796,2,192.01,false
8586,SKU-108585,Soundbar Brava 443,3,900.33,true
8587,SKU-108586,Mouse Mirante 769,6,229.74,true
8588,SKU-108587,Estante Nordic 707,17,144.94,true
8589,SKU-108588,Fone Zentro 679,7,412.51,true
8590,SKU-108589,Memória Trilha 326,12,555.10,true
8591,SKU-108590,Roteador Kubo 244,12,758.31,true
8592,SKU-108591,Estante Delta 719,2,462.94,true
8593,SKU-108592,Impressora Nordic 802,9,764.28,true
8594,SKU-108593,Smartwatch Pratic 815,3,354.41,true
8595,SKU-108594,Cadeira Aurora 257,10,196.53,true
8596,SKU-108595,Receiver Vertex 904,10,728.07,true
8597,SKU-108596,Capa Primo 313,7,340.15,true
8598,SKU-108597,Console Primo 360,5,117.21,true
8599,SKU-108598,Televisor Vertex 481,15,670.52,true
8600,SKU-108599,Mouse Lumix 244,12,542.48,false
8601,SKU-108600,Roteador Kubo 591,7,923.65,true
8602,SKU-108601,Notebook Kubo 293,16,237.22,true
8603,SKU-108602,Geladeira Zentro 140,13,785.46,true
8604,SKU-108603,SSD Astra 198,3,328.68,true
8605,SKU-108604,Cadeira Brava 128,9,304.99,true
8606,SKU-108605,Mesa Orbis 726,21,389.79,true
8607,SKU-108606,Carregador Veloce 124,12,187.87,false
8608,SKU-108607,Cooler Nexa 835,21,558.19,false
8609,SKU-108608,Bicicleta Kubo 250,2,839.50,true
8610,SKU-108609,Estante Pratic 848,18,221.52,true
8611,SKU-108610,Geladeira Astra 630,5,379.66,true
8612,SKU-108611,Fogão Astra 669,16,423.22,true
8613,SKU-108612,Bicicleta Nexa 846,10,157.22,true
8614,SKU-108613,Impressora Kairo 493,16,452.78,false
8615,SKU-108614,Controle Veloce 297,3,514.91,true
8616,SKU-108615,Console Zentro 530,6,245.90,true
8617,SKU-108616,Purificador Trilha 381,15,132.09,true
8618,SKU-108617,Colchão Vertex 221,2,128.21,true
8619,SKU-108618,Jogo Brava 810,10,509.07,true
8620,SKU-108619,Fogão Aurora 140,18,181.01,false
8621,SKU-108620,Batedeira Nexa 499,2,573.37,true
8622,SKU-108621,Estante Lumix 873,3,295.04,false
8623,SKU-108622,Soundbar Aurora 757,10,94.38,true
8624,SKU-108623,Halter Kubo 375,21,783.18,true
8625,SKU-108624,Carregador Kubo 860,18,164.45,true
8626,SKU-108625,Batedeira Nordic 321,21,187.05,true
8627,SKU-108626,Controle Kubo 459,10,254.10,true
8628,SKU-108627,Monitor Astra 465,13,351.96,false
8629,SKU-108628,Headset Kairo 156,3,557.71,true
8630,SKU-108629,Estante Veloce 981,9,562.38,true
8631,SKU-108630,Receiver Aurora 915,3,285.24,true
8632,SKU-108631,Cadeira Aurora 320,5,205.54,true
8633,SKU-108632,Notebook Kubo 794,12,920.36,true
8634,SKU-108633,Secadora Lumix 737,5,413.62,true
8635,SKU-108634,Liquidificador Nordic 146,16,228.04,true
8636,SKU-108635,Estante Kairo 904,20,777.69,true
8637,SKU-108636,Bicicleta Primo 573,15,280.16,true
8638,SKU-108637,Serra Saga 490,15,134.69,true
8639,SKU-108638,Cadeira Nordic 688,12,523.24,true
8640,SKU-108639,Headset Delta 201,15,452.28,true
8641,SKU-108640,Estante Zentro 402,6,347.87,true
8642,SKU-108641,Fogão Delta 660,7,332.37,true
8643,SKU-108642,Smartphone Vertex 724,21,740.71,true
8644,SKU-108643,Monitor Astra 710,15,386.94,true
8645,SKU-108644,Toalha Primo 594,18,910.43,true
8646,SKU-108645,Desktop Mirante 237,20,264.71,true
8647,SKU-108646,Parafusadeira Volt 229,9,354.67,true
8648,SKU-108647,Jogo Nexa 498,21,667.66,true
8649,SKU-108648,Monitor Aurora 605,3,200.56,true
8650,SKU-108649,Memória Brava 154,17,333.79,true
8651,SKU-108650,Capa Delta 749,13,633.34,true
8652,SKU-108651,Furadeira Pratic 585,20,118.14,true
8653,SKU-108652,Carregador Trilha 914,13,512.29,true
8654,SKU-108653,Lavadora Zentro 849,18,516.16,true
8655,SKU-108654,Mesa Saga 769,6,508.49,true
8656,SKU-108655,Desktop Mirante 303,6,303.87,true
8657,SKU-108656,Geladeira Orbis 826,9,499.58,true
8658,SKU-108657,Roteador Delta 846,6,367.24,true
8659,SKU-108658,Cafeteira Nexa 843,21,96.53,true
8660,SKU-108659,Micro-ondas Zentro 189,10,120.16,true
8661,SKU-108660,Batedeira Saga 841,21,370.84,true
8662,SKU-108661,Receiver Lumix 811,20,431.62,false
8663,SKU-108662,Halter Lumix 802,20,151.53,true
8664,SKU-108663,Parafusadeira Onix 947,6,392.19,true
8665,SKU-108664,Batedeira Astra 471,6,944.88,true
8666,SKU-108665,Mouse Zentro 505,9,106.56,true
8667,SKU-108666,Receiver Veloce 924,17,179.95,true
8668,SKU-108667,Sofá Veloce 751,20,587.66,true
8669,SKU-108668,Desktop Primo 494,3,968.36,true
8670,SKU-108669,Cooler Kubo 710,20,974.36,true
8671,SKU-108670,Soundbar Lumix 597,17,312.22,true
8672,SKU-108671,Esteira Lumix 575,17,698.36,false
8673,SKU-108672,Toalha Astra 766,5,411.51,true
8674,SKU-108673,Cadeira Nexa 318,21,133.23,true
8675,SKU-108674,Impressora Primo 208,15,630.59,true
8676,SKU-108675,Geladeira Nordic 636,16,511.85,true
8677,SKU-108676,Monitor Orbis 267,7,247.05,true
8678,SKU-108677,Cooler Zentro 202,16,171.32,true
8679,SKU-108678,Ar-condicionado Lumix 759,7,337.72,true
8680,SKU-108679,Estante Onix 475,10,586.20,true
8681,SKU-108680,Mesa Mirante 247,18,160.22,true
8682,SKU-108681,Cadeira Mirante 466,16,784.09,true
8683,SKU-108682,Cadeira Astra 699,13,910.00,true
8684,SKU-108683,Receiver Aurora 493,12,139.02,true
8685,SKU-108684,Monitor Nexa 838,2,376.52,true
8686,SKU-108685,Teclado Mirante 937,3,401.55,true
8687,SKU-108686,Mouse Veloce 251,10,96.57,true
8688,SKU-108687,Fogão Aurora 987,2,316.76,true
8689,SKU-108688,Caixa Astra 329,15,393.18,true
8690,SKU-108689,Estante Pratic 381,20,336.00,true
8691,SKU-108690,Colchão Kairo 386,10,264.40,true
8692,SKU-108691,Console Primo 385,16,1000.52,true
8693,SKU-108692,Soundbar Lumix 842,7,593.86,true
8694,SKU-108693,Lavadora Vertex 995,17,86.66,true
8695,SKU-108694,Receiver Pratic 875,5,589.36,true
8696,SKU-108695,Estante Onix 590,17,566.35,true
8697,SKU-108696,Fone Trilha 401,3,237.22,true
8698,SKU-108697,Soundbar Onix 357,9,481.90,true
8699,SKU-108698,Esteira Volt 360,10,470.06,true
8700,SKU-108699,Controle Trilha 276,15,556.81,true
8701,SKU-108700,Mesa Vertex 906,9,298.80,true
8702,SKU-108701,Lençol Saga 766,5,423.11,true
8703,SKU-108702,Roteador Astra 676,13,315.21,true
8704,SKU-108703,Cooler Volt 811,21,414.96,true
8705,SKU-108704,Geladeira Mirante 785,17,440.75,true
8706,SKU-108705,Carregador Pratic 586,3,276.11,true
8707,SKU-108706,Parafusadeira Volt 289,9,179.38,true
8708,SKU-108707,Ventilador Primo 510,12,268.08,true
8709,SKU-108708,Liquidificador Trilha 968,12,113.55,true
8710,SKU-108709,Serra Zentro 181,3,505.15,true
8711,SKU-108710,Monitor Aurora 475,18,1387.62,true
8712,SKU-108711,Headset Vertex 369,18,498.34,true
8713,SKU-108712,Serra Saga 704,13,451.60,true
8714,SKU-108713,Notebook Nexa 510,7,383.73,true
8715,SKU-108714,Estante Kairo 227,21,597.29,true
8716,SKU-108715,Monitor Brava 687,2,749.80,true
8717,SKU-108716,Mouse Saga 364,13,171.24,true
8718,SKU-108717,Secadora Onix 915,2,644.11,true
8719,SKU-108718,Lençol Mirante 300,15,140.10,true
8720,SKU-108719,Serra Kairo 671,10,228.02,true
8721,SKU-108720,Toalha Vertex 453,10,220.95,true
8722,SKU-108721,Monitor Kubo 426,7,333.08,false
8723,SKU-108722,Geladeira Onix 388,13,586.26,true
8724,SKU-108723,Headset Veloce 160,10,267.87,true
8725,SKU-108724,Roteador Pratic 609,12,247.22,true
8726,SKU-108725,Notebook Vertex 375,18,365.55,true
8727,SKU-108726,Mesa Kubo 378,10,811.84,true
8728,SKU-108727,Jogo Lumix 524,10,786.60,true
8729,SKU-108728,Colchão Veloce 584,9,217.32,true
8730,SKU-108729,Impressora Pratic 133,5,681.41,true
8731,SKU-108730,Memória Primo 951,17,398.62,true
8732,SKU-108731,Serra Brava 930,7,401.30,true
8733,SKU-108732,Lavadora Mirante 116,13,1089.88,true
8734,SKU-108733,Jogo Vertex 848,13,505.86,true
8735,SKU-108734,Estante Kairo 976,3,182.73,true
8736,SKU-108735,Ar-condicionado Onix 279,16,543.11,true
8737,SKU-108736,Monitor Saga 169,17,579.77,true
8738,SKU-108737,Headset Onix 967,12,1436.99,true
8739,SKU-108738,SSD Saga 833,10,287.68,false
8740,SKU-108739,Caixa Lumix 957,6,879.72,true
8741,SKU-108740,Carregador Brava 286,10,259.85,true
8742,SKU-108741,Caixa Lumix 825,12,255.18,true
8743,SKU-108742,Smartphone Brava 139,21,448.34,true
8744,SKU-108743,Cooler Lumix 587,3,279.66,true
8745,SKU-108744,Liquidificador Vertex 706,13,702.81,true
8746,SKU-108745,Secadora Lumix 708,12,309.52,false
8747,SKU-108746,Cooler Astra 859,18,636.50,true
8748,SKU-108747,Ventilador Onix 637,9,170.57,true
8749,SKU-108748,Colchão Zentro 174,13,675.08,true
8750,SKU-108749,Parafusadeira Nexa 171,17,178.69,true
8751,SKU-108750,Lavadora Onix 952,2,77.23,true
8752,SKU-108751,Mesa Astra 117,5,684.51,true
8753,SKU-108752,Headphone Pratic 363,15,170.15,true
8754,SKU-108753,Ventilador Lumix 234,17,633.31,true
8755,SKU-108754,Bicicleta Nexa 323,12,164.68,true
8756,SKU-108755,Lençol Lumix 254,7,380.96,true
8757,SKU-108756,Ventilador Veloce 547,15,178.42,false
8758,SKU-108757,Furadeira Zentro 164,9,413.53,true
8759,SKU-108758,Smartphone Brava 206,13,137.49,true
8760,SKU-108759,Console Primo 578,12,290.30,false
8761,SKU-108760,Serra Trilha 629,13,168.95,true
8762,SKU-108761,Serra Astra 904,13,651.01,true
8763,SKU-108762,Headset Volt 510,6,594.72,true
8764,SKU-108763,Smartwatch Mirante 152,10,325.82,true
8765,SKU-108764,Controle Nexa 970,20,263.63,true
8766,SKU-108765,Cadeira Nexa 837,6,343.21,false
8767,SKU-108766,Carregador Brava 787,2,143.81,true
8768,SKU-108767,Colchão Delta 291,18,161.30,true
8769,SKU-108768,Halter Kairo 364,10,165.70,true
8770,SKU-108769,Console Astra 207,12,239.91,true
8771,SKU-108770,Cafeteira Volt 249,3,324.88,true
8772,SKU-108771,Esteira Veloce 137,13,98.39,true
8773,SKU-108772,Lavadora Mirante 988,2,735.02,true
8774,SKU-108773,Fone Zentro 837,18,194.70,true
8775,SKU-108774,Fone Veloce 754,17,696.83,true
8776,SKU-108775,Furadeira Orbis 543,18,532.30,true
8777,SKU-108776,Soundbar Saga 112,5,278.44,false
8778,SKU-108777,Lençol Delta 141,9,629.67,true
8779,SKU-108778,Console Volt 138,9,320.04,true
8780,SKU-108779,Ventilador Nexa 115,16,479.03,true
8781,SKU-108780,Fogão Aurora 303,16,446.79,true
8782,SKU-108781,Secadora Mirante 585,5,270.74,true
8783,SKU-108782,Monitor Zentro 971,21,602.63,true
8784,SKU-108783,Smartphone Kairo 348,2,281.99,true
8785,SKU-108784,Halter Onix 996,3,390.62,true
8786,SKU-108785,Headphone Veloce 455,7,79.22,true
8787,SKU-108786,Soundbar Pratic 535,9,335.60,true
8788,SKU-108787,SSD Onix 161,9,106.29,true
8789,SKU-108788,Fone Nordic 104,16,911.63,true
8790,SKU-108789,Ar-condicionado Onix 696,10,128.55,true
8791,SKU-108790,Console Zentro 117,18,377.44,true
8792,SKU-108791,Secadora Delta 786,20,409.42,true
8793,SKU-108792,Micro-ondas Orbis 108,13,151.85,false
8794,SKU-108793,Aspirador Kairo 120,6,313.95,true
8795,SKU-108794,Televisor Orbis 757,17,832.16,true
8796,SKU-108795,Jogo Volt 553,2,295.73,true
8797,SKU-108796,Soundbar Onix 664,5,898.11,false
8798,SKU-108797,Mesa Orbis 361,10,731.98,true
8799,SKU-108798,Geladeira Onix 430,16,939.80,true
8800,SKU-108799,Console Orbis 624,13,491.76,true
8801,SKU-108800,Geladeira Saga 863,7,336.82,true
8802,SKU-108801,Controle Aurora 317,20,298.77,true
8803,SKU-108802,Colchão Pratic 766,6,273.00,true
8804,SKU-108803,Roteador Primo 589,2,192.74,true
8805,SKU-108804,Monitor Saga 947,21,177.04,true
8806,SKU-108805,Memória Primo 279,12,327.55,true
8807,SKU-108806,Halter Volt 161,15,133.22,false
8808,SKU-108807,Console Onix 110,21,867.50,true
8809,SKU-108808,Controle Pratic 614,20,502.47,false
8810,SKU-108809,Soundbar Orbis 473,20,322.27,true
8811,SKU-108810,Roteador Pratic 802,16,987.94,true
8812,SKU-108811,Liquidificador Veloce 489,12,613.71,true
8813,SKU-108812,Controle Saga 617,12,1050.33,true
8814,SKU-108813,Geladeira Saga 716,7,79.79,true
8815,SKU-108814,Purificador Veloce 134,16,740.97,true
8816,SKU-108815,Esteira Primo 371,21,426.82,true
8817,SKU-108816,Console Delta 982,16,379.09,true
8818,SKU-108817,Teclado Nordic 932,12,565.63,true
8819,SKU-108818,Halter Saga 803,21,710.62,false
8820,SKU-108819,Controle Saga 734,18,482.61,true
8821,SKU-108820,Ventilador Kairo 539,17,154.97,true
8822,SKU-108821,Caixa Veloce 561,7,233.86,true
8823,SKU-108822,Parafusadeira Mirante 703,16,334.46,true
8824,SKU-108823,Teclado Nexa 739,13,266.21,true
8825,SKU-108824,Headphone Veloce 469,13,193.75,true
8826,SKU-108825,Micro-ondas Nordic 174,13,1040.80,true
8827,SKU-108826,Notebook Astra 335,18,745.57,true
8828,SKU-108827,Estante Orbis 216,15,224.58,true
8829,SKU-108828,Secadora Primo 772,13,257.26,true
8830,SKU-108829,Console Brava 909,16,644.42,true
8831,SKU-108830,Parafusadeira Trilha 901,20,144.40,true
8832,SKU-108831,Secadora Pratic 719,10,261.51,true
8833,SKU-108832,Fonte Lumix 416,16,1114.49,true
8834,SKU-108833,Desktop Delta 671,17,228.18,true
8835,SKU-108834,Cafeteira Veloce 140,2,215.00,true
8836,SKU-108835,Bicicleta Kairo 651,12,291.40,true
8837,SKU-108836,Teclado Nexa 495,18,307.07,false
8838,SKU-108837,Controle Astra 531,6,919.42,true
8839,SKU-108838,Monitor Nordic 570,13,1144.13,true
8840,SKU-108839,Notebook Nexa 652,21,289.14,true
8841,SKU-108840,Cooler Aurora 903,15,540.24,true
8842,SKU-108841,Cooler Primo 911,5,887.98,true
8843,SKU-108842,Receiver Delta 374,17,631.44,true
8844,SKU-108843,Desktop Astra 642,10,330.75,true
8845,SKU-108844,Toalha Onix 529,13,84.38,true
8846,SKU-108845,Sofá Veloce 207,5,380.77,false
8847,SKU-108846,Console Pratic 680,13,139.41,true
8848,SKU-108847,Capa Kairo 156,6,332.42,true
8849,SKU-108848,Memória Orbis 963,16,381.95,true
8850,SKU-108849,Memória Vertex 851,5,480.07,true
8851,SKU-108850,Ar-condicionado Volt 854,20,150.83,true
8852,SKU-108851,Lençol Nexa 907,7,961.68,true
8853,SKU-108852,Soundbar Astra 580,9,641.36,true
8854,SKU-108853,Fogão Veloce 829,13,574.48,true
8855,SKU-108854,Liquidificador Orbis 321,13,668.65,true
8856,SKU-108855,Impressora Nexa 670,17,234.52,true
8857,SKU-108856,SSD Vertex 425,21,581.33,true
8858,SKU-108857,Serra Orbis 129,9,766.48,true
8859,SKU-108858,Esteira Pratic 315,17,441.62,true
8860,SKU-108859,Teclado Nordic 874,3,233.67,true
8861,SKU-108860,Furadeira Delta 839,15,180.44,true
8862,SKU-108861,Cafeteira Orbis 607,10,603.11,true
8863,SKU-108862,Halter Orbis 881,13,118.55,true
8864,SKU-108863,Colchão Mirante 220,10,337.11,true
8865,SKU-108864,Aspirador Saga 183,2,188.08,true
8866,SKU-108865,Fogão Primo 647,16,469.48,true
8867,SKU-108866,Desktop Aurora 709,3,205.65,true
8868,SKU-108867,Caixa Vertex 170,3,364.85,true
8869,SKU-108868,Estante Kairo 753,3,328.52,false
8870,SKU-108869,Fone Kubo 290,20,728.57,true
8871,SKU-108870,Parafusadeira Trilha 914,15,375.46,true
8872,SKU-108871,Teclado Nexa 153,17,503.24,true
8873,SKU-108872,Cadeira Lumix 166,18,754.34,false
8874,SKU-108873,Aspirador Primo 956,7,350.16,true
8875,SKU-108874,Parafusadeira Mirante 285,10,158.85,true
8876,SKU-108875,Fogão Pratic 974,9,354.08,true
8877,SKU-108876,Fone Onix 788,21,368.80,true
8878,SKU-108877,SSD Brava 592,17,143.14,true
8879,SKU-108878,Serra Veloce 761,20,480.36,true
8880,SKU-108879,Parafusadeira Primo 757,15,281.51,true
8881,SKU-108880,Console Nordic 646,7,199.60,true
8882,SKU-108881,SSD Astra 159,10,351.37,true
8883,SKU-108882,Liquidificador Lumix 320,17,104.77,true
8884,SKU-108883,Memória Primo 214,15,844.58,true
8885,SKU-108884,Soundbar Delta 848,12,252.11,true
8886,SKU-108885,Teclado Nexa 988,18,419.30,true
8887,SKU-108886,Serra Lumix 869,18,1001.30,true
8888,SKU-108887,Lavadora Nexa 375,21,215.01,true
8889,SKU-108888,Caixa Nexa 544,21,1629.72,true
8890,SKU-108889,SSD Pratic 435,21,235.21,true
8891,SKU-108890,Batedeira Primo 824,15,308.19,true
8892,SKU-108891,Jogo Primo 493,9,375.71,true
8893,SKU-108892,Ventilador Brava 456,12,466.37,true
8894,SKU-108893,Mouse Vertex 536,12,695.72,true
8895,SKU-108894,Jogo Onix 796,3,351.05,true
8896,SKU-108895,Lençol Volt 158,17,364.08,true
8897,SKU-108896,Cooler Volt 888,5,82.11,true
8898,SKU-108897,Parafusadeira Zentro 558,15,964.58,true
8899,SKU-108898,Teclado Saga 215,15,697.26,true
8900,SKU-108899,Parafusadeira Vertex 400,6,106.71,false
8901,SKU-108900,Carregador Onix 664,6,467.67,true
8902,SKU-108901,Headphone Brava 797,7,146.43,true
8903,SKU-108902,Console Nexa 954,5,245.24,true
8904,SKU-108903,Ventilador Brava 946,15,431.52,true
8905,SKU-108904,Bicicleta Lumix 733,3,906.14,true
8906,SKU-108905,Smartphone Zentro 696,17,364.51,false
8907,SKU-108906,Parafusadeira Onix 125,15,196.65,true
8908,SKU-108907,Controle Astra 283,20,537.61,true
8909,SKU-108908,Impressora Nordic 864,17,512.36,true
8910,SKU-108909,Micro-ondas Onix 250,21,743.71,true
8911,SKU-108910,Sofá Onix 471,21,361.57,true
8912,SKU-108911,Liquidificador Nordic 103,21,839.45,true
8913,SKU-108912,Purificador Trilha 679,18,581.58,true
8914,SKU-108913,Soundbar Trilha 998,10,122.90,false
8915,SKU-108914,Fone Astra 809,9,339.16,true
8916,SKU-108915,Parafusadeira Nordic 940,13,136.12,true
8917,SKU-108916,Fone Brava 913,13,551.33,true
8918,SKU-108917,Mouse Orbis 178,16,562.30,true
8919,SKU-108918,Monitor Onix 743,2,105.57,true
8920,SKU-108919,Sofá Zentro 741,3,69.55,true
8921,SKU-108920,Halter Veloce 831,7,311.68,true
8922,SKU-108921,Cooler Kubo 597,21,173.97,true
8923,SKU-108922,Headphone Brava 449,10,503.82,true
8924,SKU-108923,Receiver Vertex 523,7,366.19,true
8925,SKU-108924,Liquidificador Primo 885,6,504.52,true
8926,SKU-108925,Lavadora Kubo 646,2,160.85,true
8927,SKU-108926,Lençol Pratic 909,13,635.27,true
8928,SKU-108927,Geladeira Nordic 110,7,201.10,true
8929,SKU-108928,Notebook Nexa 806,15,149.49,true
8930,SKU-108929,Fogão Kairo 310,20,291.53,true
8931,SKU-108930,Controle Nexa 864,20,404.16,true
8932,SKU-108931,Caixa Aurora 311,16,487.96,true
8933,SKU-108932,Geladeira Astra 248,10,187.97,true
8934,SKU-108933,Toalha Primo 243,12,557.45,true
8935,SKU-108934,Colchão Orbis 336,2,192.07,true
8936,SKU-108935,Fonte Veloce 800,3,176.45,true
8937,SKU-108936,Jogo Onix 683,16,379.12,true
8938,SKU-108937,Headset Lumix 656,7,295.10,true
8939,SKU-108938,Mouse Zentro 694,13,873.27,false
8940,SKU-108939,Furadeira Pratic 459,21,308.63,true
8941,SKU-108940,Smartwatch Mirante 237,16,355.58,true
8942,SKU-108941,Receiver Vertex 165,18,163.80,true
8943,SKU-108942,Jogo Kairo 834,16,308.56,true
8944,SKU-108943,Toalha Saga 840,12,549.84,true
8945,SKU-108944,Micro-ondas Mirante 996,9,1278.12,true
8946,SKU-108945,Colchão Kubo 593,18,722.45,true
8947,SKU-108946,Fone Delta 166,2,351.94,true
8948,SKU-108947,Carregador Primo 960,20,480.27,true
8949,SKU-108948,Desktop Mirante 741,2,427.80,true
8950,SKU-108949,Lavadora Nordic 808,5,94.64,true
8951,SKU-108950,Lavadora Kairo 733,21,459.56,true
8952,SKU-108951,Purificador Vertex 814,3,300.40,true
8953,SKU-108952,Cafeteira Trilha 281,10,363.66,false
8954,SKU-108953,Estante Kairo 300,20,368.43,true
8955,SKU-108954,Cadeira Zentro 565,20,333.99,true
8956,SKU-108955,Headphone Brava 515,21,244.01,true
8957,SKU-108956,Receiver Nexa 221,9,59.78,true
8958,SKU-108957,Carregador Nordic 883,3,495.08,true
8959,SKU-108958,Cooler Saga 992,6,415.32,true
8960,SKU-108959,Parafusadeira Saga 391,15,164.53,true
8961,SKU-108960,Cadeira Brava 844,3,308.65,true
8962,SKU-108961,Micro-ondas Kairo 188,17,134.61,true
8963,SKU-108962,Jogo Primo 588,7,966.61,true
8964,SKU-108963,Parafusadeira Kairo 191,7,360.84,true
8965,SKU-108964,Monitor Onix 515,15,109.47,true
8966,SKU-108965,Colchão Astra 392,17,95.45,false
8967,SKU-108966,Smartphone Saga 407,21,222.79,true
8968,SKU-108967,Mesa Volt 874,7,673.33,true
8969,SKU-108968,Notebook Primo 274,17,209.25,true
8970,SKU-108969,Ventilador Saga 207,7,277.03,true
8971,SKU-108970,Esteira Brava 373,15,311.15,false
8972,SKU-108971,Carregador Nexa 388,16,239.25,true
8973,SKU-108972,Batedeira Primo 733,7,282.55,true
8974,SKU-108973,Bicicleta Onix 227,2,321.34,true
8975,SKU-108974,Toalha Volt 901,9,327.52,true
8976,SKU-108975,Mesa Delta 115,6,469.76,true
8977,SKU-108976,Ar-condicionado Kairo 763,9,645.27,true
8978,SKU-108977,Televisor Aurora 201,20,451.28,true
8979,SKU-108978,Smartphone Mirante 901,12,339.28,true
8980,SKU-108979,Halter Mirante 836,12,410.27,true
8981,SKU-108980,Lençol Lumix 652,7,352.03,true
8982,SKU-108981,Notebook Pratic 466,6,501.61,true
8983,SKU-108982,Bicicleta Volt 617,9,195.78,true
8984,SKU-108983,Receiver Saga 144,17,453.09,true
8985,SKU-108984,Geladeira Mirante 670,2,333.66,true
8986,SKU-108985,Impressora Veloce 808,7,568.07,true
8987,SKU-108986,Cafeteira Orbis 428,3,241.52,true
8988,SKU-108987,Lavadora Delta 231,12,211.52,true
8989,SKU-108988,Cooler Nordic 902,7,572.50,true
8990,SKU-108989,Lençol Mirante 410,20,709.06,true
8991,SKU-108990,Headset Vertex 645,12,330.65,true
8992,SKU-108991,Lençol Veloce 317,20,246.52,true
8993,SKU-108992,Carregador Astra 809,6,157.13,true
8994,SKU-108993,Controle Kairo 186,10,234.68,true
8995,SKU-108994,Micro-ondas Zentro 347,15,120.15,true
8996,SKU-108995,Roteador Saga 756,2,242.10,true
8997,SKU-108996,Toalha Onix 995,6,152.57,true
8998,SKU-108997,Aspirador Aurora 998,18,377.73,true
8999,SKU-108998,Lavadora Trilha 777,5,491.48,true
9000,SKU-108999,Jogo Veloce 835,7,285.32,true
9001,SKU-109000,Fone Brava 642,10,481.91,true
9002,SKU-109001,Mesa Delta 702,16,1108.87,true
9003,SKU-109002,Cafeteira Pratic 898,15,382.53,true
9004,SKU-109003,Aspirador Primo 954,6,446.59,true
9005,SKU-109004,Lençol Kubo 996,3,281.19,true
9006,SKU-109005,Fonte Saga 369,13,699.80,true
9007,SKU-109006,Batedeira Zentro 818,16,267.84,true
9008,SKU-109007,Console Veloce 781,9,295.78,true
9009,SKU-109008,Colchão Vertex 242,13,472.04,true
9010,SKU-109009,Toalha Lumix 400,17,162.37,true
9011,SKU-109010,Parafusadeira Primo 762,3,379.75,true
9012,SKU-109011,Batedeira Kairo 311,18,227.07,true
9013,SKU-109012,Estante Primo 274,15,892.97,true
9014,SKU-109013,Micro-ondas Volt 920,5,299.17,true
9015,SKU-109014,Monitor Nordic 118,2,542.14,true
9016,SKU-109015,Fone Veloce 994,17,560.63,true
9017,SKU-109016,Cooler Mirante 767,5,555.62,true
9018,SKU-109017,Aspirador Orbis 265,12,1262.66,true
9019,SKU-109018,Geladeira Onix 690,17,245.39,true
9020,SKU-109019,Smartphone Zentro 367,5,302.33,true
9021,SKU-109020,Micro-ondas Primo 399,2,280.89,true
9022,SKU-109021,Teclado Vertex 596,17,292.51,true
9023,SKU-109022,Roteador Astra 791,17,128.67,true
9024,SKU-109023,Console Trilha 197,5,639.61,true
9025,SKU-109024,Roteador Brava 297,21,1316.30,false
9026,SKU-109025,Sofá Delta 639,17,657.80,true
9027,SKU-109026,Mesa Aurora 453,21,370.19,true
9028,SKU-109027,Soundbar Trilha 878,13,159.08,true
9029,SKU-109028,Parafusadeira Kubo 710,2,268.29,true
9030,SKU-109029,Toalha Trilha 710,13,693.99,true
9031,SKU-109030,Ar-condicionado Mirante 526,18,349.07,true
9032,SKU-109031,Capa Aurora 702,3,338.01,true
9033,SKU-109032,Ar-condicionado Saga 546,16,441.73,true
9034,SKU-109033,Teclado Orbis 707,18,314.94,true
9035,SKU-109034,Furadeira Vertex 225,16,332.84,true
9036,SKU-109035,Cooler Mirante 954,3,132.58,false
9037,SKU-109036,Memória Veloce 956,7,112.79,true
9038,SKU-109037,Desktop Lumix 201,12,859.38,true
9039,SKU-109038,Caixa Vertex 716,5,796.59,true
9040,SKU-109039,Controle Onix 199,5,422.85,true
9041,SKU-109040,Jogo Veloce 830,10,465.65,true
9042,SKU-109041,Fonte Volt 610,12,757.42,true
9043,SKU-109042,Televisor Mirante 713,9,626.59,true
9044,SKU-109043,Caixa Delta 339,15,355.21,true
9045,SKU-109044,Smartwatch Onix 281,6,251.09,true
9046,SKU-109045,Teclado Astra 905,20,312.02,false
9047,SKU-109046,Carregador Veloce 141,16,431.30,true
9048,SKU-109047,SSD Mirante 242,15,356.92,true
9049,SKU-109048,Batedeira Lumix 821,17,508.77,true
9050,SKU-109049,Impressora Brava 108,10,424.75,true
9051,SKU-109050,Memória Onix 390,15,99.14,true
9052,SKU-109051,Impressora Orbis 873,15,674.35,false
9053,SKU-109052,Fonte Trilha 115,16,191.67,true
9054,SKU-109053,Estante Aurora 532,16,162.67,true
9055,SKU-109054,Memória Trilha 620,12,1172.46,true
9056,SKU-109055,Toalha Pratic 939,18,576.74,true
9057,SKU-109056,Esteira Nexa 966,6,452.59,true
9058,SKU-109057,Cadeira Mirante 679,2,703.34,true
9059,SKU-109058,Notebook Orbis 580,13,355.18,true
9060,SKU-109059,Fogão Nordic 734,6,886.88,true
9061,SKU-109060,Halter Nexa 807,7,343.72,true
9062,SKU-109061,Cafeteira Brava 121,7,164.76,true
9063,SKU-109062,Lavadora Kairo 607,9,312.73,true
9064,SKU-109063,Purificador Trilha 191,20,516.20,true
9065,SKU-109064,Aspirador Saga 138,5,541.95,true
9066,SKU-109065,Teclado Mirante 245,6,503.72,true
9067,SKU-109066,Caixa Kairo 497,15,294.11,true
9068,SKU-109067,Toalha Orbis 137,2,199.27,true
9069,SKU-109068,Carregador Veloce 642,5,859.44,true
9070,SKU-109069,Headset Trilha 231,7,94.56,true
9071,SKU-109070,Fonte Orbis 875,15,415.89,true
9072,SKU-109071,Headset Lumix 685,16,132.43,true
9073,SKU-109072,Batedeira Veloce 896,17,105.57,true
9074,SKU-109073,Jogo Zentro 294,13,327.01,true
9075,SKU-109074,Memória Pratic 916,5,502.12,true
9076,SKU-109075,Halter Volt 476,6,246.52,true
9077,SKU-109076,Fogão Trilha 481,3,238.84,true
9078,SKU-109077,Lavadora Aurora 572,10,92.14,false
9079,SKU-109078,Desktop Astra 684,20,273.92,true
9080,SKU-109079,Aspirador Vertex 477,13,146.24,true
9081,SKU-109080,Colchão Trilha 261,12,378.27,true
9082,SKU-109081,Esteira Mirante 819,17,467.07,false
9083,SKU-109082,Mouse Astra 139,20,439.81,true
9084,SKU-109083,Controle Saga 296,10,200.66,true
9085,SKU-109084,Colchão Trilha 646,9,643.81,true
9086,SKU-109085,Memória Nexa 454,20,100.46,true
9087,SKU-109086,Estante Nordic 607,20,462.07,true
9088,SKU-109087,Jogo Primo 104,12,939.18,true
9089,SKU-109088,Smartphone Aurora 495,18,557.30,true
9090,SKU-109089,Bicicleta Onix 586,20,188.48,true
9091,SKU-109090,Fogão Vertex 429,21,365.79,true
9092,SKU-109091,Lençol Trilha 637,21,594.52,true
9093,SKU-109092,Notebook Orbis 202,12,594.84,false
9094,SKU-109093,Memória Vertex 234,6,633.27,true
9095,SKU-109094,Lavadora Pratic 340,5,419.57,true
9096,SKU-109095,Micro-ondas Saga 843,5,492.01,true
9097,SKU-109096,Halter Brava 907,15,189.07,true
9098,SKU-109097,Headset Volt 928,7,631.86,true
9099,SKU-109098,Monitor Astra 191,18,705.95,true
9100,SKU-109099,Mouse Kubo 357,7,607.74,true
9101,SKU-109100,Smartphone Vertex 131,15,726.56,true
9102,SKU-109101,Ar-condicionado Trilha 272,10,668.30,true
9103,SKU-109102,Ventilador Pratic 946,20,212.84,true
9104,SKU-109103,Cooler Aurora 653,16,343.07,true
9105,SKU-109104,Secadora Volt 325,3,330.13,true
9106,SKU-109105,Impressora Saga 764,6,203.81,true
9107,SKU-109106,Headphone Kubo 601,2,637.62,true
9108,SKU-109107,Capa Delta 637,17,256.32,true
9109,SKU-109108,SSD Zentro 576,13,726.66,true
9110,SKU-109109,Parafusadeira Saga 760,13,169.89,true
9111,SKU-109110,Halter Lumix 256,18,1597.37,true
9112,SKU-109111,Aspirador Kubo 406,6,717.07,true
9113,SKU-109112,Monitor Brava 213,5,481.98,true
9114,SKU-109113,Aspirador Trilha 275,12,376.48,true
9115,SKU-109114,Ar-condicionado Primo 691,16,630.52,true
9116,SKU-109115,Colchão Pratic 780,10,398.36,true
9117,SKU-109116,Ar-condicionado Astra 929,16,344.46,true
9118,SKU-109117,SSD Trilha 645,18,248.54,true
9119,SKU-109118,Capa Aurora 713,15,189.36,true
9120,SKU-109119,Geladeira Astra 829,6,1233.95,true
9121,SKU-109120,Aspirador Lumix 633,13,348.41,true
9122,SKU-109121,Batedeira Zentro 112,12,274.47,true
9123,SKU-109122,Estante Astra 851,9,919.01,true
9124,SKU-109123,Parafusadeira Volt 889,5,636.86,false
9125,SKU-109124,SSD Pratic 274,20,158.23,true
9126,SKU-109125,Purificador Nordic 247,13,1002.84,true
9127,SKU-109126,Teclado Delta 712,15,494.99,true
9128,SKU-109127,Smartwatch Saga 430,12,1112.97,true
9129,SKU-109128,Micro-ondas Delta 148,2,306.64,true
9130,SKU-109129,Sofá Trilha 630,13,689.61,true
9131,SKU-109130,Cafeteira Vertex 153,18,431.07,true
9132,SKU-109131,Lençol Primo 444,9,311.48,true
9133,SKU-109132,Parafusadeira Zentro 389,20,472.62,true
9134,SKU-109133,Purificador Veloce 550,7,376.88,true
9135,SKU-109134,Colchão Onix 412,15,250.04,true
9136,SKU-109135,Liquidificador Nexa 184,5,791.35,true
9137,SKU-109136,Desktop Nexa 992,10,143.20,true
9138,SKU-109137,Sofá Volt 544,7,639.16,true
9139,SKU-109138,Serra Onix 249,6,723.96,true
9140,SKU-109139,Televisor Aurora 995,3,88.75,true
9141,SKU-109140,Jogo Vertex 582,10,833.89,true
9142,SKU-109141,Parafusadeira Onix 752,15,275.74,true
9143,SKU-109142,Caixa Trilha 134,13,233.90,true
9144,SKU-109143,Teclado Kubo 245,5,422.32,true
9145,SKU-109144,Capa Veloce 594,12,222.15,true
9146,SKU-109145,Caixa Kairo 141,9,248.59,true
9147,SKU-109146,Bicicleta Primo 427,15,362.25,false
9148,SKU-109147,Notebook Orbis 661,21,214.90,true
9149,SKU-109148,Liquidificador Nexa 352,20,592.60,true
9150,SKU-109149,Toalha Astra 695,15,273.31,false
9151,SKU-109150,Geladeira Kairo 257,3,348.27,true
9152,SKU-109151,Headphone Trilha 565,9,531.91,true
9153,SKU-109152,Estante Nexa 379,3,76.95,true
9154,SKU-109153,Mesa Aurora 848,3,782.52,true
9155,SKU-109154,Smartwatch Onix 577,9,844.80,true
9156,SKU-109155,Cadeira Vertex 796,21,198.91,true
9157,SKU-109156,Sofá Astra 453,6,150.55,true
9158,SKU-109157,Furadeira Veloce 672,3,384.83,true
9159,SKU-109158,Soundbar Zentro 731,2,475.43,true
9160,SKU-109159,Memória Vertex 262,7,819.51,true
9161,SKU-109160,Memória Brava 128,16,319.87,false
9162,SKU-109161,Batedeira Nexa 767,5,477.48,true
9163,SKU-109162,Smartwatch Onix 579,9,414.45,true
9164,SKU-109163,Soundbar Brava 416,2,421.00,true
9165,SKU-109164,Jogo Trilha 544,13,362.13,false
9166,SKU-109165,Mouse Delta 724,7,216.74,false
9167,SKU-109166,Monitor Orbis 319,3,444.79,false
9168,SKU-109167,Smartphone Delta 787,7,839.62,true
9169,SKU-109168,Ar-condicionado Vertex 317,17,118.18,true
9170,SKU-109169,Controle Zentro 863,5,294.46,true
9171,SKU-109170,Caixa Zentro 646,6,216.78,true
9172,SKU-109171,Fonte Astra 714,17,275.79,true
9173,SKU-109172,Secadora Lumix 336,13,302.69,true
9174,SKU-109173,Cooler Volt 980,7,149.82,true
9175,SKU-109174,Sofá Mirante 354,3,337.77,true
9176,SKU-109175,Parafusadeira Nexa 622,21,608.83,true
9177,SKU-109176,Secadora Kairo 180,10,513.07,true
9178,SKU-109177,Receiver Kairo 156,6,244.56,true
9179,SKU-109178,Toalha Trilha 740,3,362.15,true
9180,SKU-109179,Fone Pratic 479,3,745.67,true
9181,SKU-109180,Halter Kubo 612,7,397.68,true
9182,SKU-109181,Mouse Saga 859,13,167.34,true
9183,SKU-109182,Batedeira Nexa 611,5,204.85,true
9184,SKU-109183,Caixa Aurora 972,16,99.38,true
9185,SKU-109184,Smartwatch Volt 142,12,666.75,true
9186,SKU-109185,Teclado Vertex 612,9,808.48,true
9187,SKU-109186,Ar-condicionado Brava 610,2,411.73,true
9188,SKU-109187,Console Pratic 616,13,80.28,true
9189,SKU-109188,Liquidificador Nordic 389,6,363.71,true
9190,SKU-109189,Ar-condicionado Brava 504,16,1020.58,true
9191,SKU-109190,Carregador Veloce 574,16,815.97,true
9192,SKU-109191,Aspirador Mirante 296,9,151.27,true
9193,SKU-109192,Bicicleta Delta 687,10,1175.78,true
9194,SKU-109193,Caixa Zentro 716,13,243.72,true
9195,SKU-109194,Impressora Onix 360,7,233.63,true
9196,SKU-109195,Jogo Primo 854,6,431.89,true
9197,SKU-109196,Halter Onix 224,10,195.58,true
9198,SKU-109197,Carregador Vertex 662,16,370.63,false
9199,SKU-109198,Serra Nexa 889,10,265.38,true
9200,SKU-109199,Lençol Kairo 473,16,388.60,true
9201,SKU-109200,Esteira Kairo 975,16,288.47,true
9202,SKU-109201,Mouse Primo 408,21,590.98,true
9203,SKU-109202,Sofá Nordic 688,15,494.06,true
9204,SKU-109203,Teclado Pratic 578,17,567.66,true
9205,SKU-109204,Colchão Nexa 554,12,356.53,true
9206,SKU-109205,Cafeteira Lumix 643,12,375.11,true
9207,SKU-109206,Fogão Volt 507,20,282.73,true
9208,SKU-109207,Serra Vertex 225,3,179.14,true
9209,SKU-109208,Caixa Aurora 641,3,557.18,true
9210,SKU-109209,Parafusadeira Kubo 442,12,311.56,true
9211,SKU-109210,Furadeira Nordic 934,9,243.81,true
9212,SKU-109211,Soundbar Volt 723,6,432.13,false
9213,SKU-109212,Smartwatch Kubo 606,5,594.13,true
9214,SKU-109213,Lavadora Delta 916,13,271.66,true
9215,SKU-109214,Roteador Delta 906,6,270.09,true
9216,SKU-109215,Liquidificador Zentro 875,17,806.06,true
9217,SKU-109216,Receiver Vertex 357,9,335.62,true
9218,SKU-109217,Batedeira Nordic 367,16,490.30,true
9219,SKU-109218,Smartphone Pratic 313,2,887.95,true
9220,SKU-109219,Carregador Volt 767,7,154.97,true
9221,SKU-109220,Estante Aurora 890,12,315.36,true
9222,SKU-109221,Secadora Orbis 169,12,179.64,true
9223,SKU-109222,Micro-ondas Pratic 293,3,560.11,true
9224,SKU-109223,Receiver Pratic 160,17,144.83,true
9225,SKU-109224,Sofá Delta 166,20,166.75,true
9226,SKU-109225,Bicicleta Nordic 539,15,353.79,true
9227,SKU-109226,Estante Pratic 633,16,1120.86,true
9228,SKU-109227,Secadora Brava 262,6,400.39,true
9229,SKU-109228,Lavadora Lumix 845,12,257.05,true
9230,SKU-109229,Sofá Veloce 773,2,270.17,true
9231,SKU-109230,Bicicleta Mirante 328,9,188.94,true
9232,SKU-109231,Serra Zentro 603,21,219.54,true
9233,SKU-109232,Halter Saga 298,16,138.98,true
9234,SKU-109233,SSD Nexa 632,21,219.94,true
9235,SKU-109234,Caixa Saga 847,21,817.49,true
9236,SKU-109235,Cooler Astra 817,3,582.71,false
9237,SKU-109236,Lavadora Primo 146,6,799.83,true
9238,SKU-109237,Fonte Primo 815,17,339.35,true
9239,SKU-109238,Ventilador Saga 989,13,743.48,false
9240,SKU-109239,Televisor Trilha 874,21,447.61,true
9241,SKU-109240,Cooler Brava 893,18,699.55,false
9242,SKU-109241,Fone Kairo 476,7,376.58,true
9243,SKU-109242,SSD Trilha 707,15,86.48,true
9244,SKU-109243,Jogo Nordic 763,10,400.50,true
9245,SKU-109244,Furadeira Brava 601,10,440.01,true
9246,SKU-109245,Esteira Astra 369,16,130.64,false
9247,SKU-109246,Monitor Vertex 770,17,313.46,true
9248,SKU-109247,Cadeira Brava 758,18,464.60,true
9249,SKU-109248,Estante Mirante 703,18,127.33,true
9250,SKU-109249,Soundbar Onix 892,18,891.93,true
9251,SKU-109250,Caixa Saga 741,15,349.08,true
9252,SKU-109251,Teclado Volt 919,9,429.02,true
9253,SKU-109252,Liquidificador Delta 968,17,101.13,true
9254,SKU-109253,Caixa Trilha 847,12,518.32,false
9255,SKU-109254,Notebook Nordic 366,13,418.13,true
9256,SKU-109255,Memória Brava 274,7,288.86,true
9257,SKU-109256,Mesa Vertex 461,6,228.32,true
9258,SKU-109257,Capa Mirante 468,2,1117.47,true
9259,SKU-109258,Batedeira Kairo 973,21,272.86,true
9260,SKU-109259,Memória Delta 424,21,826.14,true
9261,SKU-109260,Parafusadeira Aurora 181,7,612.65,true
9262,SKU-109261,Aspirador Astra 786,10,635.33,true
9263,SKU-109262,Carregador Orbis 590,6,164.95,true
9264,SKU-109263,Micro-ondas Pratic 678,15,576.37,true
9265,SKU-109264,Serra Nordic 715,16,543.84,true
9266,SKU-109265,Ar-condicionado Nordic 867,9,72.60,true
9267,SKU-109266,Controle Aurora 809,17,137.76,true
9268,SKU-109267,Sofá Nordic 239,6,245.97,true
9269,SKU-109268,Fonte Aurora 166,2,379.44,true
9270,SKU-109269,Furadeira Aurora 407,18,620.84,true
9271,SKU-109270,Mesa Trilha 192,18,381.74,false
9272,SKU-109271,Esteira Onix 114,17,289.90,false
9273,SKU-109272,Jogo Lumix 989,2,183.56,true
9274,SKU-109273,Estante Trilha 866,7,379.18,true
9275,SKU-109274,Memória Orbis 996,18,638.38,true
9276,SKU-109275,Liquidificador Volt 389,12,741.14,true
9277,SKU-109276,Serra Trilha 706,9,379.73,true
9278,SKU-109277,Console Nordic 597,6,334.39,true
9279,SKU-109278,Mouse Delta 411,12,450.62,true
9280,SKU-109279,Caixa Trilha 168,21,662.13,true
9281,SKU-109280,Roteador Vertex 900,2,162.88,true
9282,SKU-109281,Lavadora Astra 541,7,721.25,true
9283,SKU-109282,Desktop Trilha 509,7,193.77,true
9284,SKU-109283,Cadeira Kairo 564,16,225.00,true
9285,SKU-109284,Soundbar Onix 566,21,467.34,true
9286,SKU-109285,Monitor Volt 708,20,384.56,true
9287,SKU-109286,Smartwatch Kairo 481,18,156.02,true
9288,SKU-109287,Mesa Brava 313,20,373.22,true
9289,SKU-109288,Carregador Volt 223,6,786.26,true
9290,SKU-109289,Parafusadeira Orbis 924,3,333.24,false
9291,SKU-109290,Secadora Kubo 807,21,432.04,true
9292,SKU-109291,Fogão Orbis 115,6,428.44,true
9293,SKU-109292,Smartwatch Saga 726,7,737.13,true
9294,SKU-109293,Headphone Nordic 759,3,732.61,true
9295,SKU-109294,Sofá Volt 231,3,324.44,true
9296,SKU-109295,Ventilador Nordic 240,7,419.70,true
9297,SKU-109296,Ventilador Trilha 552,9,146.93,false
9298,SKU-109297,Fonte Primo 606,13,109.51,true
9299,SKU-109298,Ar-condicionado Kubo 105,2,793.49,false
9300,SKU-109299,Impressora Zentro 229,6,514.37,true
9301,SKU-109300,Notebook Aurora 294,6,246.21,true
9302,SKU-109301,Geladeira Trilha 231,6,423.06,true
9303,SKU-109302,Headset Volt 209,15,233.46,true
9304,SKU-109303,Batedeira Saga 942,17,355.07,true
9305,SKU-109304,Headset Trilha 444,15,584.66,true
9306,SKU-109305,Esteira Astra 627,16,219.40,true
9307,SKU-109306,Parafusadeira Lumix 320,5,104.07,true
9308,SKU-109307,Batedeira Kairo 167,6,445.64,true
9309,SKU-109308,Controle Kubo 132,17,359.66,true
9310,SKU-109309,Fogão Pratic 711,21,258.73,true
9311,SKU-109310,Parafusadeira Saga 766,20,202.85,false
9312,SKU-109311,Mesa Nordic 922,2,755.05,true
9313,SKU-109312,Headphone Kairo 492,9,123.22,true
9314,SKU-109313,Furadeira Vertex 133,12,391.69,true
9315,SKU-109314,Furadeira Primo 622,16,143.04,false
9316,SKU-109315,Serra Orbis 246,20,659.55,true
9317,SKU-109316,Lavadora Mirante 397,18,704.21,true
9318,SKU-109317,Serra Orbis 960,3,587.55,true
9319,SKU-109318,Batedeira Lumix 966,21,124.41,true
9320,SKU-109319,Aspirador Orbis 320,21,90.38,true
9321,SKU-109320,Micro-ondas Nexa 906,5,705.31,true
9322,SKU-109321,Mouse Trilha 170,10,512.32,true
9323,SKU-109322,Desktop Vertex 678,2,114.91,true
9324,SKU-109323,Roteador Nexa 669,2,364.50,true
9325,SKU-109324,Fonte Nexa 422,18,317.06,true
9326,SKU-109325,Parafusadeira Veloce 295,15,871.18,true
9327,SKU-109326,Batedeira Astra 744,7,710.32,true
9328,SKU-109327,SSD Lumix 929,5,70.54,true
9329,SKU-109328,Desktop Orbis 346,3,926.22,true
9330,SKU-109329,Toalha Trilha 142,2,229.32,true
9331,SKU-109330,Soundbar Onix 119,15,57.17,true
9332,SKU-109331,Capa Brava 347,9,392.58,false
9333,SKU-109332,Cadeira Trilha 146,15,131.51,true
9334,SKU-109333,Desktop Orbis 212,16,298.58,true
9335,SKU-109334,Batedeira Primo 720,21,435.69,true
9336,SKU-109335,Receiver Zentro 651,15,316.31,false
9337,SKU-109336,Batedeira Saga 798,5,321.83,true
9338,SKU-109337,Headphone Lumix 467,6,227.47,true
9339,SKU-109338,Micro-ondas Pratic 598,21,173.05,true
9340,SKU-109339,Furadeira Kairo 377,5,98.19,true
9341,SKU-109340,Cafeteira Onix 717,7,239.18,true
9342,SKU-109341,Colchão Veloce 331,13,80.33,true
9343,SKU-109342,Desktop Veloce 126,7,556.32,true
9344,SKU-109343,Lençol Primo 317,15,683.62,false
9345,SKU-109344,Toalha Pratic 121,20,382.12,true
9346,SKU-109345,Memória Aurora 879,18,354.91,true
9347,SKU-109346,Soundbar Veloce 496,6,365.94,true
9348,SKU-109347,Colchão Astra 853,10,889.28,true
9349,SKU-109348,Estante Nordic 628,13,305.14,true
9350,SKU-109349,Lençol Orbis 981,17,462.16,true
9351,SKU-109350,Headset Onix 952,5,426.63,true
9352,SKU-109351,Estante Delta 742,2,370.08,true
9353,SKU-109352,Receiver Vertex 520,12,263.30,true
9354,SKU-109353,Ventilador Onix 389,13,204.06,true
9355,SKU-109354,Desktop Aurora 907,12,816.68,true
9356,SKU-109355,Receiver Delta 408,3,402.49,true
9357,SKU-109356,Console Nordic 265,5,418.39,true
9358,SKU-109357,Bicicleta Zentro 859,5,128.16,true
9359,SKU-109358,Desktop Pratic 897,13,304.04,true
9360,SKU-109359,Jogo Mirante 707,20,373.58,true
9361,SKU-109360,Monitor Nordic 847,17,170.34,true
9362,SKU-109361,Aspirador Astra 784,10,163.03,true
9363,SKU-109362,Televisor Volt 384,3,243.73,true
9364,SKU-109363,Cooler Saga 978,15,519.54,true
9365,SKU-109364,Console Kairo 658,12,79.80,true
9366,SKU-109365,Monitor Kubo 610,10,301.92,true
9367,SKU-109366,Desktop Vertex 874,16,133.32,true
9368,SKU-109367,Smartwatch Aurora 336,2,678.15,true
9369,SKU-109368,Caixa Saga 630,16,174.54,true
9370,SKU-109369,Teclado Nordic 272,2,204.56,false
9371,SKU-109370,Geladeira Orbis 825,7,310.61,true
9372,SKU-109371,Batedeira Saga 758,17,103.98,false
9373,SKU-109372,Purificador Aurora 153,15,940.91,true
9374,SKU-109373,Mesa Lumix 959,17,737.69,true
9375,SKU-109374,Fogão Primo 795,13,294.33,true
9376,SKU-109375,Desktop Onix 944,13,356.76,true
9377,SKU-109376,Receiver Primo 189,13,507.21,true
9378,SKU-109377,Ventilador Volt 683,17,152.36,true
9379,SKU-109378,Mesa Saga 217,6,639.60,true
9380,SKU-109379,Console Kairo 622,13,123.53,true
9381,SKU-109380,Cafeteira Kubo 917,9,250.46,true
9382,SKU-109381,Sofá Kairo 689,17,356.71,true
9383,SKU-109382,Parafusadeira Onix 792,10,507.51,true
9384,SKU-109383,Sofá Mirante 981,16,400.58,true
9385,SKU-109384,Jogo Primo 615,12,206.73,true
9386,SKU-109385,Liquidificador Primo 387,2,577.93,true
9387,SKU-109386,Batedeira Saga 902,9,650.92,true
9388,SKU-109387,Esteira Volt 667,3,717.11,true
9389,SKU-109388,Controle Veloce 535,6,927.24,true
9390,SKU-109389,Impressora Veloce 978,21,192.36,true
9391,SKU-109390,Ar-condicionado Zentro 905,7,301.56,true
9392,SKU-109391,Serra Trilha 422,18,224.79,true
9393,SKU-109392,Lençol Astra 989,17,390.93,true
9394,SKU-109393,Televisor Veloce 750,18,399.79,true
9395,SKU-109394,Secadora Pratic 473,17,423.31,true
9396,SKU-109395,Ar-condicionado Onix 437,17,115.63,true
9397,SKU-109396,Fone Volt 529,16,639.91,true
9398,SKU-109397,Fogão Brava 821,7,252.65,true
9399,SKU-109398,Carregador Trilha 719,17,349.52,true
9400,SKU-109399,Televisor Saga 458,17,292.60,true
9401,SKU-109400,Liquidificador Trilha 982,21,209.49,true
9402,SKU-109401,Furadeira Nexa 699,7,224.48,true
9403,SKU-109402,Lençol Zentro 377,13,437.60,true
9404,SKU-109403,Estante Lumix 368,12,356.40,true
9405,SKU-109404,Capa Aurora 399,17,67.79,true
9406,SKU-109405,Furadeira Aurora 798,9,486.85,true
9407,SKU-109406,Monitor Primo 630,3,319.66,true
9408,SKU-109407,Batedeira Pratic 147,6,3575.60,true
9409,SKU-109408,Geladeira Pratic 651,18,531.59,true
9410,SKU-109409,Televisor Vertex 465,13,379.09,true
9411,SKU-109410,Halter Astra 180,18,486.54,true
9412,SKU-109411,Impressora Saga 876,12,552.57,true
9413,SKU-109412,Console Kubo 316,15,580.95,false
9414,SKU-109413,Halter Lumix 969,10,348.26,true
9415,SKU-109414,Mouse Zentro 399,10,540.60,true
9416,SKU-109415,Fonte Aurora 705,3,790.50,true
9417,SKU-109416,Desktop Onix 129,7,283.22,true
9418,SKU-109417,Desktop Orbis 865,13,216.09,true
9419,SKU-109418,Mesa Nordic 191,10,425.33,true
9420,SKU-109419,Mesa Kubo 977,7,737.15,true
9421,SKU-109420,Cooler Pratic 317,17,155.84,true
9422,SKU-109421,Cafeteira Zentro 705,12,642.71,true
9423,SKU-109422,Mouse Astra 733,3,86.52,true
9424,SKU-109423,Ventilador Aurora 437,7,593.94,true
9425,SKU-109424,SSD Saga 998,16,483.89,true
9426,SKU-109425,Mouse Kairo 920,12,486.98,true
9427,SKU-109426,Controle Kairo 128,21,870.64,true
9428,SKU-109427,Jogo Zentro 858,18,460.29,true
9429,SKU-109428,Carregador Zentro 638,13,222.38,true
9430,SKU-109429,Fone Kairo 162,17,146.03,true
9431,SKU-109430,Teclado Vertex 824,13,489.85,true
9432,SKU-109431,Cadeira Kubo 619,5,411.02,true
9433,SKU-109432,Caixa Pratic 111,17,564.95,true
9434,SKU-109433,Headphone Kairo 326,2,1377.37,true
9435,SKU-109434,Lavadora Pratic 566,16,1922.54,true
9436,SKU-109435,Cafeteira Mirante 439,6,214.15,true
9437,SKU-109436,Aspirador Brava 639,9,469.08,true
9438,SKU-109437,SSD Volt 727,15,501.96,true
9439,SKU-109438,Aspirador Orbis 707,21,426.09,true
9440,SKU-109439,Liquidificador Aurora 717,9,796.18,true
9441,SKU-109440,Console Aurora 815,21,445.00,true
9442,SKU-109441,Fogão Primo 476,7,407.35,false
9443,SKU-109442,Console Pratic 149,10,293.85,false
9444,SKU-109443,Teclado Mirante 910,17,352.02,false
9445,SKU-109444,Sofá Volt 407,20,246.57,true
9446,SKU-109445,Memória Nexa 576,5,278.08,true
9447,SKU-109446,Receiver Nexa 815,3,484.63,true
9448,SKU-109447,Ventilador Trilha 455,17,220.98,true
9449,SKU-109448,Halter Aurora 845,6,731.18,true
9450,SKU-109449,Lençol Trilha 613,18,169.73,true
9451,SKU-109450,Jogo Saga 648,7,280.13,true
9452,SKU-109451,Receiver Onix 815,9,1073.47,true
9453,SKU-109452,Smartwatch Pratic 123,15,396.74,true
9454,SKU-109453,Bicicleta Brava 711,10,344.90,true
9455,SKU-109454,Esteira Volt 720,15,497.21,true
9456,SKU-109455,Roteador Saga 762,18,236.39,true
9457,SKU-109456,Notebook Onix 863,20,326.76,false
9458,SKU-109457,Sofá Trilha 438,6,148.12,true
9459,SKU-109458,Memória Brava 457,3,182.66,true
9460,SKU-109459,Fogão Volt 524,15,1332.85,true
9461,SKU-109460,Toalha Nordic 449,12,792.06,true
9462,SKU-109461,Liquidificador Delta 883,2,685.28,true
9463,SKU-109462,Bicicleta Lumix 230,13,461.69,true
9464,SKU-109463,Desktop Zentro 532,21,764.24,true
9465,SKU-109464,Impressora Delta 664,12,376.86,true
9466,SKU-109465,Desktop Volt 236,3,407.93,true
9467,SKU-109466,Serra Trilha 514,20,488.84,true
9468,SKU-109467,Televisor Zentro 620,20,585.10,true
9469,SKU-109468,Desktop Kairo 804,13,278.99,true
9470,SKU-109469,Capa Mirante 267,20,64.67,true
9471,SKU-109470,Televisor Vertex 882,12,636.18,true
9472,SKU-109471,SSD Kubo 730,7,634.50,true
9473,SKU-109472,Fogão Nexa 868,17,264.47,true
9474,SKU-109473,Fogão Aurora 260,16,112.27,false
9475,SKU-109474,Liquidificador Delta 951,21,679.61,true
9476,SKU-109475,Console Kubo 197,2,291.00,false
9477,SKU-109476,Lavadora Onix 801,5,369.45,true
9478,SKU-109477,Geladeira Saga 399,20,511.74,true
9479,SKU-109478,Ventilador Brava 349,9,96.79,true
9480,SKU-109479,Roteador Kubo 106,6,356.96,true
9481,SKU-109480,Console Vertex 516,16,365.67,true
9482,SKU-109481,Televisor Primo 483,10,501.78,true
9483,SKU-109482,Bicicleta Veloce 383,7,288.93,true
9484,SKU-109483,Liquidificador Mirante 931,12,306.45,true
9485,SKU-109484,Capa Astra 194,9,272.50,true
9486,SKU-109485,Bicicleta Onix 750,2,413.62,true
9487,SKU-109486,Toalha Lumix 429,10,389.11,false
9488,SKU-109487,Bicicleta Volt 590,5,358.32,true
9489,SKU-109488,Fonte Veloce 194,12,286.92,true
9490,SKU-109489,Batedeira Primo 665,16,153.82,false
9491,SKU-109490,Carregador Primo 489,9,398.69,true
9492,SKU-109491,Televisor Primo 745,16,314.22,true
9493,SKU-109492,Capa Delta 969,10,257.92,true
9494,SKU-109493,Lavadora Onix 356,13,345.67,false
9495,SKU-109494,Headphone Orbis 333,10,243.31,true
9496,SKU-109495,Parafusadeira Vertex 304,21,610.59,true
9497,SKU-109496,Aspirador Lumix 680,3,619.99,true
9498,SKU-109497,Secadora Nordic 769,2,389.50,true
9499,SKU-109498,Smartphone Zentro 708,13,307.32,true
9500,SKU-109499,Capa Astra 183,13,482.78,true
9501,SKU-109500,Controle Nordic 887,3,368.57,true
9502,SKU-109501,Cooler Veloce 472,9,203.80,true
9503,SKU-109502,Mouse Brava 988,17,738.36,true
9504,SKU-109503,Cooler Vertex 888,9,184.77,false
9505,SKU-109504,Esteira Kubo 466,21,298.33,true
9506,SKU-109505,Aspirador Onix 215,2,706.84,true
9507,SKU-109506,Desktop Nexa 821,13,479.25,true
9508,SKU-109507,Cadeira Volt 900,9,731.97,true
9509,SKU-109508,Fogão Onix 604,13,103.69,true
9510,SKU-109509,Headset Nexa 521,21,641.71,true
9511,SKU-109510,Halter Pratic 133,10,339.30,true
9512,SKU-109511,Caixa Mirante 798,5,410.27,true
9513,SKU-109512,Batedeira Kubo 605,7,695.46,true
9514,SKU-109513,Micro-ondas Astra 667,3,390.32,true
9515,SKU-109514,Console Nexa 939,2,627.13,true
9516,SKU-109515,Soundbar Astra 835,12,249.79,true
9517,SKU-109516,Ar-condicionado Kairo 340,5,566.38,false
9518,SKU-109517,Notebook Primo 817,13,173.63,true
9519,SKU-109518,Esteira Astra 767,18,693.06,true
9520,SKU-109519,Secadora Nexa 280,6,653.30,true
9521,SKU-109520,Aspirador Lumix 488,5,310.46,true
9522,SKU-109521,Esteira Orbis 618,20,168.73,false
9523,SKU-109522,Sofá Mirante 746,7,298.48,false
9524,SKU-109523,Mesa Kubo 963,13,279.40,false
9525,SKU-109524,Controle Veloce 344,2,764.38,true
9526,SKU-109525,Purificador Delta 931,17,451.46,true
9527,SKU-109526,Smartwatch Kubo 926,16,354.01,true
9528,SKU-109527,Cafeteira Kairo 886,3,176.16,true
9529,SKU-109528,Soundbar Nexa 479,3,574.89,true
9530,SKU-109529,Toalha Lumix 723,10,373.12,true
9531,SKU-109530,Lençol Trilha 397,9,409.24,true
9532,SKU-109531,Console Kairo 930,21,298.78,true
9533,SKU-109532,Sofá Brava 150,13,170.46,false
9534,SKU-109533,Capa Aurora 476,16,280.85,true
9535,SKU-109534,Memória Veloce 364,3,457.18,true
9536,SKU-109535,Aspirador Mirante 161,16,300.24,true
9537,SKU-109536,Soundbar Saga 583,2,540.82,true
9538,SKU-109537,Bicicleta Nexa 521,13,394.16,true
9539,SKU-109538,Receiver Kubo 950,18,220.15,true
9540,SKU-109539,Roteador Trilha 244,10,626.36,true
9541,SKU-109540,Parafusadeira Orbis 553,3,530.48,true
9542,SKU-109541,Caixa Delta 825,16,481.03,true
9543,SKU-109542,Roteador Brava 360,13,236.74,true
9544,SKU-109543,Teclado Kubo 781,6,636.11,true
9545,SKU-109544,Monitor Lumix 280,21,229.57,true
9546,SKU-109545,Fonte Kubo 196,18,265.41,true
9547,SKU-109546,Mesa Nexa 933,5,893.60,true
9548,SKU-109547,Mouse Nordic 748,9,437.02,true
9549,SKU-109548,Colchão Lumix 912,10,196.84,true
9550,SKU-109549,Lavadora Onix 269,7,1392.66,true
9551,SKU-109550,Serra Vertex 834,15,517.24,true
9552,SKU-109551,Smartphone Primo 811,17,219.19,true
9553,SKU-109552,Fonte Mirante 674,13,384.41,true
9554,SKU-109553,Ar-condicionado Veloce 923,2,547.46,true
9555,SKU-109554,Capa Aurora 781,3,176.70,true
9556,SKU-109555,Purificador Primo 410,21,244.21,true
9557,SKU-109556,Cafeteira Delta 645,21,275.33,true
9558,SKU-109557,Serra Primo 369,9,190.78,true
9559,SKU-109558,Desktop Pratic 708,7,316.58,true
9560,SKU-109559,Roteador Onix 857,6,534.34,true
9561,SKU-109560,Caixa Mirante 508,10,382.94,true
9562,SKU-109561,Caixa Zentro 311,10,719.13,true
9563,SKU-109562,Teclado Delta 231,10,360.42,true
9564,SKU-109563,Televisor Veloce 654,3,621.60,true
9565,SKU-109564,Batedeira Nexa 334,16,284.06,true
9566,SKU-109565,Monitor Primo 702,20,120.15,true
9567,SKU-109566,Monitor Veloce 684,7,505.47,true
9568,SKU-109567,Purificador Kairo 111,7,507.09,true
9569,SKU-109568,Esteira Saga 240,20,151.10,true
9570,SKU-109569,Receiver Onix 106,12,87.31,true
9571,SKU-109570,Caixa Veloce 470,21,402.06,false
9572,SKU-109571,Headset Astra 703,18,711.54,true
9573,SKU-109572,Memória Onix 790,12,431.76,true
9574,SKU-109573,Impressora Trilha 759,5,173.41,true
9575,SKU-109574,Headphone Delta 915,6,258.49,true
9576,SKU-109575,Bicicleta Volt 396,6,411.15,true
9577,SKU-109576,Headset Saga 498,16,320.80,true
9578,SKU-109577,Smartwatch Orbis 620,2,369.53,true
9579,SKU-109578,SSD Astra 652,13,352.64,true
9580,SKU-109579,Colchão Trilha 312,7,776.86,true
9581,SKU-109580,Aspirador Onix 754,16,1069.17,true
9582,SKU-109581,Fogão Trilha 959,10,289.07,false
9583,SKU-109582,Ar-condicionado Astra 785,12,334.72,true
9584,SKU-109583,Mouse Mirante 674,20,1014.96,true
9585,SKU-109584,Mouse Pratic 296,13,518.79,true
9586,SKU-109585,Fonte Onix 709,5,292.34,true
9587,SKU-109586,Monitor Kairo 107,5,389.52,true
9588,SKU-109587,Monitor Kairo 495,17,243.61,true
9589,SKU-109588,Roteador Nordic 724,18,78.30,true
9590,SKU-109589,SSD Brava 587,3,191.85,true
9591,SKU-109590,Impressora Veloce 741,21,234.72,true
9592,SKU-109591,Fonte Onix 606,13,648.18,true
9593,SKU-109592,Colchão Pratic 394,16,511.75,true
9594,SKU-109593,Secadora Delta 560,10,139.50,true
9595,SKU-109594,Memória Volt 968,6,286.63,true
9596,SKU-109595,Notebook Nexa 855,18,837.47,true
9597,SKU-109596,Teclado Astra 579,18,565.33,true
9598,SKU-109597,Fonte Onix 331,18,279.92,true
9599,SKU-109598,Mouse Nexa 814,15,418.05,true
9600,SKU-109599,Batedeira Vertex 399,21,250.18,true
9601,SKU-109600,Jogo Delta 433,6,456.05,true
9602,SKU-109601,Ventilador Lumix 582,20,288.35,true
9603,SKU-109602,Receiver Orbis 937,9,242.56,true
9604,SKU-109603,Headset Kairo 630,9,861.84,false
9605,SKU-109604,Mesa Orbis 801,7,348.75,true
9606,SKU-109605,Parafusadeira Onix 126,12,226.31,true
9607,SKU-109606,Cadeira Nexa 889,6,172.83,true
9608,SKU-109607,Toalha Delta 256,17,919.58,true
9609,SKU-109608,Estante Aurora 384,12,354.39,true
9610,SKU-109609,Furadeira Nexa 787,7,247.31,true
9611,SKU-109610,Console Lumix 796,10,318.75,true
9612,SKU-109611,Aspirador Delta 888,16,496.28,true
9613,SKU-109612,Controle Mirante 323,9,265.86,true
9614,SKU-109613,Headphone Trilha 645,21,428.33,true
9615,SKU-109614,Cafeteira Mirante 633,9,791.67,true
9616,SKU-109615,Micro-ondas Vertex 899,20,200.68,true
9617,SKU-109616,Fonte Brava 891,7,724.94,true
9618,SKU-109617,Lençol Pratic 126,12,877.52,true
9619,SKU-109618,Aspirador Delta 345,2,699.69,true
9620,SKU-109619,Smartwatch Vertex 273,17,270.98,true
9621,SKU-109620,Purificador Zentro 128,10,1147.74,true
9622,SKU-109621,Mouse Trilha 813,21,373.78,true
9623,SKU-109622,Estante Pratic 224,15,576.94,true
9624,SKU-109623,Desktop Kairo 122,2,411.54,true
9625,SKU-109624,SSD Mirante 272,7,490.40,true
9626,SKU-109625,Notebook Volt 307,15,563.25,true
9627,SKU-109626,Batedeira Nordic 907,6,566.53,true
9628,SKU-109627,Console Mirante 584,10,388.21,true
9629,SKU-109628,Jogo Kairo 841,18,592.78,true
9630,SKU-109629,Console Orbis 145,17,201.70,true
9631,SKU-109630,Desktop Nexa 312,13,207.11,true
9632,SKU-109631,Notebook Trilha 780,9,200.81,true
9633,SKU-109632,Fone Kairo 109,6,746.42,true
9634,SKU-109633,Esteira Kairo 294,13,234.28,true
9635,SKU-109634,Desktop Zentro 689,17,283.79,true
9636,SKU-109635,Memória Trilha 777,20,357.84,true
9637,SKU-109636,Memória Kairo 461,7,208.20,true
9638,SKU-109637,Esteira Kairo 595,2,519.38,true
9639,SKU-109638,Soundbar Zentro 142,5,168.02,true
9640,SKU-109639,Headset Nordic 409,16,287.11,true
9641,SKU-109640,Lavadora Volt 920,21,262.87,true
9642,SKU-109641,Ar-condicionado Pratic 835,18,140.06,true
9643,SKU-109642,Televisor Nexa 909,21,592.49,true
9644,SKU-109643,Jogo Nordic 119,7,75.62,true
9645,SKU-109644,Fogão Nordic 721,9,499.35,true
9646,SKU-109645,Toalha Delta 791,17,488.83,true
9647,SKU-109646,Lençol Delta 881,9,715.51,true
9648,SKU-109647,Notebook Trilha 380,17,130.73,true
9649,SKU-109648,Notebook Saga 491,20,367.54,true
9650,SKU-109649,Halter Orbis 865,3,777.57,true
9651,SKU-109650,Monitor Lumix 210,3,618.41,true
9652,SKU-109651,Ar-condicionado Nexa 226,12,394.25,true
9653,SKU-109652,Halter Orbis 341,16,312.74,true
9654,SKU-109653,Toalha Nexa 950,20,178.21,true
9655,SKU-109654,Receiver Aurora 476,10,499.32,true
9656,SKU-109655,Ar-condicionado Pratic 193,16,933.64,true
9657,SKU-109656,Jogo Nexa 947,2,156.60,true
9658,SKU-109657,Esteira Kairo 441,2,303.84,true
9659,SKU-109658,Teclado Lumix 509,15,320.98,true
9660,SKU-109659,Lavadora Saga 239,20,354.75,true
9661,SKU-109660,Bicicleta Onix 883,18,658.82,true
9662,SKU-109661,Televisor Saga 690,15,442.80,true
9663,SKU-109662,Secadora Orbis 509,7,616.75,true
9664,SKU-109663,Televisor Kairo 602,18,165.00,false
9665,SKU-109664,Mouse Saga 653,17,587.65,true
9666,SKU-109665,Mouse Pratic 948,7,371.77,true
9667,SKU-109666,Capa Saga 997,18,328.23,true
9668,SKU-109667,Esteira Orbis 782,2,573.91,true
9669,SKU-109668,Receiver Orbis 568,13,1087.84,true
9670,SKU-109669,Notebook Astra 923,17,501.60,true
9671,SKU-109670,Cadeira Volt 393,9,161.50,true
9672,SKU-109671,Purificador Aurora 504,16,474.15,true
9673,SKU-109672,Smartwatch Volt 988,16,582.00,true
9674,SKU-109673,Televisor Onix 873,6,126.66,true
9675,SKU-109674,Smartwatch Pratic 889,6,154.88,true
9676,SKU-109675,Batedeira Pratic 824,5,300.70,true
9677,SKU-109676,Roteador Onix 738,2,279.19,true
9678,SKU-109677,Headset Astra 472,13,144.43,true
9679,SKU-109678,Ventilador Astra 626,17,167.72,true
9680,SKU-109679,Halter Kairo 720,9,146.92,true
9681,SKU-109680,Notebook Delta 180,16,156.65,true
9682,SKU-109681,Lavadora Zentro 467,21,497.41,true
9683,SKU-109682,Batedeira Vertex 965,16,550.27,true
9684,SKU-109683,Purificador Primo 684,15,1390.93,true
9685,SKU-109684,Fogão Veloce 265,2,110.79,true
9686,SKU-109685,Fonte Brava 168,20,291.16,true
9687,SKU-109686,Smartwatch Kubo 721,9,667.61,true
9688,SKU-109687,Impressora Trilha 112,2,187.08,true
9689,SKU-109688,Mouse Aurora 341,5,529.01,true
9690,SKU-109689,Estante Trilha 186,5,508.45,true
9691,SKU-109690,Halter Kairo 678,10,169.95,true
9692,SKU-109691,Receiver Onix 772,6,150.03,true
9693,SKU-109692,Batedeira Mirante 933,16,252.01,true
9694,SKU-109693,Mesa Veloce 438,21,840.67,true
9695,SKU-109694,Esteira Saga 445,10,273.38,true
9696,SKU-109695,Toalha Delta 551,15,91.14,true
9697,SKU-109696,Cadeira Kairo 731,10,1156.88,true
9698,SKU-109697,Geladeira Volt 381,21,1077.86,true
9699,SKU-109698,Notebook Kubo 268,6,471.37,true
9700,SKU-109699,Headphone Zentro 313,7,499.24,true
9701,SKU-109700,Micro-ondas Onix 609,18,72.90,true
9702,SKU-109701,Parafusadeira Astra 911,3,611.75,true
9703,SKU-109702,Fogão Pratic 687,20,266.40,true
9704,SKU-109703,Desktop Kubo 438,21,374.34,true
9705,SKU-109704,Jogo Trilha 801,18,723.60,true
9706,SKU-109705,Impressora Brava 650,13,241.77,true
9707,SKU-109706,Headphone Mirante 885,6,194.17,true
9708,SKU-109707,Jogo Pratic 186,10,385.90,true
9709,SKU-109708,Cooler Mirante 630,12,616.99,false
9710,SKU-109709,Capa Astra 726,17,488.83,true
9711,SKU-109710,Soundbar Onix 382,2,788.16,true
9712,SKU-109711,Purificador Vertex 113,9,496.17,true
9713,SKU-109712,Televisor Nexa 294,2,195.71,true
9714,SKU-109713,Sofá Nexa 490,12,175.43,true
9715,SKU-109714,Mesa Brava 162,7,640.75,true
9716,SKU-109715,Headset Brava 333,15,250.26,true
9717,SKU-109716,Colchão Brava 524,5,121.44,true
9718,SKU-109717,Toalha Brava 389,15,327.27,true
9719,SKU-109718,Mesa Brava 753,7,348.96,true
9720,SKU-109719,Mouse Nexa 615,16,2596.20,true
9721,SKU-109720,Liquidificador Volt 804,9,1196.72,true
9722,SKU-109721,Fone Nexa 410,2,371.30,true
9723,SKU-109722,Cafeteira Kairo 100,3,506.52,true
9724,SKU-109723,Estante Volt 163,20,133.65,true
9725,SKU-109724,Ar-condicionado Nordic 936,20,541.78,true
9726,SKU-109725,Soundbar Trilha 786,13,124.96,true
9727,SKU-109726,Toalha Onix 983,12,678.58,true
9728,SKU-109727,Ar-condicionado Nexa 405,16,247.19,true
9729,SKU-109728,Headset Vertex 186,20,307.53,true
9730,SKU-109729,Smartwatch Volt 961,7,325.96,false
9731,SKU-109730,Halter Delta 924,17,755.87,true
9732,SKU-109731,Controle Primo 632,3,402.77,false
9733,SKU-109732,Geladeira Nordic 188,5,559.25,true
9734,SKU-109733,Controle Nexa 492,10,284.06,true
9735,SKU-109734,Receiver Zentro 260,12,257.72,true
9736,SKU-109735,Halter Onix 233,3,252.15,true
9737,SKU-109736,Estante Aurora 415,13,120.75,true
9738,SKU-109737,Esteira Brava 295,18,372.17,true
9739,SKU-109738,Parafusadeira Trilha 346,13,1050.29,true
9740,SKU-109739,Teclado Kairo 303,9,696.98,true
9741,SKU-109740,Secadora Aurora 486,9,235.10,true
9742,SKU-109741,Estante Saga 557,13,516.63,true
9743,SKU-109742,Lençol Nordic 992,3,938.58,true
9744,SKU-109743,Ar-condicionado Brava 325,10,307.68,false
9745,SKU-109744,Cadeira Brava 663,6,509.29,false
9746,SKU-109745,Fonte Aurora 666,9,845.38,true
9747,SKU-109746,Geladeira Delta 236,21,192.65,true
9748,SKU-109747,Halter Zentro 133,3,675.87,true
9749,SKU-109748,Console Veloce 409,21,300.49,true
9750,SKU-109749,Lençol Zentro 477,17,728.21,true
9751,SKU-109750,Sofá Brava 224,15,261.93,true
9752,SKU-109751,Headset Delta 403,9,838.09,true
9753,SKU-109752,Smartphone Primo 170,16,556.22,false
9754,SKU-109753,Headset Onix 400,13,594.50,false
9755,SKU-109754,Jogo Nordic 600,3,337.09,true
9756,SKU-109755,Monitor Delta 235,21,336.75,true
9757,SKU-109756,Monitor Trilha 833,15,259.70,true
9758,SKU-109757,Micro-ondas Nexa 116,13,507.37,false
9759,SKU-109758,Receiver Primo 814,21,448.78,true
9760,SKU-109759,Console Onix 295,7,328.47,true
9761,SKU-109760,Purificador Primo 608,3,255.51,true
9762,SKU-109761,Headset Trilha 325,17,658.68,true
9763,SKU-109762,Cooler Primo 566,2,465.95,true
9764,SKU-109763,Fone Delta 942,12,609.81,true
9765,SKU-109764,Soundbar Lumix 203,7,190.46,true
9766,SKU-109765,Roteador Vertex 272,7,240.92,true
9767,SKU-109766,Lençol Saga 653,16,130.79,true
9768,SKU-109767,Fone Veloce 236,20,411.63,true
9769,SKU-109768,Capa Pratic 997,2,252.32,true
9770,SKU-109769,Memória Mirante 324,20,581.25,true
9771,SKU-109770,Purificador Mirante 585,6,71.10,true
9772,SKU-109771,Memória Mirante 574,20,132.87,true
9773,SKU-109772,Serra Delta 259,7,547.13,true
9774,SKU-109773,Soundbar Astra 280,3,270.63,true
9775,SKU-109774,Fonte Nordic 725,20,332.21,false
9776,SKU-109775,Micro-ondas Zentro 523,21,142.31,true
9777,SKU-109776,Sofá Pratic 506,15,360.98,true
9778,SKU-109777,Smartphone Lumix 228,10,698.65,true
9779,SKU-109778,Ar-condicionado Veloce 222,20,299.77,true
9780,SKU-109779,Smartphone Saga 622,2,403.49,true
9781,SKU-109780,Lavadora Pratic 500,5,494.31,true
9782,SKU-109781,Batedeira Zentro 334,12,821.00,true
9783,SKU-109782,Bicicleta Brava 285,9,240.79,true
9784,SKU-109783,Bicicleta Astra 333,12,428.33,true
9785,SKU-109784,Console Nordic 975,20,270.52,true
9786,SKU-109785,Desktop Trilha 829,5,219.16,true
9787,SKU-109786,Console Zentro 338,13,137.53,true
9788,SKU-109787,Cafeteira Aurora 715,16,839.10,true
9789,SKU-109788,Furadeira Brava 193,9,351.23,true
9790,SKU-109789,Secadora Aurora 275,7,210.67,true
9791,SKU-109790,Parafusadeira Zentro 838,2,996.35,true
9792,SKU-109791,Fonte Brava 862,16,207.06,true
9793,SKU-109792,Smartwatch Mirante 162,9,537.44,true
9794,SKU-109793,Fonte Volt 502,3,293.26,true
9795,SKU-109794,Smartphone Pratic 749,21,465.66,true
9796,SKU-109795,Halter Volt 430,5,894.01,true
9797,SKU-109796,SSD Aurora 650,2,433.61,true
9798,SKU-109797,Console Lumix 369,20,219.59,true
9799,SKU-109798,Sofá Veloce 770,5,670.13,true
9800,SKU-109799,Bicicleta Vertex 767,3,600.05,true
9801,SKU-109800,Capa Trilha 204,9,419.07,true
9802,SKU-109801,Serra Delta 561,10,816.87,true
9803,SKU-109802,Soundbar Orbis 499,18,578.13,true
9804,SKU-109803,Lavadora Nexa 659,3,630.71,true
9805,SKU-109804,Batedeira Veloce 458,18,64.56,true
9806,SKU-109805,Batedeira Mirante 117,17,164.48,false
9807,SKU-109806,Mesa Saga 850,16,92.94,true
9808,SKU-109807,Parafusadeira Zentro 850,5,344.45,true
9809,SKU-109808,Geladeira Nexa 985,17,167.48,true
9810,SKU-109809,Colchão Veloce 642,10,192.02,true
9811,SKU-109810,Headset Delta 484,2,224.28,true
9812,SKU-109811,Batedeira Primo 617,17,273.98,true
9813,SKU-109812,Lençol Onix 196,16,199.06,true
9814,SKU-109813,Receiver Orbis 631,15,266.21,true
9815,SKU-109814,Ar-condicionado Primo 395,15,506.15,true
9816,SKU-109815,Ar-condicionado Brava 905,15,108.36,true
9817,SKU-109816,Serra Zentro 521,7,397.64,true
9818,SKU-109817,Caixa Onix 327,18,620.94,true
9819,SKU-109818,Notebook Nordic 155,21,625.08,true
9820,SKU-109819,Mouse Primo 745,3,451.27,true
9821,SKU-109820,Liquidificador Vertex 483,6,495.25,true
9822,SKU-109821,SSD Zentro 104,7,255.66,true
9823,SKU-109822,Monitor Zentro 556,3,441.02,true
9824,SKU-109823,Capa Nordic 966,5,155.94,true
9825,SKU-109824,Controle Astra 472,12,217.34,true
9826,SKU-109825,Cooler Trilha 741,2,583.34,false
9827,SKU-109826,Mouse Nordic 849,2,293.94,false
9828,SKU-109827,Caixa Delta 617,15,265.74,true
9829,SKU-109828,Liquidificador Nordic 556,3,495.34,true
9830,SKU-109829,SSD Primo 108,21,89.65,true
9831,SKU-109830,Fogão Nexa 636,10,261.62,true
9832,SKU-109831,Ar-condicionado Pratic 402,13,251.29,true
9833,SKU-109832,Lavadora Onix 636,18,656.42,true
9834,SKU-109833,SSD Delta 645,13,605.42,true
9835,SKU-109834,Roteador Saga 511,18,363.95,true
9836,SKU-109835,Geladeira Brava 522,9,349.95,true
9837,SKU-109836,Headset Zentro 344,12,451.69,true
9838,SKU-109837,Halter Orbis 908,10,208.53,true
9839,SKU-109838,Estante Primo 807,17,543.96,true
9840,SKU-109839,Colchão Volt 735,6,371.62,true
9841,SKU-109840,Televisor Mirante 542,21,207.93,true
9842,SKU-109841,Roteador Pratic 726,16,235.74,true
9843,SKU-109842,Mouse Veloce 852,18,136.65,true
9844,SKU-109843,Toalha Delta 245,12,686.28,true
9845,SKU-109844,Televisor Brava 796,2,334.33,true
9846,SKU-109845,Fone Mirante 622,20,340.07,true
9847,SKU-109846,Carregador Zentro 229,17,207.84,true
9848,SKU-109847,Soundbar Nexa 826,13,443.05,true
9849,SKU-109848,Headset Orbis 165,13,429.23,true
9850,SKU-109849,Impressora Nordic 388,15,108.23,true
9851,SKU-109850,Monitor Nexa 301,12,579.02,true
9852,SKU-109851,Smartphone Lumix 324,6,200.43,true
9853,SKU-109852,Monitor Kairo 600,15,472.55,true
9854,SKU-109853,Fone Orbis 931,12,277.64,true
9855,SKU-109854,Esteira Brava 259,18,509.91,true
9856,SKU-109855,Fonte Trilha 197,10,703.89,true
9857,SKU-109856,Parafusadeira Saga 792,3,92.79,true
9858,SKU-109857,Mesa Vertex 125,13,283.30,true
9859,SKU-109858,Sofá Zentro 943,5,635.71,true
9860,SKU-109859,Toalha Mirante 289,21,325.06,true
9861,SKU-109860,Receiver Brava 888,6,467.14,true
9862,SKU-109861,Mesa Vertex 225,5,643.35,true
9863,SKU-109862,Lençol Astra 594,12,290.77,true
9864,SKU-109863,Esteira Vertex 110,2,374.61,true
9865,SKU-109864,Controle Delta 700,5,292.37,true
9866,SKU-109865,Console Nexa 339,13,250.79,true
9867,SKU-109866,Soundbar Brava 309,21,391.11,true
9868,SKU-109867,Serra Nordic 741,5,313.32,true
9869,SKU-109868,Capa Saga 941,16,423.91,true
9870,SKU-109869,Headset Delta 885,20,396.87,true
9871,SKU-109870,Headphone Kairo 381,15,165.00,true
9872,SKU-109871,Halter Volt 266,17,316.14,true
9873,SKU-109872,Serra Onix 771,15,337.11,true
9874,SKU-109873,Fogão Saga 433,3,210.26,true
9875,SKU-109874,Capa Pratic 665,17,455.62,true
9876,SKU-109875,Mouse Lumix 625,9,1353.43,true
9877,SKU-109876,SSD Volt 501,21,285.67,true
9878,SKU-109877,Parafusadeira Saga 328,15,112.52,true
9879,SKU-109878,Cadeira Vertex 844,6,685.17,true
9880,SKU-109879,Monitor Astra 641,3,298.28,true
9881,SKU-109880,Fogão Vertex 172,3,666.14,true
9882,SKU-109881,Fonte Astra 797,18,210.80,true
9883,SKU-109882,Batedeira Pratic 819,5,506.59,true
9884,SKU-109883,Secadora Pratic 713,21,380.31,true
9885,SKU-109884,Desktop Trilha 896,7,366.83,true
9886,SKU-109885,Micro-ondas Kairo 307,18,452.50,true
9887,SKU-109886,Furadeira Zentro 766,9,373.73,true
9888,SKU-109887,Fone Primo 933,20,129.27,true
9889,SKU-109888,Desktop Orbis 876,9,388.58,true
9890,SKU-109889,Ar-condicionado Orbis 329,7,170.42,true
9891,SKU-109890,Parafusadeira Lumix 922,12,827.89,true
9892,SKU-109891,Liquidificador Kairo 357,2,81.43,false
9893,SKU-109892,SSD Kairo 477,7,543.93,true
9894,SKU-109893,Console Delta 372,15,445.34,true
9895,SKU-109894,Ar-condicionado Delta 516,12,198.16,true
9896,SKU-109895,Smartphone Brava 996,5,267.34,true
9897,SKU-109896,Sofá Pratic 307,15,162.40,true
9898,SKU-109897,Secadora Kairo 375,10,376.32,true
9899,SKU-109898,Carregador Aurora 624,12,532.85,true
9900,SKU-109899,Mouse Orbis 227,10,183.55,true
9901,SKU-109900,Televisor Volt 437,3,916.14,true
9902,SKU-109901,Desktop Kairo 638,20,177.03,true
9903,SKU-109902,Geladeira Trilha 316,2,79.38,true
9904,SKU-109903,Secadora Delta 858,6,195.18,true
9905,SKU-109904,Toalha Zentro 297,9,434.18,true
9906,SKU-109905,Sofá Mirante 150,21,227.05,true
9907,SKU-109906,Headset Lumix 278,3,710.21,true
9908,SKU-109907,Mesa Astra 366,2,313.75,true
9909,SKU-109908,Capa Astra 707,5,343.15,true
9910,SKU-109909,Ventilador Veloce 673,6,184.99,true
9911,SKU-109910,Fonte Primo 788,5,255.10,true
9912,SKU-109911,Furadeira Nexa 113,18,141.97,true
9913,SKU-109912,SSD Onix 703,7,258.80,true
9914,SKU-109913,Jogo Aurora 651,16,342.56,true
9915,SKU-109914,Lençol Lumix 947,5,477.52,true
9916,SKU-109915,Mouse Aurora 972,21,320.59,true
9917,SKU-109916,Jogo Astra 201,16,131.39,true
9918,SKU-109917,Lavadora Nexa 213,6,473.99,true
9919,SKU-109918,Esteira Kubo 635,7,103.03,true
9920,SKU-109919,Carregador Brava 448,12,489.76,false
9921,SKU-109920,Console Nexa 197,2,1206.87,true
9922,SKU-109921,Soundbar Nordic 178,9,163.27,true
9923,SKU-109922,Toalha Zentro 504,3,561.49,true
9924,SKU-109923,Notebook Kairo 357,6,464.96,true
9925,SKU-109924,Ar-condicionado Delta 236,21,749.27,true
9926,SKU-109925,Mouse Mirante 212,6,337.95,true
9927,SKU-109926,Lençol Trilha 761,6,355.18,true
9928,SKU-109927,Serra Aurora 145,13,309.74,true
9929,SKU-109928,Soundbar Mirante 998,20,356.68,true
9930,SKU-109929,Bicicleta Aurora 714,3,298.18,true
9931,SKU-109930,Batedeira Veloce 648,10,725.62,true
9932,SKU-109931,Monitor Onix 921,15,878.60,true
9933,SKU-109932,Ventilador Veloce 886,6,739.90,true
9934,SKU-109933,Estante Orbis 971,7,717.85,true
9935,SKU-109934,Console Nexa 928,9,282.25,true
9936,SKU-109935,Halter Zentro 807,10,612.17,true
9937,SKU-109936,Cadeira Trilha 631,10,187.34,true
9938,SKU-109937,Aspirador Brava 931,18,382.68,true
9939,SKU-109938,Cooler Orbis 822,2,353.64,true
9940,SKU-109939,Fogão Veloce 731,18,1064.32,true
9941,SKU-109940,Lavadora Vertex 416,15,682.40,true
9942,SKU-109941,Parafusadeira Mirante 612,9,218.10,true
9943,SKU-109942,Purificador Aurora 528,10,566.70,true
9944,SKU-109943,Caixa Trilha 241,2,607.52,true
9945,SKU-109944,Console Lumix 874,7,272.50,true
9946,SKU-109945,Aspirador Trilha 284,16,1315.83,true
9947,SKU-109946,Serra Trilha 957,10,365.62,true
9948,SKU-109947,Smartwatch Saga 644,3,176.19,true
9949,SKU-109948,Sofá Mirante 656,20,375.34,true
9950,SKU-109949,Impressora Orbis 430,5,556.13,true
9951,SKU-109950,Fone Onix 910,16,670.03,true
9952,SKU-109951,Monitor Kairo 303,16,229.17,true
9953,SKU-109952,Smartphone Lumix 337,9,88.32,true
9954,SKU-109953,Smartphone Nexa 768,17,372.53,true
9955,SKU-109954,Carregador Nexa 253,5,369.92,true
9956,SKU-109955,Batedeira Lumix 309,5,367.97,true
9957,SKU-109956,Liquidificador Orbis 326,7,100.31,true
9958,SKU-109957,Smartphone Nordic 298,18,435.79,true
9959,SKU-109958,Carregador Mirante 264,15,503.39,true
9960,SKU-109959,Estante Delta 359,13,67.03,true
9961,SKU-109960,Controle Saga 645,17,242.90,true
9962,SKU-109961,Smartwatch Vertex 480,13,447.74,true
9963,SKU-109962,Impressora Nordic 417,3,599.71,false
9964,SKU-109963,Batedeira Vertex 843,12,1366.63,true
9965,SKU-109964,Mouse Volt 141,16,1713.06,true
9966,SKU-109965,Roteador Volt 471,9,133.82,true
9967,SKU-109966,Carregador Nexa 382,17,358.90,true
9968,SKU-109967,Capa Primo 580,10,523.25,true
9969,SKU-109968,Mesa Lumix 652,20,165.59,false
9970,SKU-109969,Ar-condicionado Pratic 320,16,316.97,true
9971,SKU-109970,Ventilador Kubo 511,21,530.55,true
9972,SKU-109971,Console Zentro 664,3,683.93,true
9973,SKU-109972,Cooler Aurora 974,6,544.43,true
9974,SKU-109973,Smartphone Zentro 746,7,518.07,true
9975,SKU-109974,Mesa Vertex 906,5,224.18,true
9976,SKU-109975,Cafeteira Saga 735,20,482.12,false
9977,SKU-109976,Serra Mirante 402,7,178.61,true
9978,SKU-109977,Fogão Mirante 888,21,142.00,true
9979,SKU-109978,Cooler Lumix 251,3,670.18,true
9980,SKU-109979,SSD Onix 684,21,155.53,false
9981,SKU-109980,Smartwatch Volt 723,3,635.12,true
9982,SKU-109981,Sofá Volt 741,13,59.51,true
9983,SKU-109982,Headphone Astra 948,21,143.89,false
9984,SKU-109983,Sofá Lumix 174,15,708.14,true
9985,SKU-109984,Desktop Onix 403,2,232.25,true
9986,SKU-109985,Liquidificador Vertex 315,16,431.16,true
9987,SKU-109986,Smartphone Saga 324,21,160.64,true
9988,SKU-109987,Lavadora Aurora 804,20,667.57,false
9989,SKU-109988,Furadeira Saga 699,5,444.46,true
9990,SKU-109989,Secadora Vertex 451,17,347.71,true
9991,SKU-109990,Monitor Pratic 850,15,523.05,true
9992,SKU-109991,Smartwatch Trilha 814,13,467.42,true
9993,SKU-109992,Capa Aurora 516,10,454.39,true
9994,SKU-109993,Fone Delta 604,15,330.93,true
9995,SKU-109994,Memória Veloce 723,18,726.36,true
9996,SKU-109995,Toalha Saga 905,10,526.03,true
9997,SKU-109996,Monitor Pratic 518,21,410.99,true
9998,SKU-109997,Jogo Onix 822,21,859.51,true
9999,SKU-109998,Smartwatch Nordic 786,12,483.33,true
10000,SKU-109999,Secadora Primo 317,9,217.55,true
10001,SKU-110000,Capa Brava 165,6,388.38,true
10002,SKU-110001,Ar-condicionado Aurora 754,7,602.89,false
10003,SKU-110002,Headset Trilha 945,10,494.82,true
10004,SKU-110003,Serra Volt 457,10,223.73,true
10005,SKU-110004,Cadeira Astra 976,15,896.25,true
10006,SKU-110005,Parafusadeira Mirante 458,20,561.59,true
10007,SKU-110006,Sofá Astra 373,20,100.03,true
10008,SKU-110007,Parafusadeira Saga 717,3,107.17,true
10009,SKU-110008,Jogo Zentro 854,16,229.11,true
10010,SKU-110009,Parafusadeira Trilha 768,2,123.01,true
10011,SKU-110010,Geladeira Nordic 220,18,398.26,true
10012,SKU-110011,Fonte Nordic 337,7,204.57,true
10013,SKU-110012,Capa Lumix 483,7,451.97,true
10014,SKU-110013,Receiver Pratic 900,2,186.50,true
10015,SKU-110014,Geladeira Orbis 126,17,407.12,true
10016,SKU-110015,Headphone Onix 657,7,599.93,true
10017,SKU-110016,Mouse Zentro 764,5,186.47,false
10018,SKU-110017,Monitor Pratic 795,13,324.12,true
10019,SKU-110018,Headphone Onix 436,9,156.95,true
10020,SKU-110019,Mesa Saga 924,10,867.86,true
10021,SKU-110020,Jogo Trilha 233,7,346.46,true
10022,SKU-110021,Cooler Nordic 708,21,197.09,true
10023,SKU-110022,Smartwatch Onix 429,17,396.31,false
10024,SKU-110023,Secadora Vertex 933,5,101.79,false
10025,SKU-110024,Fogão Onix 505,3,117.16,true
10026,SKU-110025,Parafusadeira Nordic 572,2,327.42,true
10027,SKU-110026,Lavadora Zentro 290,2,225.96,true
10028,SKU-110027,Cadeira Saga 977,13,309.52,true
10029,SKU-110028,Notebook Mirante 218,7,334.70,true
10030,SKU-110029,Controle Volt 591,9,694.98,true
10031,SKU-110030,Smartwatch Lumix 888,5,122.37,true
10032,SKU-110031,Carregador Primo 762,3,148.51,true
10033,SKU-110032,Micro-ondas Pratic 232,9,225.77,true
10034,SKU-110033,Headset Kairo 426,17,752.91,true
10035,SKU-110034,Batedeira Orbis 715,18,311.82,true
10036,SKU-110035,Monitor Primo 810,18,340.46,true
10037,SKU-110036,Estante Kairo 636,16,68.58,true
10038,SKU-110037,Geladeira Nexa 584,15,433.54,true
10039,SKU-110038,Soundbar Mirante 706,2,544.95,true
10040,SKU-110039,Roteador Zentro 931,13,706.67,true
10041,SKU-110040,Batedeira Volt 834,17,563.77,false
10042,SKU-110041,Ventilador Kubo 495,9,307.69,true
10043,SKU-110042,Teclado Lumix 150,13,1173.76,true
10044,SKU-110043,Notebook Lumix 281,2,220.35,true
10045,SKU-110044,Ventilador Kubo 785,15,307.60,true
10046,SKU-110045,Liquidificador Onix 183,7,433.78,true
10047,SKU-110046,Cafeteira Mirante 977,13,91.40,true
10048,SKU-110047,Teclado Pratic 921,18,962.45,true
10049,SKU-110048,Fogão Zentro 832,21,121.44,true
10050,SKU-110049,Smartphone Nexa 616,10,682.15,true
10051,SKU-110050,Mesa Onix 739,21,459.65,true
10052,SKU-110051,Liquidificador Kairo 791,2,429.35,true
10053,SKU-110052,Televisor Nexa 310,7,154.34,true
10054,SKU-110053,Toalha Delta 827,7,171.31,true
10055,SKU-110054,Lavadora Lumix 693,3,71.42,true
10056,SKU-110055,Smartphone Orbis 290,12,309.20,true
10057,SKU-110056,Televisor Nexa 295,7,370.29,true
10058,SKU-110057,Console Kubo 440,20,145.71,true
10059,SKU-110058,Halter Lumix 335,2,455.35,false
10060,SKU-110059,Headphone Lumix 661,2,939.54,true
10061,SKU-110060,Smartwatch Saga 397,17,376.02,true
10062,SKU-110061,Toalha Brava 770,5,409.35,true
10063,SKU-110062,Micro-ondas Astra 288,5,261.30,true
10064,SKU-110063,Notebook Lumix 857,2,493.26,true
10065,SKU-110064,Controle Mirante 520,15,375.86,true
10066,SKU-110065,Parafusadeira Aurora 521,9,61.63,true
10067,SKU-110066,Roteador Pratic 768,7,148.75,true
10068,SKU-110067,Jogo Saga 195,21,397.74,true
10069,SKU-110068,Smartphone Primo 946,15,586.32,true
10070,SKU-110069,Mouse Volt 128,2,687.74,true
10071,SKU-110070,Secadora Orbis 426,21,525.67,true
10072,SKU-110071,Capa Aurora 422,13,1074.71,true
10073,SKU-110072,Memória Pratic 247,2,360.29,true
10074,SKU-110073,Purificador Aurora 590,3,261.23,true
10075,SKU-110074,Carregador Astra 227,21,429.25,true
10076,SKU-110075,Furadeira Primo 258,7,191.08,true
10077,SKU-110076,Headset Astra 878,13,490.86,true
10078,SKU-110077,Impressora Nexa 651,20,273.25,true
10079,SKU-110078,Caixa Veloce 383,20,110.93,true
10080,SKU-110079,Lençol Astra 649,10,260.74,true
10081,SKU-110080,Aspirador Primo 948,13,450.67,true
10082,SKU-110081,Memória Trilha 364,17,234.19,true
10083,SKU-110082,Memória Astra 621,3,397.02,true
10084,SKU-110083,Jogo Nordic 501,16,469.41,false
10085,SKU-110084,Ar-condicionado Lumix 545,2,369.45,true
10086,SKU-110085,Colchão Veloce 534,6,269.29,true
10087,SKU-110086,Receiver Zentro 172,6,471.93,true
10088,SKU-110087,Controle Onix 189,6,82.54,true
10089,SKU-110088,Sofá Veloce 391,20,793.19,true
10090,SKU-110089,Cadeira Primo 875,15,311.23,true
10091,SKU-110090,Teclado Orbis 453,5,877.13,true
10092,SKU-110091,Console Astra 644,7,279.91,false
10093,SKU-110092,Televisor Nordic 993,2,753.07,true
10094,SKU-110093,Cooler Lumix 203,6,109.72,true
10095,SKU-110094,Televisor Onix 144,20,618.33,true
10096,SKU-110095,Headphone Brava 657,20,169.88,true
10097,SKU-110096,Console Trilha 111,16,344.02,true
10098,SKU-110097,Lavadora Delta 574,12,440.31,true
10099,SKU-110098,Esteira Primo 754,5,164.96,true
10100,SKU-110099,Headphone Saga 450,3,177.10,true
10101,SKU-110100,Ar-condicionado Kubo 959,3,436.62,true
10102,SKU-110101,Micro-ondas Onix 773,15,133.16,true
10103,SKU-110102,Lençol Lumix 729,5,205.39,true
10104,SKU-110103,Fone Trilha 863,3,1377.47,true
10105,SKU-110104,Mouse Delta 511,17,168.84,true
10106,SKU-110105,Fone Zentro 560,10,239.46,true
10107,SKU-110106,Desktop Pratic 151,9,162.31,true
10108,SKU-110107,Ventilador Lumix 195,13,720.58,false
10109,SKU-110108,SSD Mirante 296,16,1003.52,true
10110,SKU-110109,Lençol Brava 579,9,399.58,true
10111,SKU-110110,Sofá Aurora 925,5,259.24,true
10112,SKU-110111,Bicicleta Lumix 141,16,584.81,true
10113,SKU-110112,Batedeira Primo 654,3,245.13,true
10114,SKU-110113,Controle Lumix 774,5,261.29,true
10115,SKU-110114,Receiver Primo 776,18,451.84,true
10116,SKU-110115,Micro-ondas Primo 142,15,628.57,true
10117,SKU-110116,Receiver Kubo 863,12,1359.98,true
10118,SKU-110117,Capa Kubo 625,2,261.14,true
10119,SKU-110118,Batedeira Lumix 855,2,773.57,true
10120,SKU-110119,Fone Kubo 154,2,400.86,false
10121,SKU-110120,Headset Aurora 740,2,320.78,false
10122,SKU-110121,Smartwatch Onix 116,18,790.98,true
10123,SKU-110122,Headset Delta 373,2,678.32,true
10124,SKU-110123,Ventilador Aurora 223,20,157.20,true
10125,SKU-110124,Monitor Trilha 960,13,968.77,true
10126,SKU-110125,Notebook Pratic 965,2,138.13,true
10127,SKU-110126,Parafusadeira Zentro 127,7,487.25,true
10128,SKU-110127,Aspirador Onix 365,5,567.08,true
10129,SKU-110128,Batedeira Primo 645,5,173.15,true
10130,SKU-110129,Headphone Onix 860,2,798.80,true
10131,SKU-110130,Soundbar Aurora 501,5,225.77,true
10132,SKU-110131,Cafeteira Saga 229,3,522.34,true
10133,SKU-110132,Teclado Delta 172,3,306.37,true
10134,SKU-110133,Smartwatch Zentro 454,3,395.74,true
10135,SKU-110134,Soundbar Kairo 636,15,1312.31,false
10136,SKU-110135,Controle Kairo 947,10,715.67,true
10137,SKU-110136,Aspirador Veloce 448,10,206.20,false
10138,SKU-110137,Micro-ondas Primo 588,21,708.87,true
10139,SKU-110138,Toalha Vertex 467,21,67.64,true
10140,SKU-110139,Fogão Saga 622,20,138.63,true
10141,SKU-110140,Carregador Trilha 235,13,1008.70,true
10142,SKU-110141,Cooler Nexa 773,18,213.36,true
10143,SKU-110142,Smartphone Astra 546,18,305.94,true
10144,SKU-110143,Lençol Brava 470,10,358.06,true
10145,SKU-110144,Fogão Primo 168,5,548.07,false
10146,SKU-110145,Geladeira Zentro 694,20,309.78,true
10147,SKU-110146,Controle Nexa 596,5,621.51,true
10148,SKU-110147,Cafeteira Kubo 881,16,96.07,true
10149,SKU-110148,Caixa Kairo 859,2,211.95,true
10150,SKU-110149,Ar-condicionado Primo 587,7,510.30,true
10151,SKU-110150,Memória Orbis 641,17,98.33,true
10152,SKU-110151,Smartwatch Primo 816,6,294.05,true
10153,SKU-110152,Capa Nordic 209,3,734.24,true
10154,SKU-110153,Fone Delta 547,15,437.36,true
10155,SKU-110154,Mouse Kubo 168,3,665.88,true
10156,SKU-110155,Parafusadeira Lumix 914,2,147.39,true
10157,SKU-110156,Estante Lumix 978,6,514.03,true
10158,SKU-110157,Notebook Kairo 510,17,404.24,true
10159,SKU-110158,Controle Veloce 987,20,234.15,true
10160,SKU-110159,Headset Vertex 615,18,236.08,true
10161,SKU-110160,Secadora Pratic 925,12,149.68,true
10162,SKU-110161,Mouse Brava 838,9,1503.72,true
10163,SKU-110162,Batedeira Kairo 870,18,891.70,true
10164,SKU-110163,SSD Volt 633,10,144.82,true
10165,SKU-110164,Roteador Astra 475,7,344.60,true
10166,SKU-110165,Console Volt 986,6,520.16,true
10167,SKU-110166,Capa Lumix 528,20,124.58,true
10168,SKU-110167,Furadeira Astra 464,2,824.56,true
10169,SKU-110168,Secadora Lumix 381,21,283.75,true
10170,SKU-110169,Fonte Nordic 476,13,266.70,false
10171,SKU-110170,Fogão Orbis 473,10,333.03,true
10172,SKU-110171,Fone Zentro 535,7,453.64,true
10173,SKU-110172,Serra Nordic 865,15,62.54,true
10174,SKU-110173,Mesa Orbis 241,21,258.42,true
10175,SKU-110174,Ventilador Orbis 720,13,1050.65,true
10176,SKU-110175,Cooler Delta 872,3,464.86,true
10177,SKU-110176,Carregador Kairo 430,5,223.49,false
10178,SKU-110177,Sofá Onix 437,16,463.63,true
10179,SKU-110178,Colchão Nexa 104,6,608.43,true
10180,SKU-110179,Cadeira Nordic 930,17,376.69,true
10181,SKU-110180,Roteador Zentro 864,2,559.60,true
10182,SKU-110181,Notebook Delta 353,15,492.99,false
10183,SKU-110182,Smartwatch Delta 445,18,403.56,true
10184,SKU-110183,Teclado Orbis 994,16,277.78,true
10185,SKU-110184,Secadora Delta 875,9,301.09,false
10186,SKU-110185,Colchão Veloce 364,6,304.60,true
10187,SKU-110186,Jogo Saga 377,18,290.61,true
10188,SKU-110187,Headphone Saga 135,20,635.14,true
10189,SKU-110188,Toalha Veloce 695,6,775.43,true
10190,SKU-110189,Estante Brava 596,10,683.24,true
10191,SKU-110190,Furadeira Delta 191,6,932.66,true
10192,SKU-110191,Controle Pratic 190,13,128.04,true
10193,SKU-110192,Serra Nexa 837,17,276.96,true
10194,SKU-110193,Parafusadeira Zentro 855,5,646.65,true
10195,SKU-110194,Roteador Lumix 934,13,190.40,true
10196,SKU-110195,Carregador Pratic 138,17,337.50,true
10197,SKU-110196,Liquidificador Nordic 509,12,622.03,true
10198,SKU-110197,Jogo Vertex 655,9,815.48,true
10199,SKU-110198,Colchão Trilha 344,18,152.94,true
10200,SKU-110199,SSD Delta 829,5,321.87,true
10201,SKU-110200,Notebook Pratic 350,17,871.36,true
10202,SKU-110201,Notebook Zentro 660,7,490.32,true
10203,SKU-110202,Console Onix 887,2,484.40,true
10204,SKU-110203,Purificador Orbis 279,2,543.69,true
10205,SKU-110204,Caixa Onix 111,18,273.22,true
10206,SKU-110205,Smartwatch Trilha 685,5,1095.78,true
10207,SKU-110206,Carregador Trilha 281,9,323.89,true
10208,SKU-110207,Furadeira Aurora 689,9,213.92,false
10209,SKU-110208,Controle Trilha 763,2,869.79,true
10210,SKU-110209,Lençol Onix 199,6,208.03,true
10211,SKU-110210,Parafusadeira Aurora 807,21,256.77,true
10212,SKU-110211,Esteira Aurora 539,10,291.24,true
10213,SKU-110212,Monitor Veloce 320,17,519.59,true
10214,SKU-110213,Aspirador Pratic 527,18,293.90,true
10215,SKU-110214,Desktop Mirante 147,6,359.84,true
10216,SKU-110215,Caixa Kairo 708,6,1011.77,true
10217,SKU-110216,Serra Saga 845,21,288.35,true
10218,SKU-110217,Memória Vertex 720,2,694.10,true
10219,SKU-110218,Console Trilha 137,18,149.77,true
10220,SKU-110219,Aspirador Onix 533,2,819.38,true
10221,SKU-110220,Cooler Mirante 837,17,300.80,true
10222,SKU-110221,Esteira Pratic 505,15,189.79,true
10223,SKU-110222,Impressora Mirante 474,3,82.78,true
10224,SKU-110223,Micro-ondas Onix 792,15,519.87,true
10225,SKU-110224,Receiver Kubo 441,17,178.38,true
10226,SKU-110225,Teclado Nordic 257,7,114.43,true
10227,SKU-110226,Micro-ondas Volt 953,5,623.99,true
10228,SKU-110227,Liquidificador Zentro 553,9,261.07,true
10229,SKU-110228,Receiver Veloce 138,13,76.31,true
10230,SKU-110229,Jogo Pratic 561,2,1422.22,true
10231,SKU-110230,Teclado Veloce 313,16,387.53,true
10232,SKU-110231,Colchão Zentro 290,2,407.37,true
10233,SKU-110232,Jogo Delta 554,6,224.52,true
10234,SKU-110233,Halter Delta 409,15,463.96,false
10235,SKU-110234,Receiver Astra 580,18,667.76,true
10236,SKU-110235,SSD Brava 754,21,106.13,true
10237,SKU-110236,Soundbar Pratic 209,2,308.02,true
10238,SKU-110237,Mouse Vertex 793,18,233.89,true
10239,SKU-110238,Soundbar Aurora 444,21,344.26,true
10240,SKU-110239,Televisor Saga 734,3,578.60,true
10241,SKU-110240,Memória Onix 481,6,373.51,true
10242,SKU-110241,Memória Trilha 717,13,559.03,true
10243,SKU-110242,Televisor Veloce 375,3,337.84,false
10244,SKU-110243,Receiver Kairo 696,21,170.14,true
10245,SKU-110244,Aspirador Astra 767,17,617.51,true
10246,SKU-110245,Ventilador Pratic 290,6,555.68,true
10247,SKU-110246,Console Astra 589,12,204.28,true
10248,SKU-110247,Ar-condicionado Vertex 288,15,451.45,true
10249,SKU-110248,Memória Kairo 172,16,191.31,true
10250,SKU-110249,Liquidificador Brava 129,17,149.38,true
10251,SKU-110250,Cafeteira Astra 220,12,505.99,true
10252,SKU-110251,Secadora Kubo 700,12,490.92,true
10253,SKU-110252,Micro-ondas Pratic 892,20,1182.70,true
10254,SKU-110253,Caixa Aurora 525,7,149.26,true
10255,SKU-110254,Ventilador Pratic 562,20,299.61,true
10256,SKU-110255,Bicicleta Trilha 740,13,887.33,true
10257,SKU-110256,Serra Nordic 504,20,559.44,true
10258,SKU-110257,Micro-ondas Brava 771,9,80.04,true
10259,SKU-110258,Lençol Brava 948,3,303.90,true
10260,SKU-110259,Memória Saga 413,17,217.12,true
10261,SKU-110260,Headset Lumix 437,13,139.92,true
10262,SKU-110261,Memória Kairo 861,3,214.82,true
10263,SKU-110262,Sofá Zentro 290,7,600.76,true
10264,SKU-110263,Carregador Nexa 819,20,81.21,true
10265,SKU-110264,Roteador Aurora 379,9,1369.43,true
10266,SKU-110265,Estante Vertex 566,9,1664.69,true
10267,SKU-110266,Ar-condicionado Delta 843,13,692.82,true
10268,SKU-110267,Smartwatch Zentro 752,13,498.66,true
10269,SKU-110268,Receiver Mirante 772,3,313.39,true
10270,SKU-110269,Ar-condicionado Brava 613,7,587.43,true
10271,SKU-110270,Carregador Aurora 790,20,1227.41,false
10272,SKU-110271,Lavadora Orbis 258,10,488.21,true
10273,SKU-110272,Fogão Nordic 182,3,274.44,true
10274,SKU-110273,SSD Vertex 843,7,409.73,true
10275,SKU-110274,Aspirador Kubo 712,9,335.02,true
10276,SKU-110275,Monitor Mirante 239,20,216.95,true
10277,SKU-110276,Ar-condicionado Veloce 278,13,638.09,true
10278,SKU-110277,Carregador Nordic 611,5,506.16,true
10279,SKU-110278,Mesa Mirante 993,13,674.90,true
10280,SKU-110279,Colchão Primo 996,2,1040.13,true
10281,SKU-110280,Headset Astra 462,7,784.95,true
10282,SKU-110281,Controle Kubo 525,10,422.17,true
10283,SKU-110282,Fonte Primo 898,10,292.60,true
10284,SKU-110283,Esteira Onix 438,21,82.25,true
10285,SKU-110284,Purificador Brava 814,3,572.89,true
10286,SKU-110285,Lençol Orbis 148,5,360.22,true
10287,SKU-110286,Desktop Pratic 581,12,288.43,true
10288,SKU-110287,Headset Delta 263,2,241.08,true
10289,SKU-110288,Ar-condicionado Zentro 612,2,205.51,true
10290,SKU-110289,Console Saga 624,16,427.78,true
10291,SKU-110290,Desktop Kubo 327,5,347.58,true
10292,SKU-110291,Purificador Pratic 954,7,1314.91,true
10293,SKU-110292,Teclado Zentro 183,10,917.61,true
10294,SKU-110293,Geladeira Zentro 838,9,368.39,true
10295,SKU-110294,Notebook Veloce 704,13,537.67,true
10296,SKU-110295,Monitor Kubo 351,5,215.16,true
10297,SKU-110296,Carregador Aurora 437,17,259.35,true
10298,SKU-110297,Fone Aurora 150,10,57.88,true
10299,SKU-110298,Soundbar Pratic 620,15,663.49,true
10300,SKU-110299,Desktop Mirante 982,3,64.19,true
10301,SKU-110300,Geladeira Nordic 399,20,1368.65,true
10302,SKU-110301,Desktop Nordic 625,20,512.51,true
10303,SKU-110302,Jogo Mirante 508,20,486.44,true
10304,SKU-110303,Estante Onix 362,18,399.11,true
10305,SKU-110304,Console Nordic 185,2,433.14,true
10306,SKU-110305,Televisor Pratic 248,18,687.56,true
10307,SKU-110306,Televisor Nexa 382,20,168.66,true
10308,SKU-110307,Desktop Pratic 786,9,362.76,true
10309,SKU-110308,Serra Kubo 844,21,468.08,true
10310,SKU-110309,Batedeira Veloce 404,10,1147.51,true
10311,SKU-110310,Receiver Pratic 650,2,95.36,true
10312,SKU-110311,Televisor Onix 945,13,427.26,true
10313,SKU-110312,Sofá Brava 211,20,306.51,false
10314,SKU-110313,Monitor Aurora 651,20,220.58,true
10315,SKU-110314,Fonte Zentro 382,3,279.95,true
10316,SKU-110315,Lençol Mirante 262,16,371.92,true
10317,SKU-110316,Jogo Aurora 703,6,193.66,true
10318,SKU-110317,Headset Aurora 866,10,212.63,true
10319,SKU-110318,Batedeira Kairo 459,18,107.73,true
10320,SKU-110319,Colchão Zentro 784,2,174.50,true
10321,SKU-110320,Serra Mirante 276,15,414.32,true
10322,SKU-110321,Halter Zentro 121,7,275.62,true
10323,SKU-110322,Ventilador Orbis 730,21,202.75,true
10324,SKU-110323,Fogão Astra 230,9,398.82,false
10325,SKU-110324,Geladeira Pratic 511,7,289.62,true
10326,SKU-110325,Lençol Orbis 608,20,752.88,true
10327,SKU-110326,Televisor Brava 861,2,465.61,false
10328,SKU-110327,Capa Orbis 255,20,696.33,true
10329,SKU-110328,Ar-condicionado Vertex 790,21,364.83,true
10330,SKU-110329,Geladeira Orbis 131,12,436.26,true
10331,SKU-110330,Batedeira Kairo 410,15,386.58,true
10332,SKU-110331,Geladeira Mirante 481,21,257.13,true
10333,SKU-110332,Toalha Zentro 596,18,381.68,true
10334,SKU-110333,Aspirador Zentro 445,17,1230.44,true
10335,SKU-110334,Roteador Vertex 384,20,672.90,true
10336,SKU-110335,Roteador Saga 981,16,489.41,true
10337,SKU-110336,Geladeira Nordic 479,20,936.94,true
10338,SKU-110337,Desktop Orbis 515,17,300.65,true
10339,SKU-110338,Capa Mirante 518,3,504.61,true
10340,SKU-110339,Televisor Lumix 917,16,318.27,true
10341,SKU-110340,Desktop Primo 680,2,304.19,true
10342,SKU-110341,Capa Zentro 474,9,563.85,false
10343,SKU-110342,Capa Saga 316,15,431.35,false
10344,SKU-110343,Lavadora Vertex 440,21,214.43,true
10345,SKU-110344,Esteira Pratic 841,17,463.32,true
10346,SKU-110345,Smartwatch Brava 295,9,298.08,true
10347,SKU-110346,Secadora Nordic 417,9,568.85,true
10348,SKU-110347,Notebook Mirante 707,10,259.35,true
10349,SKU-110348,Ar-condicionado Mirante 566,18,688.83,true
10350,SKU-110349,Liquidificador Kubo 664,21,286.20,true
10351,SKU-110350,Purificador Nordic 723,16,266.19,true
10352,SKU-110351,Ventilador Brava 639,16,539.56,true
10353,SKU-110352,Ventilador Volt 755,10,186.59,true
10354,SKU-110353,Receiver Brava 573,17,238.94,true
10355,SKU-110354,Purificador Astra 133,16,474.76,true
10356,SKU-110355,Aspirador Volt 847,7,459.27,true
10357,SKU-110356,Roteador Astra 252,2,420.62,true
10358,SKU-110357,Controle Delta 201,9,293.99,true
10359,SKU-110358,Geladeira Saga 469,18,512.19,true
10360,SKU-110359,Headset Volt 708,16,255.27,false
10361,SKU-110360,Halter Brava 683,13,300.44,false
10362,SKU-110361,Jogo Kubo 951,3,193.84,true
10363,SKU-110362,Geladeira Vertex 937,16,159.29,true
10364,SKU-110363,Roteador Delta 997,5,268.58,true
10365,SKU-110364,Jogo Astra 625,21,359.24,true
10366,SKU-110365,Fogão Orbis 942,15,381.51,true
10367,SKU-110366,Micro-ondas Onix 492,16,161.08,true
10368,SKU-110367,Parafusadeira Vertex 712,3,768.59,true
10369,SKU-110368,Serra Delta 380,7,876.34,true
10370,SKU-110369,Receiver Astra 769,20,835.35,true
10371,SKU-110370,Ventilador Aurora 324,12,297.69,false
10372,SKU-110371,Notebook Primo 814,6,371.92,true
10373,SKU-110372,Estante Brava 130,9,729.53,true
10374,SKU-110373,Fonte Onix 143,18,360.99,true
10375,SKU-110374,Smartwatch Aurora 996,10,725.92,true
10376,SKU-110375,Receiver Primo 516,3,552.58,true
10377,SKU-110376,Parafusadeira Orbis 952,18,447.39,true
10378,SKU-110377,Liquidificador Trilha 982,15,354.45,true
10379,SKU-110378,Batedeira Nexa 345,20,369.00,true
10380,SKU-110379,Fonte Primo 144,2,103.48,true
10381,SKU-110380,Cafeteira Astra 548,12,273.36,true
10382,SKU-110381,Televisor Orbis 767,2,235.51,true
10383,SKU-110382,Headphone Zentro 655,12,1610.69,true
10384,SKU-110383,Halter Zentro 346,5,249.45,true
10385,SKU-110384,Cafeteira Pratic 547,6,476.88,true
10386,SKU-110385,Mouse Saga 818,6,516.43,true
10387,SKU-110386,Carregador Pratic 251,12,341.24,true
10388,SKU-110387,Lavadora Brava 635,12,849.96,true
10389,SKU-110388,Liquidificador Nexa 158,18,415.30,false
10390,SKU-110389,Lençol Brava 373,12,331.50,true
10391,SKU-110390,Halter Nordic 393,17,624.17,true
10392,SKU-110391,Micro-ondas Vertex 477,18,531.70,true
10393,SKU-110392,Desktop Mirante 744,9,343.01,true
10394,SKU-110393,Geladeira Primo 510,21,492.01,true
10395,SKU-110394,Bicicleta Aurora 551,17,524.91,true
10396,SKU-110395,Soundbar Onix 763,9,119.51,true
10397,SKU-110396,Cooler Aurora 114,7,502.89,true
10398,SKU-110397,Ventilador Nordic 571,3,199.89,true
10399,SKU-110398,Bicicleta Volt 203,17,1269.15,false
10400,SKU-110399,Roteador Lumix 311,12,494.37,true
10401,SKU-110400,Mesa Astra 412,2,181.32,true
10402,SKU-110401,SSD Nordic 438,18,422.56,true
10403,SKU-110402,Fogão Mirante 842,6,71.31,true
10404,SKU-110403,Capa Aurora 163,10,250.45,true
10405,SKU-110404,Receiver Astra 958,2,536.09,true
10406,SKU-110405,Aspirador Primo 362,5,222.69,true
10407,SKU-110406,Console Veloce 156,18,493.82,true
10408,SKU-110407,Notebook Aurora 768,17,1039.29,true
10409,SKU-110408,Notebook Saga 834,15,623.51,true
10410,SKU-110409,Impressora Orbis 356,21,412.23,true
10411,SKU-110410,Cadeira Nordic 438,18,490.93,true
10412,SKU-110411,Liquidificador Onix 384,15,645.64,true
10413,SKU-110412,Serra Lumix 422,7,957.26,true
10414,SKU-110413,Roteador Kubo 747,6,129.79,true
10415,SKU-110414,Console Delta 645,3,769.37,true
10416,SKU-110415,Controle Astra 648,15,94.08,true
10417,SKU-110416,Furadeira Nordic 776,13,502.63,true
10418,SKU-110417,Capa Vertex 636,3,372.72,true
10419,SKU-110418,Desktop Zentro 980,6,277.06,true
10420,SKU-110419,Jogo Aurora 472,9,189.60,true
10421,SKU-110420,Fogão Kubo 937,15,411.42,true
10422,SKU-110421,Notebook Kubo 680,15,500.84,true
10423,SKU-110422,Purificador Primo 254,20,90.15,true
10424,SKU-110423,Mouse Brava 908,20,439.46,true
10425,SKU-110424,Cadeira Saga 466,20,457.83,false
10426,SKU-110425,Caixa Aurora 674,13,256.19,true
10427,SKU-110426,Cooler Volt 124,9,216.63,true
10428,SKU-110427,Halter Pratic 474,17,584.44,false
10429,SKU-110428,Cadeira Vertex 962,12,277.59,true
10430,SKU-110429,Notebook Trilha 725,18,357.76,true
10431,SKU-110430,Geladeira Aurora 609,20,137.02,true
10432,SKU-110431,Headset Volt 998,10,207.11,true
10433,SKU-110432,Bicicleta Brava 873,12,330.77,true
10434,SKU-110433,Soundbar Lumix 341,16,559.69,true
10435,SKU-110434,Headset Delta 759,12,154.31,true
10436,SKU-110435,Notebook Onix 105,12,57.52,true
10437,SKU-110436,Geladeira Veloce 564,13,281.05,false
10438,SKU-110437,Micro-ondas Aurora 629,9,511.68,true
10439,SKU-110438,Lençol Vertex 901,13,939.86,true
10440,SKU-110439,Console Orbis 374,3,373.75,true
10441,SKU-110440,Parafusadeira Primo 682,2,748.26,true
10442,SKU-110441,Batedeira Orbis 142,15,309.86,true
10443,SKU-110442,Secadora Kairo 139,5,132.95,true
10444,SKU-110443,Liquidificador Pratic 372,6,388.81,false
10445,SKU-110444,Sofá Saga 595,21,696.60,true
10446,SKU-110445,Lavadora Volt 955,9,725.90,true
10447,SKU-110446,Secadora Delta 385,6,620.20,true
10448,SKU-110447,Secadora Lumix 627,16,1073.95,true
10449,SKU-110448,Parafusadeira Kairo 175,10,268.53,true
10450,SKU-110449,Cooler Lumix 869,5,1010.23,true
10451,SKU-110450,Receiver Brava 787,6,758.58,true
10452,SKU-110451,Mesa Primo 346,3,158.49,true
10453,SKU-110452,Cooler Aurora 998,17,541.58,true
10454,SKU-110453,Receiver Volt 137,2,472.40,true
10455,SKU-110454,Notebook Astra 819,21,279.85,true
10456,SKU-110455,Headset Saga 942,6,421.61,true
10457,SKU-110456,Micro-ondas Kairo 852,9,310.20,true
10458,SKU-110457,Sofá Kubo 314,12,559.74,true
10459,SKU-110458,Ar-condicionado Nexa 640,7,470.54,true
10460,SKU-110459,Capa Orbis 130,20,970.57,true
10461,SKU-110460,Secadora Veloce 240,21,392.96,true
10462,SKU-110461,Soundbar Brava 946,6,506.52,true
10463,SKU-110462,Monitor Kairo 289,7,638.36,true
10464,SKU-110463,Fone Saga 828,6,588.85,true
10465,SKU-110464,Smartphone Mirante 721,7,114.94,true
10466,SKU-110465,Sofá Lumix 608,15,174.26,true
10467,SKU-110466,Mouse Lumix 446,12,313.45,true
10468,SKU-110467,Jogo Pratic 492,10,328.35,true
10469,SKU-110468,Serra Orbis 690,20,496.58,true
10470,SKU-110469,Capa Primo 184,9,205.67,true
10471,SKU-110470,Cafeteira Primo 947,10,968.46,true
10472,SKU-110471,Furadeira Mirante 132,9,121.34,true
10473,SKU-110472,Soundbar Kairo 349,13,414.62,true
10474,SKU-110473,Monitor Vertex 958,10,372.18,true
10475,SKU-110474,Cooler Nexa 122,9,443.29,true
10476,SKU-110475,Geladeira Kairo 659,2,648.23,true
10477,SKU-110476,Fogão Astra 238,12,277.13,true
10478,SKU-110477,Desktop Primo 314,16,662.12,true
10479,SKU-110478,Cafeteira Lumix 962,13,209.27,true
10480,SKU-110479,Cooler Nordic 131,5,328.86,true
10481,SKU-110480,Serra Primo 806,13,1038.34,true
10482,SKU-110481,Cooler Nexa 560,13,746.93,true
10483,SKU-110482,Cooler Nexa 764,2,174.35,true
10484,SKU-110483,Secadora Zentro 505,17,303.79,true
10485,SKU-110484,Furadeira Pratic 338,21,224.41,true
10486,SKU-110485,Bicicleta Nexa 146,16,611.03,true
10487,SKU-110486,Receiver Saga 736,9,344.09,true
10488,SKU-110487,Sofá Aurora 248,20,319.65,true
10489,SKU-110488,Receiver Aurora 509,2,235.24,true
10490,SKU-110489,Roteador Vertex 705,15,272.50,true
10491,SKU-110490,Micro-ondas Kubo 893,7,161.78,true
10492,SKU-110491,Smartphone Brava 384,9,271.96,true
10493,SKU-110492,Fonte Brava 278,12,109.30,true
10494,SKU-110493,Lavadora Aurora 681,9,152.89,true
10495,SKU-110494,Console Nordic 209,10,293.96,true
10496,SKU-110495,Televisor Saga 840,2,218.45,true
10497,SKU-110496,Monitor Vertex 544,15,278.99,true
10498,SKU-110497,Aspirador Delta 224,13,309.50,true
10499,SKU-110498,Serra Volt 360,15,83.40,true
10500,SKU-110499,Televisor Astra 211,16,128.04,true
10501,SKU-110500,Roteador Vertex 326,12,729.08,true
10502,SKU-110501,Headphone Delta 392,2,778.29,true
10503,SKU-110502,SSD Volt 374,16,327.52,false
10504,SKU-110503,Estante Delta 172,15,121.58,true
10505,SKU-110504,Headphone Primo 824,17,110.73,true
10506,SKU-110505,Fogão Nexa 259,15,194.01,true
10507,SKU-110506,Memória Orbis 223,12,190.03,true
10508,SKU-110507,Controle Zentro 331,12,464.56,true
10509,SKU-110508,Aspirador Mirante 659,3,1186.66,true
10510,SKU-110509,Headset Brava 367,20,184.24,true
10511,SKU-110510,Ar-condicionado Kubo 427,15,238.21,true
10512,SKU-110511,Micro-ondas Kairo 241,15,187.59,true
10513,SKU-110512,SSD Volt 978,18,615.99,false
10514,SKU-110513,Liquidificador Veloce 989,7,628.94,true
10515,SKU-110514,Fogão Saga 979,7,495.65,true
10516,SKU-110515,Esteira Veloce 465,2,900.57,true
10517,SKU-110516,Impressora Saga 249,21,259.84,true
10518,SKU-110517,Console Aurora 372,5,227.03,true
10519,SKU-110518,Monitor Pratic 993,15,235.51,true
10520,SKU-110519,Esteira Brava 325,16,265.72,true
10521,SKU-110520,Cadeira Onix 284,20,139.15,true
10522,SKU-110521,Receiver Primo 911,9,286.11,true
10523,SKU-110522,Toalha Vertex 177,3,515.35,true
10524,SKU-110523,Micro-ondas Aurora 145,15,659.94,true
10525,SKU-110524,Sofá Nexa 485,2,428.32,true
10526,SKU-110525,Cadeira Delta 859,17,987.66,true
10527,SKU-110526,Soundbar Aurora 718,12,270.30,true
10528,SKU-110527,Console Astra 502,10,342.36,true
10529,SKU-110528,Cafeteira Zentro 274,5,342.52,true
10530,SKU-110529,Geladeira Delta 783,16,497.71,true
10531,SKU-110530,Jogo Saga 105,10,485.78,true
10532,SKU-110531,Aspirador Delta 486,21,167.99,true
10533,SKU-110532,Impressora Onix 414,18,208.02,true
10534,SKU-110533,Jogo Primo 844,2,164.98,true
10535,SKU-110534,Caixa Aurora 320,6,497.90,true
10536,SKU-110535,Soundbar Delta 395,5,684.98,true
10537,SKU-110536,SSD Trilha 204,16,366.74,true
10538,SKU-110537,Soundbar Saga 668,21,265.04,true
10539,SKU-110538,Toalha Nordic 822,9,84.46,true
10540,SKU-110539,Roteador Mirante 605,20,379.25,true
10541,SKU-110540,Roteador Astra 808,15,288.65,true
10542,SKU-110541,Headphone Vertex 463,12,546.03,true
10543,SKU-110542,SSD Nordic 931,17,166.45,true
10544,SKU-110543,Mesa Veloce 698,6,276.89,true
10545,SKU-110544,Console Pratic 873,2,364.56,false
10546,SKU-110545,Fone Nexa 302,5,603.47,true
10547,SKU-110546,Ventilador Trilha 145,18,746.63,true
10548,SKU-110547,Smartwatch Saga 136,7,331.93,true
10549,SKU-110548,Controle Saga 881,16,141.54,false
10550,SKU-110549,Console Kairo 172,12,288.59,true
10551,SKU-110550,Smartwatch Brava 433,10,665.49,false
10552,SKU-110551,Bicicleta Pratic 942,7,675.54,true
10553,SKU-110552,Fonte Orbis 267,13,893.19,true
10554,SKU-110553,Capa Lumix 486,20,295.56,false
10555,SKU-110554,Lavadora Saga 760,20,320.29,true
10556,SKU-110555,Notebook Kubo 584,21,594.83,true
10557,SKU-110556,Carregador Saga 241,21,382.53,true
10558,SKU-110557,Desktop Veloce 871,9,418.82,true
10559,SKU-110558,Roteador Veloce 934,2,627.29,true
10560,SKU-110559,Parafusadeira Zentro 266,5,344.13,true
10561,SKU-110560,Notebook Kairo 615,2,244.81,true
10562,SKU-110561,Batedeira Brava 807,18,413.15,true
10563,SKU-110562,Headset Delta 666,2,458.51,true
10564,SKU-110563,Jogo Volt 289,21,351.77,true
10565,SKU-110564,Aspirador Trilha 856,2,541.30,true
10566,SKU-110565,Estante Mirante 647,13,790.87,false
10567,SKU-110566,Caixa Nexa 834,13,511.19,false
10568,SKU-110567,Receiver Astra 921,17,556.62,true
10569,SKU-110568,Notebook Primo 819,10,364.34,true
10570,SKU-110569,Smartwatch Astra 226,18,319.73,true
10571,SKU-110570,Aspirador Aurora 100,13,368.95,true
10572,SKU-110571,Lençol Vertex 505,3,401.00,true
10573,SKU-110572,Fogão Veloce 830,18,512.70,true
10574,SKU-110573,Cooler Brava 979,2,323.18,true
10575,SKU-110574,SSD Brava 581,3,109.61,true
10576,SKU-110575,Furadeira Volt 761,5,473.45,true
10577,SKU-110576,Parafusadeira Brava 863,20,560.54,true
10578,SKU-110577,Desktop Pratic 137,7,248.21,true
10579,SKU-110578,Fone Kairo 811,2,199.32,true
10580,SKU-110579,Smartwatch Veloce 829,13,669.36,true
10581,SKU-110580,Console Kubo 851,16,330.33,true
10582,SKU-110581,Televisor Brava 923,6,459.44,true
10583,SKU-110582,Caixa Vertex 798,16,699.68,true
10584,SKU-110583,Memória Astra 425,20,486.04,true
10585,SKU-110584,Mouse Kubo 227,10,83.80,true
10586,SKU-110585,Fone Kubo 804,6,1214.69,true
10587,SKU-110586,Headphone Kubo 178,6,430.62,true
10588,SKU-110587,Serra Brava 337,12,572.06,true
10589,SKU-110588,SSD Nordic 335,16,271.42,true
10590,SKU-110589,Fonte Delta 763,13,569.14,true
10591,SKU-110590,Capa Pratic 962,2,434.02,true
10592,SKU-110591,Smartphone Aurora 344,3,398.31,true
10593,SKU-110592,Furadeira Lumix 200,9,819.01,true
10594,SKU-110593,Notebook Veloce 153,6,172.68,true
10595,SKU-110594,Desktop Primo 322,10,236.39,true
10596,SKU-110595,Headset Mirante 867,15,295.65,true
10597,SKU-110596,Esteira Primo 249,18,342.32,true
10598,SKU-110597,Esteira Kubo 848,9,479.34,true
10599,SKU-110598,Serra Primo 617,16,100.83,false
10600,SKU-110599,Roteador Brava 399,6,1153.98,false
10601,SKU-110600,Liquidificador Zentro 707,2,577.61,true
10602,SKU-110601,Purificador Volt 559,13,526.71,true
10603,SKU-110602,Esteira Kubo 436,18,240.91,false
10604,SKU-110603,Toalha Aurora 920,10,292.34,false
10605,SKU-110604,Fone Pratic 446,2,121.99,true
10606,SKU-110605,Toalha Orbis 714,15,2065.00,false
10607,SKU-110606,Console Nordic 823,10,645.95,true
10608,SKU-110607,SSD Mirante 375,2,265.98,true
10609,SKU-110608,Memória Vertex 509,12,183.30,false
10610,SKU-110609,Halter Astra 535,12,929.45,true
10611,SKU-110610,Console Astra 329,20,823.89,true
10612,SKU-110611,Controle Mirante 536,18,241.64,true
10613,SKU-110612,Receiver Delta 253,5,154.73,true
10614,SKU-110613,Teclado Kubo 730,21,423.33,true
10615,SKU-110614,Fogão Zentro 364,20,648.17,true
10616,SKU-110615,Smartwatch Volt 782,17,315.94,true
10617,SKU-110616,Fogão Astra 222,13,159.57,true
10618,SKU-110617,Impressora Delta 350,3,505.78,true
10619,SKU-110618,Roteador Delta 706,2,977.96,true
10620,SKU-110619,Ar-condicionado Nordic 430,5,654.99,true
10621,SKU-110620,Notebook Mirante 216,21,268.70,true
10622,SKU-110621,Batedeira Brava 335,20,266.91,true
10623,SKU-110622,Memória Kubo 897,2,296.71,true
10624,SKU-110623,Jogo Saga 972,5,268.55,true
10625,SKU-110624,Secadora Veloce 114,17,171.32,false
10626,SKU-110625,Impressora Veloce 778,13,471.24,true
10627,SKU-110626,SSD Mirante 654,15,644.32,true
10628,SKU-110627,Fonte Vertex 925,7,415.21,true
10629,SKU-110628,Aspirador Astra 516,5,147.58,true
10630,SKU-110629,Caixa Kairo 113,10,515.44,true
10631,SKU-110630,Cafeteira Kubo 868,18,588.10,true
10632,SKU-110631,Notebook Volt 121,16,233.97,true
10633,SKU-110632,Esteira Volt 663,12,816.43,true
10634,SKU-110633,Cooler Primo 823,21,82.72,true
10635,SKU-110634,Liquidificador Zentro 247,3,141.89,true
10636,SKU-110635,Esteira Kubo 187,5,146.50,true
10637,SKU-110636,Batedeira Vertex 300,3,441.96,true
10638,SKU-110637,Bicicleta Nordic 615,20,108.73,false
10639,SKU-110638,Batedeira Orbis 840,16,640.01,true
10640,SKU-110639,Headset Kairo 780,6,410.31,true
10641,SKU-110640,Estante Delta 536,16,193.33,true
10642,SKU-110641,Geladeira Saga 412,18,396.53,true
10643,SKU-110642,Headset Nordic 801,10,254.58,true
10644,SKU-110643,Toalha Vertex 843,12,687.48,false
10645,SKU-110644,Ventilador Delta 755,10,300.35,true
10646,SKU-110645,Notebook Onix 286,7,828.03,true
10647,SKU-110646,Fogão Mirante 178,7,759.83,true
10648,SKU-110647,Soundbar Vertex 827,6,459.13,true
10649,SKU-110648,Capa Orbis 284,15,423.02,true
10650,SKU-110649,Ar-condicionado Volt 628,9,415.77,true
10651,SKU-110650,Televisor Brava 132,9,172.62,true
10652,SKU-110651,Notebook Saga 393,15,491.40,true
10653,SKU-110652,Cooler Kairo 201,20,342.98,true
10654,SKU-110653,Parafusadeira Orbis 279,5,724.20,true
10655,SKU-110654,Smartwatch Nordic 168,3,807.11,true
10656,SKU-110655,Halter Veloce 351,3,771.62,true
10657,SKU-110656,Fogão Aurora 103,2,456.36,true
10658,SKU-110657,Jogo Orbis 633,6,168.13,true
10659,SKU-110658,Geladeira Orbis 811,5,273.69,true
10660,SKU-110659,Headset Onix 167,12,295.47,true
10661,SKU-110660,Liquidificador Orbis 499,21,1139.82,true
10662,SKU-110661,Receiver Aurora 121,5,340.52,true
10663,SKU-110662,Esteira Aurora 499,17,446.11,true
10664,SKU-110663,Teclado Lumix 206,16,234.22,true
10665,SKU-110664,Desktop Veloce 890,10,778.79,true
10666,SKU-110665,Geladeira Orbis 363,5,176.54,true
10667,SKU-110666,Capa Kubo 537,16,348.38,false
10668,SKU-110667,Parafusadeira Aurora 618,21,153.38,true
10669,SKU-110668,Desktop Mirante 492,6,237.23,true
10670,SKU-110669,Desktop Vertex 983,16,675.16,true
10671,SKU-110670,Batedeira Volt 295,21,761.82,true
10672,SKU-110671,Soundbar Mirante 872,17,168.35,true
10673,SKU-110672,Soundbar Delta 619,2,244.15,true
10674,SKU-110673,Capa Primo 500,6,244.96,true
10675,SKU-110674,Serra Zentro 941,9,1623.66,true
10676,SKU-110675,Lavadora Nordic 613,20,299.51,true
10677,SKU-110676,Batedeira Vertex 390,3,412.05,true
10678,SKU-110677,Smartwatch Mirante 306,7,658.07,true
10679,SKU-110678,Colchão Zentro 248,7,446.35,true
10680,SKU-110679,Lavadora Kubo 843,10,185.59,false
10681,SKU-110680,Memória Onix 194,17,235.61,true
10682,SKU-110681,Receiver Trilha 233,21,309.56,true
10683,SKU-110682,Furadeira Pratic 244,2,183.69,true
10684,SKU-110683,Memória Aurora 169,18,310.97,true
10685,SKU-110684,Jogo Zentro 216,2,235.61,true
10686,SKU-110685,Cooler Aurora 861,20,95.80,true
10687,SKU-110686,Serra Veloce 936,13,89.26,true
10688,SKU-110687,Geladeira Orbis 422,15,292.03,true
10689,SKU-110688,Capa Onix 127,12,298.66,false
10690,SKU-110689,Roteador Delta 773,16,268.01,true
10691,SKU-110690,Monitor Saga 328,21,465.02,true
10692,SKU-110691,Monitor Veloce 970,9,79.44,true
10693,SKU-110692,Parafusadeira Orbis 555,9,357.56,true
10694,SKU-110693,Liquidificador Saga 162,6,1091.09,true
10695,SKU-110694,Headphone Vertex 692,15,314.41,false
10696,SKU-110695,Teclado Trilha 664,16,800.13,true
10697,SKU-110696,Serra Zentro 287,9,630.17,true
10698,SKU-110697,Geladeira Veloce 662,5,64.54,true
10699,SKU-110698,Serra Veloce 574,7,775.13,true
10700,SKU-110699,Lençol Veloce 913,12,295.29,true
10701,SKU-110700,Console Aurora 638,13,808.86,true
10702,SKU-110701,Micro-ondas Orbis 121,3,284.36,false
10703,SKU-110702,Secadora Lumix 521,17,141.63,true
10704,SKU-110703,Furadeira Pratic 223,15,1181.73,true
10705,SKU-110704,Carregador Veloce 564,6,191.99,true
10706,SKU-110705,Furadeira Onix 790,2,403.61,true
10707,SKU-110706,Micro-ondas Brava 603,7,472.00,true
10708,SKU-110707,Impressora Kubo 526,6,306.49,true
10709,SKU-110708,Toalha Primo 204,10,706.24,true
10710,SKU-110709,Notebook Aurora 739,9,214.14,true
10711,SKU-110710,Furadeira Volt 201,9,135.58,true
10712,SKU-110711,Roteador Primo 364,20,356.52,true
10713,SKU-110712,Parafusadeira Aurora 457,21,204.99,true
10714,SKU-110713,Sofá Vertex 658,6,290.76,true
10715,SKU-110714,Receiver Nordic 390,16,250.88,true
10716,SKU-110715,Caixa Orbis 245,13,696.31,true
10717,SKU-110716,Serra Nordic 977,18,575.93,true
10718,SKU-110717,Fogão Delta 601,20,418.59,true
10719,SKU-110718,Teclado Nordic 682,15,549.03,true
10720,SKU-110719,Ar-condicionado Aurora 198,5,228.97,true
10721,SKU-110720,Parafusadeira Onix 445,21,347.73,true
10722,SKU-110721,Desktop Kairo 298,18,312.41,true
10723,SKU-110722,Capa Onix 951,17,420.05,true
10724,SKU-110723,Receiver Veloce 516,21,269.66,false
10725,SKU-110724,Purificador Kairo 291,6,714.81,true
10726,SKU-110725,Monitor Saga 430,2,322.35,true
10727,SKU-110726,Lençol Vertex 757,18,565.02,true
10728,SKU-110727,Estante Lumix 667,15,475.64,true
10729,SKU-110728,Micro-ondas Primo 135,12,554.21,true
10730,SKU-110729,Smartphone Lumix 483,6,232.38,true
10731,SKU-110730,Cooler Nordic 826,18,584.29,true
10732,SKU-110731,Roteador Pratic 874,16,894.24,false
10733,SKU-110732,Toalha Kubo 604,20,193.72,true
10734,SKU-110733,Controle Vertex 425,21,570.60,true
10735,SKU-110734,Micro-ondas Brava 580,15,433.10,false
10736,SKU-110735,Parafusadeira Orbis 188,18,374.89,true
10737,SKU-110736,Ar-condicionado Aurora 716,17,440.62,true
10738,SKU-110737,Lençol Orbis 920,15,274.95,true
10739,SKU-110738,Purificador Trilha 288,20,459.78,true
10740,SKU-110739,Halter Kairo 683,6,251.82,true
10741,SKU-110740,Purificador Trilha 663,17,489.52,true
10742,SKU-110741,Televisor Pratic 462,2,710.40,true
10743,SKU-110742,Headphone Aurora 387,7,136.38,true
10744,SKU-110743,Sofá Astra 787,6,730.73,true
10745,SKU-110744,Teclado Aurora 720,15,167.75,true
10746,SKU-110745,Cafeteira Saga 635,15,212.04,true
10747,SKU-110746,Toalha Orbis 869,2,351.44,true
10748,SKU-110747,Headphone Primo 380,6,990.15,true
10749,SKU-110748,Fogão Vertex 270,7,385.70,true
10750,SKU-110749,Bicicleta Brava 190,9,176.72,true
10751,SKU-110750,Impressora Mirante 229,3,277.84,true
10752,SKU-110751,Furadeira Volt 569,3,577.61,true
10753,SKU-110752,Colchão Trilha 837,2,174.16,true
10754,SKU-110753,Bicicleta Aurora 662,5,282.24,true
10755,SKU-110754,Mesa Lumix 257,10,576.19,true
10756,SKU-110755,Cadeira Pratic 390,20,877.41,true
10757,SKU-110756,Aspirador Aurora 386,20,484.86,true
10758,SKU-110757,Headset Lumix 262,7,442.00,false
10759,SKU-110758,Cooler Onix 161,9,79.84,true
10760,SKU-110759,Lavadora Trilha 430,7,522.34,true
10761,SKU-110760,SSD Saga 682,16,256.46,false
10762,SKU-110761,Capa Kubo 443,6,690.10,true
10763,SKU-110762,Estante Lumix 160,20,164.97,false
10764,SKU-110763,Televisor Vertex 143,13,1705.57,true
10765,SKU-110764,Smartphone Pratic 899,13,216.98,true
10766,SKU-110765,Memória Trilha 378,21,242.79,true
10767,SKU-110766,Console Primo 460,12,163.47,true
10768,SKU-110767,Liquidificador Nexa 563,17,406.08,true
10769,SKU-110768,Headset Veloce 664,13,151.23,true
10770,SKU-110769,Colchão Astra 232,2,547.97,true
10771,SKU-110770,Estante Nexa 364,12,288.95,true
10772,SKU-110771,Estante Astra 732,12,530.22,true
10773,SKU-110772,Console Trilha 131,6,373.46,true
10774,SKU-110773,SSD Astra 583,9,248.11,true
10775,SKU-110774,Batedeira Onix 532,18,467.64,false
10776,SKU-110775,Esteira Aurora 500,3,162.58,true
10777,SKU-110776,Mesa Vertex 575,7,463.75,true
10778,SKU-110777,Serra Volt 277,2,245.29,true
10779,SKU-110778,Furadeira Onix 822,21,192.06,true
10780,SKU-110779,Headset Orbis 343,7,315.48,true
10781,SKU-110780,Parafusadeira Volt 939,6,382.95,true
10782,SKU-110781,Monitor Lumix 360,9,360.51,true
10783,SKU-110782,Cafeteira Brava 320,18,665.00,true
10784,SKU-110783,Console Kubo 686,5,245.90,true
10785,SKU-110784,Purificador Brava 522,10,632.08,true
10786,SKU-110785,Headset Onix 867,21,181.14,false
10787,SKU-110786,Smartwatch Lumix 406,9,401.06,true
10788,SKU-110787,Fogão Orbis 786,3,372.56,true
10789,SKU-110788,Cafeteira Mirante 797,21,891.51,true
10790,SKU-110789,Teclado Nordic 855,6,495.55,true
10791,SKU-110790,Serra Orbis 896,9,174.78,true
10792,SKU-110791,Desktop Zentro 292,12,435.68,true
10793,SKU-110792,Mouse Lumix 816,10,297.15,true
10794,SKU-110793,Roteador Kubo 138,12,300.96,false
10795,SKU-110794,Serra Brava 390,12,221.45,true
10796,SKU-110795,Televisor Kubo 571,17,912.44,true
10797,SKU-110796,Bicicleta Aurora 485,15,337.35,true
10798,SKU-110797,Desktop Lumix 995,13,243.44,true
10799,SKU-110798,Impressora Nexa 411,16,710.82,true
10800,SKU-110799,Capa Mirante 988,17,581.93,true
10801,SKU-110800,Micro-ondas Veloce 984,3,310.89,true
10802,SKU-110801,Ar-condicionado Primo 978,3,195.68,true
10803,SKU-110802,Memória Aurora 657,15,127.43,false
10804,SKU-110803,Roteador Mirante 609,7,195.78,true
10805,SKU-110804,Controle Vertex 203,21,438.57,true
10806,SKU-110805,Controle Kubo 789,20,434.31,true
10807,SKU-110806,Parafusadeira Orbis 785,13,394.89,true
10808,SKU-110807,Micro-ondas Lumix 702,21,171.43,true
10809,SKU-110808,Console Delta 688,16,248.30,false
10810,SKU-110809,Monitor Volt 762,20,661.94,true
10811,SKU-110810,Fone Kubo 275,16,793.16,true
10812,SKU-110811,Toalha Orbis 892,17,548.22,true
10813,SKU-110812,Liquidificador Primo 706,17,191.30,true
10814,SKU-110813,Geladeira Volt 809,6,472.09,true
10815,SKU-110814,Parafusadeira Delta 365,6,498.34,true
10816,SKU-110815,Impressora Delta 927,13,629.87,true
10817,SKU-110816,Ar-condicionado Onix 708,12,445.21,true
10818,SKU-110817,Smartphone Aurora 407,2,722.64,true
10819,SKU-110818,Televisor Veloce 224,16,479.48,true
10820,SKU-110819,Batedeira Aurora 645,12,389.39,true
10821,SKU-110820,Smartwatch Saga 578,7,252.31,true
10822,SKU-110821,Purificador Nexa 804,18,252.08,true
10823,SKU-110822,Serra Aurora 377,12,751.36,true
10824,SKU-110823,Receiver Zentro 495,3,1004.03,true
10825,SKU-110824,Liquidificador Kairo 569,5,483.32,true
10826,SKU-110825,Cadeira Trilha 119,12,257.83,true
10827,SKU-110826,Purificador Zentro 325,16,412.42,true
10828,SKU-110827,Cadeira Trilha 952,10,155.05,true
10829,SKU-110828,Esteira Kairo 538,10,196.82,true
10830,SKU-110829,Ventilador Saga 492,12,246.91,true
10831,SKU-110830,Lavadora Volt 894,21,530.73,true
10832,SKU-110831,Geladeira Volt 798,5,294.49,false
10833,SKU-110832,Ar-condicionado Onix 338,15,334.69,true
10834,SKU-110833,Receiver Pratic 132,16,561.97,true
10835,SKU-110834,Mesa Astra 602,15,691.91,true
10836,SKU-110835,Cadeira Orbis 657,12,608.43,true
10837,SKU-110836,Cooler Pratic 945,13,260.28,true
10838,SKU-110837,Receiver Nordic 481,21,197.25,true
10839,SKU-110838,Halter Astra 990,10,757.33,true
10840,SKU-110839,Mesa Volt 983,10,482.94,true
10841,SKU-110840,Esteira Pratic 393,21,280.24,true
10842,SKU-110841,Jogo Kubo 945,12,361.56,true
10843,SKU-110842,Desktop Mirante 484,20,780.12,true
10844,SKU-110843,Carregador Nexa 933,15,468.29,true
10845,SKU-110844,Smartphone Orbis 294,13,640.53,true
10846,SKU-110845,SSD Kubo 542,20,334.90,true
10847,SKU-110846,Impressora Volt 119,12,601.16,true
10848,SKU-110847,Roteador Brava 851,16,445.87,true
10849,SKU-110848,Halter Trilha 987,20,267.15,true
10850,SKU-110849,Serra Delta 466,5,309.53,true
10851,SKU-110850,Toalha Kubo 203,18,440.43,true
10852,SKU-110851,Impressora Aurora 677,13,389.07,true
10853,SKU-110852,Furadeira Onix 558,18,531.26,true
10854,SKU-110853,Geladeira Zentro 282,20,487.70,true
10855,SKU-110854,Monitor Lumix 593,5,138.20,true
10856,SKU-110855,Soundbar Trilha 107,3,106.93,true
10857,SKU-110856,Toalha Zentro 642,18,236.81,true
10858,SKU-110857,Ventilador Zentro 666,12,604.29,true
10859,SKU-110858,Headphone Onix 225,6,346.90,true
10860,SKU-110859,Smartwatch Nordic 548,13,153.20,true
10861,SKU-110860,Cafeteira Astra 190,9,176.35,true
10862,SKU-110861,Cadeira Delta 880,5,385.26,true
10863,SKU-110862,Receiver Lumix 381,20,250.06,true
10864,SKU-110863,Parafusadeira Kairo 422,20,404.00,true
10865,SKU-110864,Bicicleta Astra 156,9,626.38,true
10866,SKU-110865,Estante Veloce 153,7,188.50,true
10867,SKU-110866,Colchão Saga 759,2,549.56,false
10868,SKU-110867,Colchão Nexa 370,5,465.65,true
10869,SKU-110868,Colchão Delta 685,6,188.23,true
10870,SKU-110869,Smartphone Onix 282,21,490.72,true
10871,SKU-110870,Impressora Nexa 148,5,297.37,true
10872,SKU-110871,Televisor Kubo 584,2,216.03,true
10873,SKU-110872,Monitor Kubo 234,12,669.65,true
10874,SKU-110873,Fogão Trilha 501,21,576.77,true
10875,SKU-110874,Headset Orbis 872,13,517.70,true
10876,SKU-110875,Memória Saga 947,2,248.13,true
10877,SKU-110876,Controle Mirante 723,21,605.40,true
10878,SKU-110877,Geladeira Pratic 844,21,611.84,true
10879,SKU-110878,Cadeira Kubo 793,10,338.68,true
10880,SKU-110879,Notebook Lumix 864,10,218.27,true
10881,SKU-110880,Receiver Primo 945,17,1222.83,false
10882,SKU-110881,Furadeira Primo 405,13,590.34,true
10883,SKU-110882,Secadora Nexa 405,21,365.98,true
10884,SKU-110883,Cooler Onix 852,16,215.06,true
10885,SKU-110884,Toalha Trilha 240,2,792.61,true
10886,SKU-110885,Capa Vertex 271,12,103.83,true
10887,SKU-110886,Smartwatch Kubo 647,12,203.08,true
10888,SKU-110887,Serra Kubo 189,5,510.98,true
10889,SKU-110888,Lavadora Veloce 970,5,531.18,true
10890,SKU-110889,Smartwatch Trilha 812,16,206.38,true
10891,SKU-110890,SSD Veloce 240,2,473.03,true
10892,SKU-110891,Liquidificador Mirante 102,18,166.27,true
10893,SKU-110892,Capa Aurora 759,5,285.63,true
10894,SKU-110893,Sofá Saga 378,7,645.64,true
10895,SKU-110894,Smartwatch Kairo 820,15,174.62,true
10896,SKU-110895,Console Lumix 351,5,566.38,true
10897,SKU-110896,Fonte Delta 367,18,181.99,true
10898,SKU-110897,Controle Nexa 901,21,488.68,false
10899,SKU-110898,Teclado Trilha 361,6,318.26,true
10900,SKU-110899,Mesa Nexa 807,17,135.60,true
10901,SKU-110900,Mesa Mirante 611,2,800.67,true
10902,SKU-110901,Fogão Aurora 339,7,163.32,true
10903,SKU-110902,Fonte Veloce 198,13,524.13,true
10904,SKU-110903,Secadora Saga 530,2,181.71,true
10905,SKU-110904,Fonte Orbis 238,18,537.50,true
10906,SKU-110905,Soundbar Kairo 335,9,653.11,true
10907,SKU-110906,Televisor Kubo 839,18,104.10,true
10908,SKU-110907,Lavadora Orbis 854,15,365.09,true
10909,SKU-110908,Capa Kairo 506,7,956.67,true
10910,SKU-110909,Sofá Kubo 511,9,601.86,true
10911,SKU-110910,Televisor Saga 528,12,1164.56,true
10912,SKU-110911,Geladeira Nexa 183,9,293.07,true
10913,SKU-110912,Capa Mirante 807,13,459.75,true
10914,SKU-110913,Estante Volt 557,10,95.29,true
10915,SKU-110914,Estante Saga 872,2,337.49,true
10916,SKU-110915,Controle Veloce 545,13,541.90,true
10917,SKU-110916,Secadora Nordic 146,18,327.95,false
10918,SKU-110917,Smartphone Lumix 656,7,169.07,true
10919,SKU-110918,Fogão Kairo 752,17,736.84,true
10920,SKU-110919,Headset Trilha 275,15,92.15,true
10921,SKU-110920,Caixa Trilha 722,18,479.82,true
10922,SKU-110921,Serra Volt 422,3,526.72,true
10923,SKU-110922,Fone Brava 603,18,241.14,true
10924,SKU-110923,Soundbar Nordic 539,17,533.80,true
10925,SKU-110924,Carregador Onix 791,17,547.88,false
10926,SKU-110925,Fogão Kubo 918,3,1026.76,true
10927,SKU-110926,Furadeira Aurora 384,20,609.40,true
10928,SKU-110927,Televisor Vertex 350,20,150.98,true
10929,SKU-110928,Jogo Kubo 791,3,618.78,true
10930,SKU-110929,Colchão Trilha 419,9,946.20,true
10931,SKU-110930,Memória Mirante 173,17,678.23,true
10932,SKU-110931,Receiver Aurora 910,13,4311.60,true
10933,SKU-110932,SSD Astra 612,3,526.64,true
10934,SKU-110933,Serra Orbis 394,16,593.00,true
10935,SKU-110934,Toalha Vertex 181,16,242.09,true
10936,SKU-110935,Batedeira Pratic 567,18,623.06,true
10937,SKU-110936,Lavadora Veloce 138,10,162.06,true
10938,SKU-110937,Liquidificador Lumix 628,13,136.68,false
10939,SKU-110938,Fogão Nexa 772,16,199.02,false
10940,SKU-110939,Notebook Delta 952,12,1274.49,true
10941,SKU-110940,Headset Vertex 160,3,338.44,true
10942,SKU-110941,Parafusadeira Veloce 112,17,264.83,true
10943,SKU-110942,Furadeira Nexa 196,18,134.33,true
10944,SKU-110943,Lençol Veloce 703,12,366.79,true
10945,SKU-110944,Estante Trilha 465,15,398.26,false
10946,SKU-110945,Notebook Onix 540,16,907.73,true
10947,SKU-110946,Headset Aurora 523,3,800.43,true
10948,SKU-110947,Televisor Delta 996,17,301.64,true
10949,SKU-110948,Esteira Nexa 922,12,173.69,true
10950,SKU-110949,Headphone Nexa 147,18,214.84,true
10951,SKU-110950,Parafusadeira Aurora 602,9,1100.97,true
10952,SKU-110951,Batedeira Zentro 713,7,623.25,true
10953,SKU-110952,Furadeira Zentro 132,18,151.83,true
10954,SKU-110953,Serra Brava 692,16,315.12,true
10955,SKU-110954,Carregador Zentro 967,12,302.73,true
10956,SKU-110955,Toalha Lumix 369,9,208.45,true
10957,SKU-110956,Toalha Nexa 192,9,594.16,true
10958,SKU-110957,Cadeira Primo 320,12,216.91,true
10959,SKU-110958,Fogão Aurora 520,6,297.60,true
10960,SKU-110959,Desktop Kubo 887,9,759.39,true
10961,SKU-110960,Bicicleta Orbis 838,5,539.14,true
10962,SKU-110961,SSD Zentro 225,7,585.96,true
10963,SKU-110962,Esteira Nexa 317,15,180.58,true
10964,SKU-110963,Furadeira Pratic 349,12,785.80,true
10965,SKU-110964,Caixa Vertex 190,20,731.44,true
10966,SKU-110965,Cooler Astra 873,18,172.21,true
10967,SKU-110966,Cafeteira Kubo 667,21,807.36,true
10968,SKU-110967,Mesa Kubo 237,15,199.62,true
10969,SKU-110968,Ar-condicionado Trilha 929,3,674.17,true
10970,SKU-110969,Desktop Nexa 175,12,339.20,false
10971,SKU-110970,Televisor Vertex 753,5,347.73,false
10972,SKU-110971,Teclado Pratic 707,15,493.88,false
10973,SKU-110972,Fonte Astra 893,9,782.24,false
10974,SKU-110973,Furadeira Astra 799,17,971.36,true
10975,SKU-110974,Capa Kubo 310,18,695.97,true
10976,SKU-110975,Headphone Aurora 169,13,292.57,false
10977,SKU-110976,Mesa Vertex 209,3,372.88,true
10978,SKU-110977,Micro-ondas Kubo 676,2,345.15,true
10979,SKU-110978,Esteira Primo 561,5,291.95,true
10980,SKU-110979,Soundbar Kubo 320,13,195.64,true
10981,SKU-110980,Console Mirante 919,12,249.28,true
10982,SKU-110981,Desktop Primo 588,13,207.67,true
10983,SKU-110982,Aspirador Trilha 660,6,128.99,true
10984,SKU-110983,Jogo Saga 809,5,126.98,true
10985,SKU-110984,Estante Delta 774,9,153.91,true
10986,SKU-110985,Caixa Primo 810,10,762.50,true
10987,SKU-110986,Desktop Volt 408,9,264.93,true
10988,SKU-110987,Memória Astra 349,16,606.08,true
10989,SKU-110988,Teclado Pratic 208,12,160.90,true
10990,SKU-110989,Televisor Kubo 317,21,742.19,true
10991,SKU-110990,Jogo Vertex 785,9,127.49,true
10992,SKU-110991,Notebook Saga 190,15,614.24,true
10993,SKU-110992,Monitor Aurora 893,6,259.95,true
10994,SKU-110993,SSD Volt 687,6,224.57,true
10995,SKU-110994,Receiver Lumix 207,3,553.84,true
10996,SKU-110995,Controle Mirante 379,16,465.08,true
10997,SKU-110996,Geladeira Orbis 824,3,1015.55,true
10998,SKU-110997,Fogão Orbis 341,21,495.24,true
10999,SKU-110998,Mesa Kairo 651,18,356.92,true
11000,SKU-110999,Ar-condicionado Saga 328,15,114.25,true
11001,SKU-111000,Headphone Trilha 695,18,407.20,true
11002,SKU-111001,Controle Kubo 441,20,131.29,true
11003,SKU-111002,Soundbar Lumix 666,16,384.81,true
11004,SKU-111003,Parafusadeira Orbis 854,5,361.30,true
11005,SKU-111004,Serra Nordic 825,16,406.37,true
11006,SKU-111005,Televisor Delta 343,16,335.78,false
11007,SKU-111006,Carregador Trilha 796,20,1299.02,true
11008,SKU-111007,Notebook Brava 488,10,330.33,true
11009,SKU-111008,Soundbar Veloce 909,20,338.22,true
11010,SKU-111009,Teclado Primo 372,17,674.03,true
11011,SKU-111010,Fone Saga 132,3,601.48,true
11012,SKU-111011,Impressora Kairo 749,5,646.52,true
11013,SKU-111012,Lavadora Onix 976,21,234.63,true
11014,SKU-111013,Halter Mirante 326,6,219.95,true
11015,SKU-111014,Soundbar Veloce 153,9,305.24,true
11016,SKU-111015,Televisor Pratic 138,20,993.95,false
11017,SKU-111016,Controle Orbis 539,9,522.43,true
11018,SKU-111017,Colchão Pratic 232,7,394.88,false
11019,SKU-111018,Capa Saga 430,10,263.32,true
11020,SKU-111019,Notebook Volt 107,12,222.41,false
11021,SKU-111020,Impressora Brava 792,9,287.38,true
11022,SKU-111021,Notebook Trilha 884,20,309.61,true
11023,SKU-111022,Jogo Nexa 538,18,692.06,true
11024,SKU-111023,Headphone Mirante 426,10,131.87,true
11025,SKU-111024,Lençol Trilha 365,21,463.30,true
11026,SKU-111025,Colchão Kairo 796,12,438.28,true
11027,SKU-111026,Capa Kubo 653,12,249.39,false
11028,SKU-111027,Ar-condicionado Astra 994,12,627.82,true
11029,SKU-111028,Soundbar Trilha 269,6,323.59,true
11030,SKU-111029,Purificador Zentro 510,9,655.56,true
11031,SKU-111030,Cadeira Orbis 762,20,355.62,true
11032,SKU-111031,Lençol Nexa 175,6,285.01,true
11033,SKU-111032,Sofá Orbis 215,2,461.62,true
11034,SKU-111033,Fonte Kairo 323,7,932.46,true
11035,SKU-111034,Notebook Veloce 189,10,144.09,true
11036,SKU-111035,Televisor Onix 559,3,226.37,true
11037,SKU-111036,Halter Trilha 450,5,99.44,true
11038,SKU-111037,Monitor Nordic 928,5,1018.06,true
11039,SKU-111038,Fogão Lumix 913,17,643.76,true
11040,SKU-111039,Jogo Vertex 463,7,631.98,true
11041,SKU-111040,Monitor Zentro 872,18,288.98,true
11042,SKU-111041,Sofá Aurora 675,20,199.93,true
11043,SKU-111042,Desktop Volt 665,7,519.54,true
11044,SKU-111043,Mesa Aurora 413,17,997.73,true
11045,SKU-111044,Fone Volt 713,6,106.00,false
11046,SKU-111045,Headphone Pratic 881,13,104.67,false
11047,SKU-111046,Furadeira Aurora 427,3,1362.05,true
11048,SKU-111047,Memória Mirante 233,16,696.49,true
11049,SKU-111048,Estante Saga 764,17,1043.45,true
11050,SKU-111049,Receiver Kubo 757,5,402.01,false
11051,SKU-111050,Mesa Trilha 188,10,676.05,true
11052,SKU-111051,Memória Pratic 950,10,278.78,true
11053,SKU-111052,Purificador Onix 328,7,242.64,true
11054,SKU-111053,Desktop Pratic 557,10,348.10,true
11055,SKU-111054,Parafusadeira Astra 404,16,210.17,true
11056,SKU-111055,Mouse Nexa 875,10,480.53,false
11057,SKU-111056,Fonte Kubo 214,18,106.89,true
11058,SKU-111057,Lençol Nexa 818,20,195.34,true
11059,SKU-111058,Televisor Orbis 487,3,334.26,true
11060,SKU-111059,Controle Vertex 752,2,314.53,true
11061,SKU-111060,Cadeira Astra 577,2,660.09,true
11062,SKU-111061,Headphone Vertex 892,6,326.72,true
11063,SKU-111062,Colchão Delta 461,12,131.95,true
11064,SKU-111063,Colchão Zentro 583,15,855.60,true
11065,SKU-111064,Micro-ondas Kubo 780,12,281.59,true
11066,SKU-111065,Toalha Kairo 862,20,93.78,true
11067,SKU-111066,Estante Volt 568,17,357.63,false
11068,SKU-111067,Console Lumix 772,5,119.69,true
11069,SKU-111068,Toalha Mirante 160,12,135.55,true
11070,SKU-111069,Lavadora Aurora 125,18,234.52,true
11071,SKU-111070,Capa Delta 401,2,72.00,true
11072,SKU-111071,Mouse Veloce 894,18,656.62,true
11073,SKU-111072,Ar-condicionado Saga 560,20,200.81,true
11074,SKU-111073,Caixa Saga 557,7,432.18,true
11075,SKU-111074,Bicicleta Kairo 287,5,491.08,true
11076,SKU-111075,Mesa Nexa 911,7,106.51,true
11077,SKU-111076,Televisor Nexa 386,15,451.26,true
11078,SKU-111077,Serra Saga 983,13,326.47,true
11079,SKU-111078,Aspirador Kubo 440,16,703.20,true
11080,SKU-111079,Capa Veloce 105,21,154.00,true
11081,SKU-111080,Estante Lumix 793,13,1012.36,true
11082,SKU-111081,Roteador Saga 243,16,183.68,true
11083,SKU-111082,Caixa Nordic 877,12,495.26,true
11084,SKU-111083,SSD Lumix 168,10,284.27,true
11085,SKU-111084,Memória Nordic 204,21,972.22,true
11086,SKU-111085,Estante Brava 517,6,349.10,true
11087,SKU-111086,Liquidificador Nordic 550,5,482.08,true
11088,SKU-111087,Lençol Astra 785,18,110.20,true
11089,SKU-111088,Bicicleta Orbis 883,17,922.94,true
11090,SKU-111089,Impressora Kubo 928,2,530.01,true
11091,SKU-111090,Cadeira Zentro 725,16,584.96,true
11092,SKU-111091,Lavadora Primo 944,21,150.20,true
11093,SKU-111092,Smartphone Volt 854,12,553.06,true
11094,SKU-111093,Roteador Kairo 389,10,320.94,true
11095,SKU-111094,Ventilador Saga 349,2,136.25,true
11096,SKU-111095,Smartphone Delta 158,2,293.34,true
11097,SKU-111096,Fonte Saga 178,15,227.50,true
11098,SKU-111097,Fogão Orbis 432,13,296.43,true
11099,SKU-111098,Cooler Pratic 646,5,299.70,true
11100,SKU-111099,Ar-condicionado Zentro 612,17,319.31,false
11101,SKU-111100,Caixa Onix 501,2,152.91,true
11102,SKU-111101,Soundbar Veloce 418,2,303.28,true
11103,SKU-111102,Console Pratic 850,21,299.96,true
11104,SKU-111103,Cafeteira Saga 486,5,381.29,true
11105,SKU-111104,Headphone Volt 472,7,1073.85,true
11106,SKU-111105,Mesa Pratic 977,21,330.83,true
11107,SKU-111106,Televisor Brava 253,5,580.57,true
11108,SKU-111107,Carregador Brava 818,2,399.73,true
11109,SKU-111108,Bicicleta Trilha 310,17,275.73,true
11110,SKU-111109,Micro-ondas Saga 841,6,360.06,true
11111,SKU-111110,Cafeteira Delta 991,13,347.39,false
11112,SKU-111111,Cafeteira Astra 371,21,240.22,false
11113,SKU-111112,Cadeira Trilha 308,18,229.07,true
11114,SKU-111113,Fone Delta 140,15,439.17,true
11115,SKU-111114,Micro-ondas Onix 382,3,170.45,false
11116,SKU-111115,Jogo Mirante 268,10,1135.29,true
11117,SKU-111116,Cafeteira Nexa 401,18,361.52,true
11118,SKU-111117,Sofá Pratic 332,3,311.59,true
11119,SKU-111118,Roteador Mirante 398,3,127.43,true
11120,SKU-111119,Jogo Trilha 391,12,267.09,true
11121,SKU-111120,Smartwatch Astra 839,13,410.56,true
11122,SKU-111121,Sofá Kubo 968,12,192.21,true
11123,SKU-111122,Smartphone Orbis 818,15,203.21,true
11124,SKU-111123,Caixa Primo 827,2,267.55,true
11125,SKU-111124,Sofá Delta 990,7,585.31,true
11126,SKU-111125,Teclado Onix 822,5,209.34,true
11127,SKU-111126,Monitor Orbis 594,20,842.76,true
11128,SKU-111127,Toalha Trilha 927,13,501.59,true
11129,SKU-111128,Halter Pratic 292,21,459.44,true
11130,SKU-111129,Smartwatch Lumix 554,21,197.29,true
11131,SKU-111130,Bicicleta Lumix 428,3,302.58,true
11132,SKU-111131,Estante Kubo 369,2,260.78,true
11133,SKU-111132,Notebook Vertex 316,20,454.07,true
11134,SKU-111133,Ventilador Kairo 289,15,615.32,true
11135,SKU-111134,Receiver Zentro 651,17,102.93,true
11136,SKU-111135,Desktop Delta 871,10,245.43,true
11137,SKU-111136,Cafeteira Vertex 744,6,403.34,true
11138,SKU-111137,Toalha Veloce 447,21,270.30,true
11139,SKU-111138,SSD Orbis 221,15,981.58,true
11140,SKU-111139,Secadora Veloce 520,18,266.13,true
11141,SKU-111140,Notebook Brava 180,13,336.47,true
11142,SKU-111141,Roteador Delta 164,20,456.61,true
11143,SKU-111142,Fone Saga 538,15,658.54,true
11144,SKU-111143,Geladeira Brava 135,17,1349.30,true
11145,SKU-111144,Secadora Volt 378,6,336.79,true
11146,SKU-111145,Roteador Kairo 485,10,410.66,true
11147,SKU-111146,Memória Nordic 326,15,348.46,true
11148,SKU-111147,Lençol Saga 132,3,336.36,true
11149,SKU-111148,Cadeira Volt 849,10,296.75,true
11150,SKU-111149,Smartwatch Mirante 971,3,100.97,true
11151,SKU-111150,Estante Onix 575,13,758.37,true
11152,SKU-111151,Ventilador Aurora 568,7,207.55,true
11153,SKU-111152,Purificador Primo 918,6,347.73,true
11154,SKU-111153,Receiver Orbis 313,17,717.66,true
11155,SKU-111154,Estante Onix 825,6,371.45,true
11156,SKU-111155,Notebook Astra 167,12,634.98,true
11157,SKU-111156,Roteador Pratic 523,16,501.96,true
11158,SKU-111157,Cafeteira Astra 791,12,344.37,true
11159,SKU-111158,Liquidificador Astra 758,5,604.15,true
11160,SKU-111159,Lençol Aurora 660,16,270.97,true
11161,SKU-111160,Batedeira Kubo 668,3,244.32,false
11162,SKU-111161,Bicicleta Nordic 757,7,613.90,true
11163,SKU-111162,Carregador Kairo 172,3,723.72,true
11164,SKU-111163,Toalha Primo 810,6,257.66,true
11165,SKU-111164,Cafeteira Orbis 834,16,289.50,true
11166,SKU-111165,Ar-condicionado Nexa 386,16,328.64,true
11167,SKU-111166,Receiver Lumix 917,16,133.59,true
11168,SKU-111167,Cadeira Saga 843,16,201.33,true
11169,SKU-111168,Halter Kubo 444,21,416.06,true
11170,SKU-111169,Furadeira Aurora 647,2,631.03,true
11171,SKU-111170,Furadeira Aurora 462,7,418.45,true
11172,SKU-111171,Esteira Delta 525,20,744.08,true
11173,SKU-111172,Geladeira Veloce 219,13,847.50,false
11174,SKU-111173,Mesa Brava 102,10,122.32,true
11175,SKU-111174,Memória Volt 325,21,231.49,true
11176,SKU-111175,Halter Zentro 566,2,462.46,false
11177,SKU-111176,Impressora Delta 852,6,370.07,true
11178,SKU-111177,Mouse Orbis 903,6,546.62,true
11179,SKU-111178,Ar-condicionado Onix 396,7,149.31,true
11180,SKU-111179,Monitor Mirante 219,5,359.39,true
11181,SKU-111180,Lençol Nexa 737,5,277.15,true
11182,SKU-111181,Lavadora Astra 538,20,393.96,true
11183,SKU-111182,Colchão Aurora 945,12,73.55,true
11184,SKU-111183,Serra Brava 644,20,303.44,true
11185,SKU-111184,Receiver Vertex 513,16,473.98,true
11186,SKU-111185,Teclado Mirante 121,20,544.09,true
11187,SKU-111186,Impressora Saga 172,15,219.98,true
11188,SKU-111187,Teclado Mirante 851,20,269.01,true
11189,SKU-111188,Micro-ondas Astra 259,13,270.22,true
11190,SKU-111189,Batedeira Trilha 377,3,225.57,true
11191,SKU-111190,Esteira Nexa 468,7,691.34,false
11192,SKU-111191,Headphone Brava 394,7,566.82,true
11193,SKU-111192,Ar-condicionado Astra 613,7,668.55,true
11194,SKU-111193,SSD Mirante 821,20,1016.42,true
11195,SKU-111194,Soundbar Brava 936,6,666.48,true
11196,SKU-111195,Capa Brava 501,3,511.58,true
11197,SKU-111196,Esteira Pratic 743,3,254.08,true
11198,SKU-111197,Monitor Mirante 238,21,186.24,false
11199,SKU-111198,Mouse Trilha 294,18,1667.07,true
11200,SKU-111199,Micro-ondas Astra 242,16,118.36,true
11201,SKU-111200,Cafeteira Astra 683,12,300.38,true
11202,SKU-111201,Liquidificador Aurora 475,13,122.10,true
11203,SKU-111202,Televisor Delta 993,15,230.26,true
11204,SKU-111203,Fonte Volt 415,5,173.97,true
11205,SKU-111204,Secadora Kairo 844,20,282.42,true
11206,SKU-111205,Ar-condicionado Trilha 640,13,467.09,true
11207,SKU-111206,Mouse Volt 728,9,304.56,true
11208,SKU-111207,Notebook Veloce 684,2,166.52,true
11209,SKU-111208,Geladeira Pratic 846,7,243.46,true
11210,SKU-111209,Halter Orbis 354,17,136.36,true
11211,SKU-111210,Monitor Aurora 915,16,479.73,true
11212,SKU-111211,Headphone Nexa 244,15,371.67,true
11213,SKU-111212,Headset Zentro 536,13,821.32,true
11214,SKU-111213,Roteador Mirante 263,6,605.08,true
11215,SKU-111214,Desktop Brava 414,2,93.82,true
11216,SKU-111215,Parafusadeira Nexa 491,17,515.89,true
11217,SKU-111216,Geladeira Veloce 968,12,344.12,true
11218,SKU-111217,Lençol Onix 367,17,231.27,true
11219,SKU-111218,Fonte Veloce 665,9,256.11,false
11220,SKU-111219,Smartphone Nexa 533,7,151.52,true
11221,SKU-111220,SSD Astra 734,17,189.26,true
11222,SKU-111221,Cooler Nordic 733,3,368.23,true
11223,SKU-111222,Caixa Kubo 880,9,458.28,true
11224,SKU-111223,Secadora Veloce 109,3,169.33,true
11225,SKU-111224,Notebook Onix 911,12,144.67,true
11226,SKU-111225,Fonte Orbis 305,16,339.44,true
11227,SKU-111226,Ventilador Kairo 515,9,194.16,true
11228,SKU-111227,Smartphone Kairo 613,18,222.63,true
11229,SKU-111228,Memória Vertex 177,12,305.11,true
11230,SKU-111229,Halter Zentro 153,13,429.71,true
11231,SKU-111230,Jogo Lumix 429,20,395.35,true
11232,SKU-111231,Receiver Saga 432,5,734.39,true
11233,SKU-111232,Soundbar Mirante 905,18,239.58,true
11234,SKU-111233,Headphone Onix 514,21,70.16,true
11235,SKU-111234,Teclado Primo 749,16,342.15,true
11236,SKU-111235,Purificador Mirante 921,13,484.93,true
11237,SKU-111236,Jogo Onix 750,15,410.11,true
11238,SKU-111237,Impressora Primo 383,13,148.21,false
11239,SKU-111238,Console Brava 310,17,139.74,true
11240,SKU-111239,Desktop Astra 952,3,177.40,true
11241,SKU-111240,Serra Mirante 764,18,655.63,true
11242,SKU-111241,Caixa Brava 211,17,477.38,true
11243,SKU-111242,Lavadora Orbis 994,6,353.37,true
11244,SKU-111243,Esteira Delta 534,2,271.34,true
11245,SKU-111244,Esteira Onix 664,15,389.13,true
11246,SKU-111245,Memória Zentro 600,7,161.85,true
11247,SKU-111246,Televisor Vertex 107,10,533.74,true
11248,SKU-111247,Liquidificador Trilha 614,10,246.16,true
11249,SKU-111248,Console Pratic 181,13,404.05,true
11250,SKU-111249,Soundbar Nexa 485,9,194.15,true
11251,SKU-111250,Ar-condicionado Orbis 246,12,640.60,true
11252,SKU-111251,Monitor Primo 947,5,452.10,false
11253,SKU-111252,Cadeira Trilha 781,21,624.46,true
11254,SKU-111253,Impressora Kubo 645,6,482.62,true
11255,SKU-111254,SSD Nordic 102,13,752.36,true
11256,SKU-111255,Receiver Mirante 808,20,406.87,true
11257,SKU-111256,Cooler Brava 280,21,959.85,true
11258,SKU-111257,Cadeira Orbis 525,13,220.56,true
11259,SKU-111258,Liquidificador Mirante 786,6,442.91,true
11260,SKU-111259,Notebook Primo 531,3,313.19,true
11261,SKU-111260,Desktop Delta 433,17,608.75,true
11262,SKU-111261,Carregador Brava 730,2,179.27,true
11263,SKU-111262,Bicicleta Primo 382,18,370.74,true
11264,SKU-111263,Ar-condicionado Astra 520,12,467.91,true
11265,SKU-111264,Parafusadeira Astra 188,17,103.18,true
11266,SKU-111265,Serra Mirante 562,21,229.64,true
11267,SKU-111266,Toalha Volt 725,13,801.15,true
11268,SKU-111267,Fogão Brava 556,2,209.24,true
11269,SKU-111268,Colchão Vertex 741,6,344.30,true
11270,SKU-111269,Headphone Primo 670,21,126.99,true
11271,SKU-111270,Halter Orbis 345,2,449.71,true
11272,SKU-111271,Sofá Delta 465,7,174.53,true
11273,SKU-111272,Colchão Pratic 478,12,161.84,true
11274,SKU-111273,Bicicleta Kairo 545,12,412.77,true
11275,SKU-111274,Toalha Kairo 869,20,246.91,true
11276,SKU-111275,Headset Kairo 822,2,915.82,true
11277,SKU-111276,Geladeira Nordic 100,13,604.34,true
11278,SKU-111277,Smartphone Aurora 781,12,552.73,false
11279,SKU-111278,Secadora Delta 498,21,565.53,true
11280,SKU-111279,Capa Veloce 730,13,353.64,true
11281,SKU-111280,Bicicleta Vertex 230,3,166.14,true
11282,SKU-111281,Furadeira Primo 141,3,139.82,false
11283,SKU-111282,Receiver Kubo 360,15,226.93,true
11284,SKU-111283,Lavadora Delta 959,15,463.87,false
11285,SKU-111284,Cafeteira Delta 901,16,164.36,true
11286,SKU-111285,Colchão Lumix 368,21,268.24,true
11287,SKU-111286,Esteira Nexa 107,5,158.46,false
11288,SKU-111287,Ar-condicionado Vertex 378,16,414.80,true
11289,SKU-111288,Controle Astra 487,9,202.49,true
11290,SKU-111289,Toalha Kairo 261,10,115.91,true
11291,SKU-111290,Colchão Zentro 392,5,476.86,true
11292,SKU-111291,Televisor Delta 699,21,298.38,true
11293,SKU-111292,Roteador Primo 212,6,434.65,false
11294,SKU-111293,Toalha Kubo 396,9,204.32,true
11295,SKU-111294,Estante Pratic 148,7,223.17,true
11296,SKU-111295,Console Nordic 997,21,191.10,true
11297,SKU-111296,Toalha Trilha 894,6,305.81,true
11298,SKU-111297,Parafusadeira Kairo 659,17,273.14,true
11299,SKU-111298,Fonte Brava 865,7,420.47,true
11300,SKU-111299,Lavadora Pratic 148,5,174.74,true
11301,SKU-111300,Esteira Nexa 947,12,289.20,true
11302,SKU-111301,Purificador Pratic 192,5,319.69,false
11303,SKU-111302,Cooler Brava 892,3,498.02,true
11304,SKU-111303,Caixa Primo 571,16,1711.96,true
11305,SKU-111304,Estante Trilha 156,6,189.34,true
11306,SKU-111305,Liquidificador Nordic 948,6,1009.56,false
11307,SKU-111306,Jogo Zentro 792,10,1227.60,true
11308,SKU-111307,Aspirador Nordic 330,20,722.51,true
11309,SKU-111308,Impressora Primo 564,18,297.01,true
11310,SKU-111309,Aspirador Onix 258,5,359.61,true
11311,SKU-111310,Sofá Kubo 226,7,720.86,false
11312,SKU-111311,Purificador Aurora 878,5,335.00,true
11313,SKU-111312,Cooler Volt 946,5,440.86,true
11314,SKU-111313,Halter Primo 173,12,819.77,true
11315,SKU-111314,Lavadora Trilha 235,16,283.47,true
11316,SKU-111315,Teclado Brava 615,16,125.50,true
11317,SKU-111316,Micro-ondas Veloce 332,10,411.62,true
11318,SKU-111317,Bicicleta Nordic 101,3,668.43,true
11319,SKU-111318,Serra Saga 193,2,660.31,false
11320,SKU-111319,Fogão Astra 590,21,467.96,true
11321,SKU-111320,Mesa Primo 213,3,669.85,true
11322,SKU-111321,Roteador Primo 648,10,233.62,true
11323,SKU-111322,Jogo Volt 589,12,470.76,true
11324,SKU-111323,Desktop Volt 418,3,328.59,false
11325,SKU-111324,Caixa Nordic 132,7,90.92,true
11326,SKU-111325,Purificador Kubo 490,3,334.39,true
11327,SKU-111326,Smartwatch Saga 674,10,148.13,true
11328,SKU-111327,Jogo Zentro 567,6,901.40,true
11329,SKU-111328,Parafusadeira Lumix 511,13,440.00,true
11330,SKU-111329,Ar-condicionado Zentro 845,13,481.32,true
11331,SKU-111330,Controle Brava 837,20,618.24,true
11332,SKU-111331,Cafeteira Lumix 754,5,167.48,true
11333,SKU-111332,Colchão Pratic 624,2,573.51,true
11334,SKU-111333,Purificador Mirante 660,15,317.74,false
11335,SKU-111334,Toalha Brava 944,12,625.84,true
11336,SKU-111335,Estante Kairo 437,17,291.20,true
11337,SKU-111336,Ar-condicionado Kubo 996,13,458.71,true
11338,SKU-111337,Caixa Volt 114,17,349.67,true
11339,SKU-111338,Televisor Aurora 981,12,168.57,true
11340,SKU-111339,Smartphone Trilha 913,20,126.60,true
11341,SKU-111340,Mouse Nexa 739,17,299.74,true
11342,SKU-111341,Headphone Zentro 921,3,472.89,true
11343,SKU-111342,Mesa Orbis 460,12,327.47,true
11344,SKU-111343,Bicicleta Nexa 126,12,277.78,true
11345,SKU-111344,Esteira Lumix 343,16,634.33,true
11346,SKU-111345,Ar-condicionado Orbis 671,2,199.54,true
11347,SKU-111346,Geladeira Nordic 277,5,457.06,true
11348,SKU-111347,SSD Kubo 940,3,198.00,true
11349,SKU-111348,Monitor Brava 384,21,666.91,true
11350,SKU-111349,Capa Zentro 828,6,111.58,true
11351,SKU-111350,Controle Primo 950,15,490.70,true
11352,SKU-111351,Fogão Orbis 948,13,336.80,true
11353,SKU-111352,Ar-condicionado Astra 698,18,360.48,true
11354,SKU-111353,Jogo Pratic 664,16,1051.42,true
11355,SKU-111354,Fogão Veloce 219,6,772.04,true
11356,SKU-111355,Receiver Vertex 497,5,410.22,true
11357,SKU-111356,Console Mirante 575,21,622.90,true
11358,SKU-111357,Ventilador Orbis 849,16,624.83,true
11359,SKU-111358,Purificador Pratic 775,10,685.09,false
11360,SKU-111359,Fonte Veloce 169,20,218.65,true
11361,SKU-111360,Smartwatch Volt 214,3,548.47,true
11362,SKU-111361,Lavadora Orbis 664,5,158.01,true
11363,SKU-111362,Serra Nordic 932,20,115.22,true
11364,SKU-111363,Caixa Trilha 875,9,1214.13,true
11365,SKU-111364,Jogo Onix 880,6,119.01,true
11366,SKU-111365,Fogão Mirante 495,21,383.01,true
11367,SKU-111366,Mesa Pratic 203,3,546.18,true
11368,SKU-111367,Bicicleta Delta 890,20,998.52,true
11369,SKU-111368,Sofá Delta 925,20,633.23,true
11370,SKU-111369,Aspirador Nordic 665,18,354.94,false
11371,SKU-111370,Mesa Kairo 644,17,363.34,true
11372,SKU-111371,Estante Orbis 567,16,114.34,true
11373,SKU-111372,Aspirador Vertex 772,9,302.63,true
11374,SKU-111373,Geladeira Vertex 384,6,576.92,true
11375,SKU-111374,Parafusadeira Veloce 383,2,288.68,true
11376,SKU-111375,Capa Pratic 162,21,172.04,true
11377,SKU-111376,Smartwatch Trilha 719,7,290.86,true
11378,SKU-111377,Sofá Zentro 351,20,597.50,true
11379,SKU-111378,Cadeira Volt 298,17,124.28,true
11380,SKU-111379,Mouse Orbis 319,7,498.59,true
11381,SKU-111380,Secadora Kubo 267,17,216.58,true
11382,SKU-111381,Controle Saga 659,21,559.73,false
11383,SKU-111382,Lençol Veloce 858,7,564.12,false
11384,SKU-111383,Monitor Zentro 111,21,342.68,true
11385,SKU-111384,Cooler Trilha 473,21,815.13,true
11386,SKU-111385,Soundbar Lumix 592,18,682.89,true
11387,SKU-111386,Toalha Mirante 885,10,309.83,true
11388,SKU-111387,Toalha Nexa 488,9,316.17,true
11389,SKU-111388,Monitor Orbis 391,18,291.02,true
11390,SKU-111389,Secadora Saga 639,12,197.87,true
11391,SKU-111390,Toalha Vertex 955,13,170.24,true
11392,SKU-111391,Colchão Nexa 166,3,548.35,true
11393,SKU-111392,Capa Orbis 770,10,80.52,true
11394,SKU-111393,Lavadora Onix 478,6,188.97,true
11395,SKU-111394,Cafeteira Delta 219,7,411.03,true
11396,SKU-111395,Ventilador Onix 294,15,345.09,true
11397,SKU-111396,Receiver Aurora 620,6,674.43,true
11398,SKU-111397,Teclado Brava 674,17,158.48,true
11399,SKU-111398,Impressora Orbis 257,20,277.08,true
11400,SKU-111399,Liquidificador Orbis 342,6,559.11,true
11401,SKU-111400,Ar-condicionado Kubo 375,2,209.77,true
11402,SKU-111401,Jogo Aurora 350,15,307.94,true
11403,SKU-111402,Ventilador Veloce 885,6,437.76,true
11404,SKU-111403,Lavadora Onix 676,21,402.01,true
11405,SKU-111404,Sofá Saga 673,5,523.04,true
11406,SKU-111405,Smartphone Volt 763,15,214.60,false
11407,SKU-111406,Secadora Astra 431,6,72.70,true
11408,SKU-111407,Secadora Trilha 216,21,840.90,true
11409,SKU-111408,Lençol Nexa 877,13,361.59,true
11410,SKU-111409,Mesa Nordic 380,15,730.05,true
11411,SKU-111410,Colchão Zentro 832,2,111.07,true
11412,SKU-111411,Memória Lumix 830,16,390.04,true
11413,SKU-111412,Headset Onix 658,3,335.59,true
11414,SKU-111413,Fonte Astra 296,9,680.91,true
11415,SKU-111414,Headphone Vertex 682,21,53.98,true
11416,SKU-111415,Furadeira Brava 950,12,672.73,true
11417,SKU-111416,Batedeira Kubo 340,13,1115.79,true
11418,SKU-111417,Sofá Primo 984,9,477.22,true
11419,SKU-111418,Headset Veloce 553,2,261.59,true
11420,SKU-111419,Notebook Onix 913,9,230.45,true
11421,SKU-111420,Toalha Nexa 749,3,641.84,false
11422,SKU-111421,SSD Lumix 914,12,302.52,true
11423,SKU-111422,Roteador Vertex 936,6,926.79,true
11424,SKU-111423,Monitor Trilha 319,3,397.68,true
11425,SKU-111424,Fonte Zentro 328,3,278.07,true
11426,SKU-111425,Lavadora Lumix 858,13,134.37,true
11427,SKU-111426,Fogão Zentro 752,12,439.50,true
11428,SKU-111427,Televisor Trilha 646,15,355.79,true
11429,SKU-111428,Colchão Brava 622,9,326.87,true
11430,SKU-111429,Cooler Orbis 243,12,388.34,true
11431,SKU-111430,Fonte Veloce 633,13,312.23,false
11432,SKU-111431,Ventilador Nordic 575,18,133.48,true
11433,SKU-111432,Purificador Onix 356,13,446.94,true
11434,SKU-111433,Mouse Nexa 922,2,236.25,true
11435,SKU-111434,Batedeira Orbis 554,12,476.76,true
11436,SKU-111435,Batedeira Lumix 908,7,734.23,true
11437,SKU-111436,Mesa Delta 994,9,682.98,true
11438,SKU-111437,Carregador Saga 149,21,490.76,false
11439,SKU-111438,Sofá Primo 521,15,121.79,true
11440,SKU-111439,Aspirador Aurora 236,7,119.68,true
11441,SKU-111440,Headset Pratic 162,7,566.00,false
11442,SKU-111441,Receiver Astra 271,10,608.29,false
11443,SKU-111442,Smartwatch Saga 667,13,297.39,true
11444,SKU-111443,Parafusadeira Kubo 115,2,372.69,true
11445,SKU-111444,Serra Primo 389,17,123.91,true
11446,SKU-111445,Cadeira Lumix 105,9,302.13,true
11447,SKU-111446,Roteador Onix 939,21,555.52,true
11448,SKU-111447,Console Zentro 288,10,246.06,true
11449,SKU-111448,Fone Pratic 678,9,223.66,true
11450,SKU-111449,Colchão Zentro 901,18,436.61,true
11451,SKU-111450,Cooler Kairo 447,12,615.09,true
11452,SKU-111451,Lavadora Zentro 340,2,139.94,true
11453,SKU-111452,Teclado Saga 518,16,221.55,true
11454,SKU-111453,Colchão Vertex 573,15,328.30,true
11455,SKU-111454,Lençol Nordic 283,9,447.31,true
11456,SKU-111455,Memória Saga 470,9,308.15,true
11457,SKU-111456,Micro-ondas Kubo 373,5,476.63,true
11458,SKU-111457,Serra Pratic 218,21,99.82,true
11459,SKU-111458,Mouse Lumix 217,12,268.52,true
11460,SKU-111459,Toalha Onix 837,6,155.78,true
11461,SKU-111460,Fogão Nexa 322,17,584.09,true
11462,SKU-111461,Halter Volt 407,10,445.02,true
11463,SKU-111462,Monitor Nexa 149,2,254.98,true
11464,SKU-111463,Cadeira Pratic 680,20,561.42,true
11465,SKU-111464,Memória Delta 142,2,287.93,true
11466,SKU-111465,Teclado Kubo 315,2,178.06,true
11467,SKU-111466,Smartphone Saga 732,20,450.53,true
11468,SKU-111467,Roteador Onix 204,2,274.32,true
11469,SKU-111468,Toalha Saga 657,2,857.07,false
11470,SKU-111469,Ventilador Onix 489,13,194.15,true
11471,SKU-111470,Bicicleta Pratic 838,16,150.88,true
11472,SKU-111471,Mouse Aurora 828,10,153.54,true
11473,SKU-111472,Halter Primo 768,6,291.89,true
11474,SKU-111473,Console Nexa 290,17,174.75,true
11475,SKU-111474,Teclado Brava 215,5,85.64,true
11476,SKU-111475,Serra Nordic 287,6,1041.33,true
11477,SKU-111476,Cooler Primo 405,7,160.25,true
11478,SKU-111477,Lençol Trilha 322,5,222.53,true
11479,SKU-111478,Roteador Kubo 671,12,704.11,true
11480,SKU-111479,Headset Mirante 370,20,60.16,false
11481,SKU-111480,Notebook Lumix 746,9,424.73,true
11482,SKU-111481,Mesa Onix 852,9,221.28,true
11483,SKU-111482,Lavadora Volt 941,18,711.36,true
11484,SKU-111483,Caixa Delta 139,7,425.48,true
11485,SKU-111484,Televisor Onix 462,20,507.68,true
11486,SKU-111485,Furadeira Pratic 269,9,122.21,true
11487,SKU-111486,Lavadora Lumix 565,16,457.92,true
11488,SKU-111487,Halter Nexa 708,5,749.17,true
11489,SKU-111488,Cadeira Delta 580,10,72.60,true
11490,SKU-111489,Sofá Nexa 386,21,375.98,true
11491,SKU-111490,Desktop Zentro 287,21,513.82,true
11492,SKU-111491,Bicicleta Saga 790,17,1330.03,true
11493,SKU-111492,Serra Mirante 430,21,689.82,true
11494,SKU-111493,Cooler Aurora 979,18,229.76,true
11495,SKU-111494,Cooler Nexa 207,15,136.26,true
11496,SKU-111495,Ar-condicionado Brava 505,7,650.31,true
11497,SKU-111496,Smartwatch Veloce 174,3,361.60,true
11498,SKU-111497,Mesa Orbis 996,5,539.52,true
11499,SKU-111498,Controle Volt 218,6,194.69,true
11500,SKU-111499,Esteira Nordic 906,21,168.75,true
11501,SKU-111500,Desktop Pratic 678,12,769.92,true
11502,SKU-111501,Colchão Kubo 358,20,349.04,true
11503,SKU-111502,Mouse Volt 954,2,109.48,true
11504,SKU-111503,Secadora Pratic 855,3,702.17,true
11505,SKU-111504,Jogo Orbis 595,12,208.46,true
11506,SKU-111505,Console Aurora 515,3,1234.36,false
11507,SKU-111506,Cooler Vertex 322,2,155.86,true
11508,SKU-111507,Cooler Nordic 984,3,281.63,true
11509,SKU-111508,Halter Vertex 374,12,397.98,true
11510,SKU-111509,Fone Volt 605,17,295.01,true
11511,SKU-111510,Controle Kubo 656,12,282.21,true
11512,SKU-111511,Aspirador Saga 807,15,206.83,true
11513,SKU-111512,Controle Trilha 285,16,232.41,true
11514,SKU-111513,Roteador Kubo 828,21,233.67,true
11515,SKU-111514,Esteira Trilha 462,12,432.63,true
11516,SKU-111515,Jogo Lumix 699,6,384.91,true
11517,SKU-111516,Receiver Aurora 422,10,281.58,true
11518,SKU-111517,Headphone Vertex 340,15,318.88,true
11519,SKU-111518,Caixa Trilha 785,12,93.89,false
11520,SKU-111519,Parafusadeira Nordic 220,10,317.06,true
11521,SKU-111520,Capa Brava 463,13,260.64,true
11522,SKU-111521,Cooler Delta 445,15,146.12,false
11523,SKU-111522,Monitor Veloce 680,5,486.46,true
11524,SKU-111523,Mesa Volt 568,3,425.23,true
11525,SKU-111524,Impressora Volt 984,21,373.98,true
11526,SKU-111525,Bicicleta Mirante 318,6,181.37,true
11527,SKU-111526,Colchão Primo 213,5,285.27,true
11528,SKU-111527,Carregador Nordic 848,5,598.99,false
11529,SKU-111528,Soundbar Pratic 334,20,252.52,true
11530,SKU-111529,Ventilador Nexa 353,21,528.34,false
11531,SKU-111530,Batedeira Nordic 586,12,125.68,true
11532,SKU-111531,Cooler Mirante 226,18,123.43,true
11533,SKU-111532,Ventilador Trilha 368,12,276.75,true
11534,SKU-111533,Notebook Onix 646,5,809.84,false
11535,SKU-111534,Jogo Aurora 892,20,362.11,true
11536,SKU-111535,Fogão Onix 847,18,418.28,true
11537,SKU-111536,Secadora Zentro 635,3,271.46,true
11538,SKU-111537,Soundbar Volt 789,6,684.35,false
11539,SKU-111538,Jogo Kubo 268,6,548.01,true
11540,SKU-111539,Micro-ondas Lumix 446,2,197.70,true
11541,SKU-111540,Liquidificador Mirante 437,13,201.17,true
11542,SKU-111541,Furadeira Brava 767,10,921.71,true
11543,SKU-111542,Estante Primo 529,13,411.49,true
11544,SKU-111543,Jogo Onix 438,3,646.27,true
11545,SKU-111544,Mesa Kairo 677,17,547.72,false
11546,SKU-111545,Smartphone Kairo 318,9,826.68,true
11547,SKU-111546,Liquidificador Nordic 384,16,415.14,false
11548,SKU-111547,Monitor Mirante 111,10,484.28,true
11549,SKU-111548,Headset Trilha 282,6,509.18,true
11550,SKU-111549,Fone Nexa 480,10,293.57,true
11551,SKU-111550,Micro-ondas Nexa 763,16,556.26,true
11552,SKU-111551,Carregador Primo 764,16,256.81,true
11553,SKU-111552,Aspirador Vertex 516,6,936.20,true
11554,SKU-111553,Smartwatch Saga 599,9,520.57,true
11555,SKU-111554,Headset Delta 305,17,176.85,true
11556,SKU-111555,Impressora Lumix 561,9,545.40,true
11557,SKU-111556,Parafusadeira Kairo 560,21,773.96,true
11558,SKU-111557,Ar-condicionado Orbis 398,15,299.24,true
11559,SKU-111558,Geladeira Saga 446,9,255.79,true
11560,SKU-111559,Jogo Kubo 242,16,126.80,true
11561,SKU-111560,Caixa Nexa 123,13,423.31,true
11562,SKU-111561,Ventilador Nexa 756,15,431.43,true
11563,SKU-111562,Televisor Onix 538,7,321.60,true
11564,SKU-111563,Lençol Veloce 104,10,315.85,true
11565,SKU-111564,Smartphone Kubo 396,7,343.43,true
11566,SKU-111565,Cooler Zentro 263,12,347.05,true
11567,SKU-111566,SSD Kubo 173,2,223.24,true
11568,SKU-111567,Televisor Vertex 170,12,320.88,false
11569,SKU-111568,Soundbar Delta 383,6,313.63,true
11570,SKU-111569,Lençol Primo 412,5,370.52,true
11571,SKU-111570,Headset Nordic 512,9,446.73,true
11572,SKU-111571,Jogo Mirante 117,18,756.82,true
11573,SKU-111572,Serra Primo 890,16,394.45,true
11574,SKU-111573,Headphone Astra 300,15,430.25,true
11575,SKU-111574,Esteira Veloce 245,10,118.34,true
11576,SKU-111575,Geladeira Vertex 361,16,379.59,true
11577,SKU-111576,Monitor Trilha 587,15,193.47,true
11578,SKU-111577,Soundbar Orbis 892,6,659.83,true
11579,SKU-111578,Smartwatch Saga 625,5,543.86,true
11580,SKU-111579,Serra Kubo 396,15,1301.02,false
11581,SKU-111580,Sofá Lumix 484,5,325.44,true
11582,SKU-111581,Lençol Kubo 981,9,886.65,true
11583,SKU-111582,Monitor Primo 127,6,377.64,true
11584,SKU-111583,Mesa Pratic 764,9,475.87,true
11585,SKU-111584,Televisor Saga 205,3,520.02,true
11586,SKU-111585,Impressora Zentro 729,9,596.21,true
11587,SKU-111586,Liquidificador Aurora 918,13,256.55,true
11588,SKU-111587,Bicicleta Astra 981,10,181.08,true
11589,SKU-111588,Estante Kubo 461,9,659.86,true
11590,SKU-111589,Micro-ondas Kairo 249,15,274.46,true
11591,SKU-111590,Cooler Nexa 187,6,149.20,true
11592,SKU-111591,Purificador Orbis 661,15,308.99,true
11593,SKU-111592,Purificador Primo 577,3,310.26,true
11594,SKU-111593,Teclado Primo 530,7,509.82,true
11595,SKU-111594,Sofá Astra 487,15,325.15,false
11596,SKU-111595,Impressora Aurora 128,21,241.61,true
11597,SKU-111596,Memória Veloce 834,5,564.33,true
11598,SKU-111597,Estante Vertex 916,3,308.74,true
11599,SKU-111598,SSD Lumix 209,15,322.15,true
11600,SKU-111599,Mouse Nexa 568,5,477.22,true
11601,SKU-111600,Caixa Kairo 998,18,325.83,false
11602,SKU-111601,Cooler Saga 247,12,993.34,false
11603,SKU-111602,Lavadora Orbis 725,6,365.42,true
11604,SKU-111603,Sofá Zentro 876,9,361.80,false
11605,SKU-111604,Lavadora Vertex 819,5,870.74,true
11606,SKU-111605,Purificador Trilha 350,9,294.05,true
11607,SKU-111606,Mesa Zentro 627,5,266.51,true
11608,SKU-111607,Fogão Nordic 938,5,244.04,false
11609,SKU-111608,Mouse Astra 225,18,323.78,true
11610,SKU-111609,Mouse Nexa 694,7,306.95,false
11611,SKU-111610,Cooler Veloce 934,3,627.28,true
11612,SKU-111611,Roteador Onix 124,7,304.59,true
11613,SKU-111612,Impressora Nordic 771,13,249.00,true
11614,SKU-111613,Smartwatch Aurora 384,3,147.45,true
11615,SKU-111614,Ventilador Lumix 765,16,374.61,true
11616,SKU-111615,Console Onix 598,18,230.08,true
11617,SKU-111616,Batedeira Lumix 724,18,359.68,true
11618,SKU-111617,Receiver Lumix 258,20,1153.43,true
11619,SKU-111618,Teclado Astra 733,3,156.92,false
11620,SKU-111619,Teclado Pratic 656,7,218.82,true
11621,SKU-111620,Caixa Astra 230,20,239.95,true
11622,SKU-111621,Bicicleta Orbis 124,17,477.41,true
11623,SKU-111622,Geladeira Veloce 510,10,559.26,true
11624,SKU-111623,Jogo Nexa 536,17,134.66,true
11625,SKU-111624,Fone Astra 956,21,364.26,true
11626,SKU-111625,Teclado Nordic 797,16,767.82,true
11627,SKU-111626,Esteira Vertex 785,2,294.37,true
11628,SKU-111627,Cafeteira Trilha 862,2,170.93,true
11629,SKU-111628,Lençol Volt 252,17,830.80,true
11630,SKU-111629,Bicicleta Lumix 613,7,488.86,true
11631,SKU-111630,Sofá Pratic 490,21,620.85,true
11632,SKU-111631,Fogão Vertex 770,5,510.58,true
11633,SKU-111632,Carregador Saga 814,13,304.73,true
11634,SKU-111633,Ventilador Saga 172,5,375.24,true
11635,SKU-111634,Soundbar Astra 353,7,687.24,true
11636,SKU-111635,Televisor Saga 522,16,245.25,true
11637,SKU-111636,Geladeira Zentro 174,16,416.03,true
11638,SKU-111637,Halter Lumix 409,18,331.31,true
11639,SKU-111638,Purificador Delta 433,17,178.13,true
11640,SKU-111639,Estante Lumix 592,9,59.34,true
11641,SKU-111640,Toalha Kubo 862,5,899.58,true
11642,SKU-111641,SSD Zentro 839,17,515.62,true
11643,SKU-111642,SSD Nexa 420,7,159.84,true
11644,SKU-111643,SSD Zentro 582,15,239.71,true
11645,SKU-111644,Micro-ondas Astra 862,13,529.16,true
11646,SKU-111645,Desktop Brava 245,5,267.69,true
11647,SKU-111646,Jogo Volt 248,13,122.54,true
11648,SKU-111647,Parafusadeira Saga 479,21,261.88,true
11649,SKU-111648,Sofá Saga 878,16,399.14,true
11650,SKU-111649,Televisor Mirante 635,9,414.30,true
11651,SKU-111650,Roteador Onix 260,12,80.49,true
11652,SKU-111651,Lençol Mirante 717,9,882.93,true
11653,SKU-111652,Cafeteira Trilha 832,9,221.71,true
11654,SKU-111653,Receiver Delta 705,2,210.25,true
11655,SKU-111654,Roteador Astra 479,2,1033.33,true
11656,SKU-111655,Lençol Lumix 345,7,164.21,true
11657,SKU-111656,Console Volt 309,12,233.90,true
11658,SKU-111657,Toalha Nordic 253,12,246.56,true
11659,SKU-111658,Parafusadeira Onix 243,17,57.71,true
11660,SKU-111659,Geladeira Pratic 359,10,258.34,true
11661,SKU-111660,Parafusadeira Delta 243,9,944.18,true
11662,SKU-111661,Soundbar Astra 639,10,222.03,true
11663,SKU-111662,Estante Vertex 424,3,340.64,true
11664,SKU-111663,Cadeira Onix 399,7,388.47,true
11665,SKU-111664,Jogo Lumix 976,6,378.01,true
11666,SKU-111665,Parafusadeira Lumix 396,3,191.15,true
11667,SKU-111666,Televisor Volt 600,10,171.75,true
11668,SKU-111667,Sofá Mirante 673,3,295.86,true
11669,SKU-111668,Console Volt 406,16,342.54,false
11670,SKU-111669,Parafusadeira Volt 827,18,690.43,true
11671,SKU-111670,Impressora Kubo 468,7,704.22,true
11672,SKU-111671,Roteador Brava 557,6,468.05,true
11673,SKU-111672,Micro-ondas Saga 976,15,1162.19,true
11674,SKU-111673,Bicicleta Nordic 655,12,457.90,true
11675,SKU-111674,Smartphone Onix 533,15,301.26,true
11676,SKU-111675,Lavadora Trilha 179,16,547.82,true
11677,SKU-111676,Cafeteira Nordic 376,20,1083.05,true
11678,SKU-111677,Smartphone Kairo 683,5,821.90,true
11679,SKU-111678,Smartphone Kubo 949,3,537.90,true
11680,SKU-111679,Monitor Lumix 232,16,797.74,true
11681,SKU-111680,Smartwatch Onix 516,2,879.65,true
11682,SKU-111681,Capa Trilha 703,16,161.36,true
11683,SKU-111682,Batedeira Astra 806,3,817.15,true
11684,SKU-111683,Liquidificador Volt 340,7,338.23,true
11685,SKU-111684,Caixa Vertex 606,17,127.31,true
11686,SKU-111685,Controle Nexa 594,2,380.30,true
11687,SKU-111686,Lavadora Delta 170,9,680.42,true
11688,SKU-111687,Televisor Saga 576,15,272.61,true
11689,SKU-111688,Capa Zentro 682,7,329.36,true
11690,SKU-111689,Televisor Brava 708,16,497.29,false
11691,SKU-111690,Parafusadeira Onix 923,3,178.91,true
11692,SKU-111691,Carregador Trilha 186,10,503.46,true
11693,SKU-111692,Controle Astra 341,2,477.57,true
11694,SKU-111693,Batedeira Astra 807,6,368.29,true
11695,SKU-111694,Toalha Onix 456,3,697.86,true
11696,SKU-111695,Bicicleta Orbis 716,12,971.05,true
11697,SKU-111696,Liquidificador Volt 761,18,501.95,true
11698,SKU-111697,Smartwatch Trilha 221,17,710.44,true
11699,SKU-111698,Desktop Mirante 413,16,83.35,true
11700,SKU-111699,Capa Primo 284,6,307.16,true
11701,SKU-111700,Sofá Kairo 455,12,252.74,true
11702,SKU-111701,Roteador Astra 539,3,503.88,true
11703,SKU-111702,Halter Orbis 219,17,131.55,true
11704,SKU-111703,Console Pratic 546,18,171.09,true
11705,SKU-111704,Cafeteira Trilha 872,20,593.87,true
11706,SKU-111705,Bicicleta Primo 204,5,454.91,true
11707,SKU-111706,Toalha Volt 602,17,653.73,true
11708,SKU-111707,Esteira Onix 868,15,487.66,true
11709,SKU-111708,Lençol Delta 799,20,788.95,true
11710,SKU-111709,Secadora Pratic 785,16,155.26,true
11711,SKU-111710,Televisor Primo 638,3,916.95,true
11712,SKU-111711,Ventilador Brava 580,12,161.85,true
11713,SKU-111712,Caixa Orbis 306,13,348.76,true
11714,SKU-111713,Liquidificador Saga 760,10,784.02,true
11715,SKU-111714,Monitor Nordic 700,18,408.97,true
11716,SKU-111715,Teclado Trilha 927,18,560.45,true
11717,SKU-111716,Smartwatch Veloce 965,13,311.80,true
11718,SKU-111717,Halter Lumix 740,20,262.81,true
11719,SKU-111718,Cadeira Saga 542,12,745.37,true
11720,SKU-111719,Sofá Delta 289,12,342.78,true
11721,SKU-111720,SSD Lumix 133,10,285.74,true
11722,SKU-111721,Micro-ondas Zentro 211,5,114.35,true
11723,SKU-111722,Mesa Mirante 202,3,711.47,true
11724,SKU-111723,Furadeira Kairo 876,15,235.52,false
11725,SKU-111724,Fone Delta 654,17,347.88,true
11726,SKU-111725,Smartphone Onix 322,2,500.69,true
11727,SKU-111726,Mouse Astra 785,6,719.19,true
11728,SKU-111727,Purificador Veloce 493,12,414.35,true
11729,SKU-111728,Monitor Pratic 755,18,236.42,true
11730,SKU-111729,Mesa Nordic 101,9,867.60,true
11731,SKU-111730,Liquidificador Delta 457,13,583.22,false
11732,SKU-111731,Parafusadeira Lumix 974,17,527.24,true
11733,SKU-111732,Micro-ondas Lumix 239,3,267.14,false
11734,SKU-111733,Esteira Delta 988,2,531.64,true
11735,SKU-111734,Memória Veloce 881,16,245.28,true
11736,SKU-111735,Televisor Nordic 837,2,535.65,true
11737,SKU-111736,Serra Astra 943,17,353.74,true
11738,SKU-111737,Soundbar Nordic 133,17,163.54,true
11739,SKU-111738,Sofá Volt 549,10,488.43,true
11740,SKU-111739,Desktop Nexa 972,2,855.51,true
11741,SKU-111740,Halter Astra 348,12,370.62,true
11742,SKU-111741,Serra Trilha 424,20,91.91,true
11743,SKU-111742,Esteira Onix 333,16,174.91,true
11744,SKU-111743,Sofá Astra 296,10,1145.75,true
11745,SKU-111744,Receiver Veloce 365,21,880.72,true
11746,SKU-111745,Ventilador Brava 417,16,1186.09,true
11747,SKU-111746,Furadeira Primo 982,10,344.69,true
11748,SKU-111747,Caixa Delta 491,21,297.51,true
11749,SKU-111748,Monitor Kubo 415,20,354.96,true
11750,SKU-111749,Controle Vertex 802,5,328.17,true
11751,SKU-111750,Fogão Orbis 421,5,121.48,true
11752,SKU-111751,Ar-condicionado Vertex 456,20,837.39,true
11753,SKU-111752,Desktop Saga 675,20,816.20,true
11754,SKU-111753,Impressora Kairo 128,20,546.79,false
11755,SKU-111754,Televisor Delta 516,7,654.56,true
11756,SKU-111755,Cooler Vertex 959,5,888.88,false
11757,SKU-111756,Smartwatch Brava 260,7,744.72,true
11758,SKU-111757,Mouse Lumix 275,7,321.49,true
11759,SKU-111758,Esteira Volt 327,3,526.35,true
11760,SKU-111759,Ventilador Zentro 313,17,380.75,true
11761,SKU-111760,Cafeteira Nexa 201,17,372.70,true
11762,SKU-111761,Fonte Astra 619,3,115.68,true
11763,SKU-111762,Bicicleta Kairo 222,16,247.28,true
11764,SKU-111763,Carregador Vertex 973,2,345.57,true
11765,SKU-111764,Cadeira Pratic 989,10,121.71,true
11766,SKU-111765,Colchão Nordic 730,2,314.21,true
11767,SKU-111766,Sofá Aurora 431,15,694.73,true
11768,SKU-111767,Halter Vertex 213,16,975.91,true
11769,SKU-111768,Receiver Nordic 512,9,243.39,true
11770,SKU-111769,Geladeira Saga 401,17,244.97,true
11771,SKU-111770,Headset Pratic 514,3,381.01,true
11772,SKU-111771,Micro-ondas Trilha 997,12,373.98,true
11773,SKU-111772,Sofá Vertex 118,10,410.75,true
11774,SKU-111773,Jogo Trilha 793,18,337.03,true
11775,SKU-111774,Liquidificador Veloce 859,17,109.12,true
11776,SKU-111775,Soundbar Astra 105,20,515.43,true
11777,SKU-111776,Headset Onix 558,5,222.07,true
11778,SKU-111777,Cooler Lumix 304,6,248.83,true
11779,SKU-111778,Toalha Saga 881,12,516.18,true
11780,SKU-111779,Ar-condicionado Pratic 517,16,92.06,true
11781,SKU-111780,Capa Volt 779,5,163.36,true
11782,SKU-111781,Ventilador Brava 170,17,583.91,true
11783,SKU-111782,Desktop Lumix 209,17,304.35,true
11784,SKU-111783,Halter Kubo 982,3,263.18,true
11785,SKU-111784,SSD Brava 688,13,335.20,true
11786,SKU-111785,Roteador Nexa 186,12,392.09,true
11787,SKU-111786,Colchão Veloce 322,12,298.84,true
11788,SKU-111787,Mesa Volt 114,5,567.60,true
11789,SKU-111788,Bicicleta Nordic 610,13,328.96,true
11790,SKU-111789,Ar-condicionado Primo 857,18,220.31,false
11791,SKU-111790,Furadeira Primo 179,7,216.20,true
11792,SKU-111791,Aspirador Pratic 197,3,512.78,true
11793,SKU-111792,Roteador Primo 842,21,230.76,true
11794,SKU-111793,Jogo Vertex 664,21,165.08,true
11795,SKU-111794,Fogão Brava 104,12,265.01,true
11796,SKU-111795,Ar-condicionado Lumix 247,5,53.29,true
11797,SKU-111796,Sofá Delta 530,20,298.03,true
11798,SKU-111797,Halter Onix 810,21,119.19,false
11799,SKU-111798,Mesa Nordic 401,3,259.75,true
11800,SKU-111799,Mouse Brava 918,15,266.40,true
11801,SKU-111800,Geladeira Pratic 568,20,624.62,true
11802,SKU-111801,SSD Nexa 342,16,724.27,true
11803,SKU-111802,Headset Saga 401,20,435.83,true
11804,SKU-111803,Fone Delta 935,17,178.36,true
11805,SKU-111804,Carregador Zentro 966,16,161.70,false
11806,SKU-111805,Carregador Kubo 185,17,572.91,true
11807,SKU-111806,Cooler Astra 886,6,1880.73,true
11808,SKU-111807,Furadeira Onix 849,18,516.93,true
11809,SKU-111808,Headset Zentro 850,15,176.06,true
11810,SKU-111809,Liquidificador Mirante 870,6,421.02,false
11811,SKU-111810,Smartphone Aurora 133,5,447.37,true
11812,SKU-111811,Headphone Saga 364,12,444.38,true
11813,SKU-111812,Impressora Nexa 610,16,747.78,true
11814,SKU-111813,Smartphone Veloce 129,9,644.39,true
11815,SKU-111814,Secadora Lumix 854,9,969.33,true
11816,SKU-111815,Parafusadeira Zentro 652,18,497.38,true
11817,SKU-111816,Serra Kubo 147,18,470.95,true
11818,SKU-111817,SSD Lumix 161,15,437.43,true
11819,SKU-111818,Teclado Volt 141,18,766.79,true
11820,SKU-111819,Soundbar Saga 354,18,115.61,true
11821,SKU-111820,Smartphone Mirante 345,10,314.22,true
11822,SKU-111821,Impressora Primo 452,3,306.33,true
11823,SKU-111822,Caixa Delta 912,3,519.15,true
11824,SKU-111823,Console Delta 930,13,970.08,true
11825,SKU-111824,Smartphone Aurora 667,7,195.41,true
11826,SKU-111825,Fone Nexa 519,18,91.75,true
11827,SKU-111826,SSD Pratic 171,2,330.92,false
11828,SKU-111827,Ventilador Lumix 548,16,551.18,true
11829,SKU-111828,Cadeira Kairo 476,18,158.32,true
11830,SKU-111829,Micro-ondas Primo 108,9,826.30,true
11831,SKU-111830,Esteira Nexa 573,20,377.34,true
11832,SKU-111831,Secadora Kairo 228,20,158.06,true
11833,SKU-111832,Bicicleta Brava 580,7,592.33,true
11834,SKU-111833,SSD Nordic 925,7,738.10,true
11835,SKU-111834,Sofá Trilha 880,7,209.78,true
11836,SKU-111835,Ventilador Lumix 262,20,590.06,true
11837,SKU-111836,Purificador Orbis 128,13,248.21,true
11838,SKU-111837,Lavadora Trilha 725,13,411.81,true
11839,SKU-111838,Estante Nordic 252,20,497.20,true
11840,SKU-111839,Console Kubo 713,15,503.87,true
11841,SKU-111840,Smartphone Aurora 132,16,282.59,true
11842,SKU-111841,Carregador Delta 344,18,701.11,true
11843,SKU-111842,Monitor Aurora 142,18,92.31,true
11844,SKU-111843,Receiver Nordic 775,16,222.04,false
11845,SKU-111844,Batedeira Zentro 627,16,320.43,true
11846,SKU-111845,Headphone Veloce 285,21,405.19,false
11847,SKU-111846,Televisor Delta 461,9,261.34,true
11848,SKU-111847,Toalha Saga 847,3,257.10,true
11849,SKU-111848,Micro-ondas Saga 171,21,610.71,true
11850,SKU-111849,Serra Pratic 409,13,85.03,true
11851,SKU-111850,Fone Pratic 111,21,401.99,false
11852,SKU-111851,Smartphone Lumix 964,13,1131.19,true
11853,SKU-111852,Smartphone Primo 473,13,715.34,true
11854,SKU-111853,Controle Mirante 645,7,308.49,true
11855,SKU-111854,SSD Delta 124,17,1112.55,true
11856,SKU-111855,Headset Mirante 188,16,222.45,true
11857,SKU-111856,Toalha Primo 159,20,342.27,true
11858,SKU-111857,Serra Brava 964,15,319.14,true
11859,SKU-111858,Bicicleta Onix 511,10,62.14,true
11860,SKU-111859,Bicicleta Pratic 527,9,450.32,true
11861,SKU-111860,Receiver Veloce 773,7,291.77,true
11862,SKU-111861,Furadeira Kubo 116,9,840.21,true
11863,SKU-111862,SSD Pratic 482,7,362.46,true
11864,SKU-111863,Fonte Mirante 112,21,827.17,true
11865,SKU-111864,Cooler Vertex 272,15,637.06,true
11866,SKU-111865,Fogão Orbis 306,10,424.32,true
11867,SKU-111866,Lençol Delta 154,2,199.66,true
11868,SKU-111867,Estante Zentro 725,15,130.90,true
11869,SKU-111868,Aspirador Nordic 117,18,305.55,true
11870,SKU-111869,Sofá Brava 962,6,507.73,true
11871,SKU-111870,Desktop Orbis 544,10,289.31,false
11872,SKU-111871,Monitor Delta 504,21,398.32,true
11873,SKU-111872,Receiver Lumix 821,16,225.38,true
11874,SKU-111873,Geladeira Nexa 809,7,515.01,true
11875,SKU-111874,Notebook Saga 842,16,250.50,true
11876,SKU-111875,Lençol Vertex 885,18,140.03,true
11877,SKU-111876,Batedeira Nexa 256,16,398.57,false
11878,SKU-111877,Receiver Delta 344,6,383.86,true
11879,SKU-111878,Geladeira Trilha 362,5,203.33,true
11880,SKU-111879,Batedeira Vertex 628,5,565.78,true
11881,SKU-111880,Smartphone Kubo 658,20,425.50,true
11882,SKU-111881,SSD Veloce 676,16,482.86,false
11883,SKU-111882,Console Nordic 384,13,445.95,true
11884,SKU-111883,Serra Trilha 491,20,772.41,true
11885,SKU-111884,Batedeira Aurora 849,15,805.72,true
11886,SKU-111885,Micro-ondas Nordic 640,15,552.30,true
11887,SKU-111886,Desktop Mirante 559,13,312.44,true
11888,SKU-111887,Bicicleta Vertex 134,16,263.96,true
11889,SKU-111888,Caixa Veloce 571,3,392.59,true
11890,SKU-111889,Parafusadeira Vertex 126,9,547.15,true
11891,SKU-111890,Cooler Onix 992,3,243.43,true
11892,SKU-111891,Sofá Nexa 860,17,398.92,true
11893,SKU-111892,Purificador Vertex 209,20,245.66,true
11894,SKU-111893,Soundbar Zentro 831,13,169.43,true
11895,SKU-111894,Impressora Mirante 996,9,382.13,true
11896,SKU-111895,Headphone Aurora 641,6,442.68,true
11897,SKU-111896,Colchão Zentro 577,10,469.82,true
11898,SKU-111897,Mesa Nexa 105,7,562.88,false
11899,SKU-111898,Fonte Vertex 285,15,635.89,true
11900,SKU-111899,Mesa Onix 824,12,302.64,true
11901,SKU-111900,Toalha Primo 405,21,1106.26,true
11902,SKU-111901,Cafeteira Aurora 644,2,235.66,true
11903,SKU-111902,Colchão Pratic 601,6,527.33,true
11904,SKU-111903,Ventilador Vertex 559,9,292.98,false
11905,SKU-111904,Secadora Primo 608,20,120.14,true
11906,SKU-111905,Fone Lumix 414,13,1036.32,true
11907,SKU-111906,Bicicleta Volt 174,18,880.99,true
11908,SKU-111907,Bicicleta Zentro 521,7,170.80,true
11909,SKU-111908,Caixa Zentro 839,2,603.16,true
11910,SKU-111909,Secadora Trilha 304,13,286.50,true
11911,SKU-111910,Geladeira Aurora 606,5,303.52,false
11912,SKU-111911,Ventilador Zentro 856,20,136.26,true
11913,SKU-111912,Capa Kubo 898,2,769.59,true
11914,SKU-111913,Carregador Lumix 314,2,352.79,true
11915,SKU-111914,Aspirador Volt 854,17,607.43,true
11916,SKU-111915,Mouse Mirante 119,7,370.02,true
11917,SKU-111916,Console Kubo 408,18,554.75,false
11918,SKU-111917,Estante Veloce 920,6,159.88,true
11919,SKU-111918,Monitor Nexa 147,12,246.54,true
11920,SKU-111919,Controle Aurora 325,17,524.07,true
11921,SKU-111920,Halter Volt 980,21,217.04,true
11922,SKU-111921,Purificador Brava 471,5,571.85,true
11923,SKU-111922,Toalha Kubo 894,16,197.08,false
11924,SKU-111923,Televisor Pratic 262,13,468.59,true
11925,SKU-111924,Receiver Zentro 554,17,1115.82,true
11926,SKU-111925,Purificador Aurora 639,10,560.25,true
11927,SKU-111926,Lavadora Mirante 651,9,615.12,true
11928,SKU-111927,Estante Volt 159,18,590.35,true
11929,SKU-111928,Mouse Nexa 884,5,186.28,true
11930,SKU-111929,Monitor Primo 194,17,302.87,true
11931,SKU-111930,Notebook Vertex 710,20,264.81,true
11932,SKU-111931,Ventilador Saga 922,5,849.43,true
11933,SKU-111932,Batedeira Brava 914,5,300.47,true
11934,SKU-111933,Console Aurora 860,18,265.91,true
11935,SKU-111934,Smartphone Onix 446,17,325.54,true
11936,SKU-111935,Liquidificador Pratic 548,2,683.59,true
11937,SKU-111936,Impressora Pratic 998,16,325.63,true
11938,SKU-111937,Fone Pratic 938,9,435.17,true
11939,SKU-111938,Halter Vertex 313,20,319.61,true
11940,SKU-111939,Fonte Pratic 346,7,147.75,true
11941,SKU-111940,Cafeteira Nordic 391,20,70.33,true
11942,SKU-111941,Headphone Saga 914,17,279.71,true
11943,SKU-111942,Desktop Aurora 424,15,652.17,true
11944,SKU-111943,Teclado Kairo 571,17,73.46,true
11945,SKU-111944,Geladeira Saga 309,12,623.58,true
11946,SKU-111945,Ventilador Delta 438,9,754.70,true
11947,SKU-111946,Notebook Kubo 395,15,224.05,true
11948,SKU-111947,Caixa Kairo 754,17,882.81,true
11949,SKU-111948,Carregador Pratic 369,9,149.09,true
11950,SKU-111949,Colchão Orbis 425,5,160.99,true
11951,SKU-111950,Furadeira Aurora 701,7,742.41,true
11952,SKU-111951,Controle Zentro 372,5,101.90,true
11953,SKU-111952,Ar-condicionado Aurora 629,5,441.72,true
11954,SKU-111953,Headphone Lumix 668,20,314.91,true
11955,SKU-111954,Notebook Brava 181,21,106.71,true
11956,SKU-111955,Mouse Delta 970,18,325.90,true
11957,SKU-111956,Mouse Vertex 126,7,530.56,true
11958,SKU-111957,Roteador Nordic 245,6,896.84,true
11959,SKU-111958,Lavadora Mirante 889,18,266.15,true
11960,SKU-111959,Controle Saga 739,15,718.80,true
11961,SKU-111960,Memória Veloce 422,7,181.83,true
11962,SKU-111961,Bicicleta Trilha 607,7,125.56,true
11963,SKU-111962,Cooler Brava 876,3,937.05,true
11964,SKU-111963,Cafeteira Nordic 888,17,80.89,true
11965,SKU-111964,Soundbar Primo 412,9,570.45,true
11966,SKU-111965,Monitor Primo 938,6,536.01,true
11967,SKU-111966,Colchão Orbis 114,2,171.82,true
11968,SKU-111967,Soundbar Kairo 665,10,256.50,true
11969,SKU-111968,Purificador Delta 486,9,705.81,true
11970,SKU-111969,Fonte Vertex 221,9,509.96,true
11971,SKU-111970,Console Saga 903,9,139.27,true
11972,SKU-111971,Liquidificador Brava 566,10,197.67,true
11973,SKU-111972,Ar-condicionado Pratic 526,20,152.57,false
11974,SKU-111973,Colchão Volt 110,13,354.52,true
11975,SKU-111974,Receiver Trilha 711,2,784.31,true
11976,SKU-111975,Mesa Brava 545,9,237.07,true
11977,SKU-111976,Geladeira Aurora 500,15,274.70,true
11978,SKU-111977,Geladeira Kubo 766,7,609.02,true
11979,SKU-111978,Serra Aurora 241,6,380.70,true
11980,SKU-111979,Esteira Mirante 888,2,164.41,true
11981,SKU-111980,Smartphone Vertex 751,9,112.47,true
11982,SKU-111981,Mesa Primo 830,12,128.85,true
11983,SKU-111982,Headphone Volt 765,3,394.53,true
11984,SKU-111983,Geladeira Veloce 961,13,694.37,true
11985,SKU-111984,Smartwatch Astra 301,5,296.14,true
11986,SKU-111985,Serra Volt 533,10,189.65,true
11987,SKU-111986,Notebook Kairo 944,13,368.93,true
11988,SKU-111987,Monitor Veloce 343,10,474.67,true
11989,SKU-111988,Aspirador Onix 748,2,61.25,true
11990,SKU-111989,Caixa Trilha 629,21,161.51,true
11991,SKU-111990,Batedeira Volt 629,15,258.12,true
11992,SKU-111991,Geladeira Saga 380,20,470.01,true
11993,SKU-111992,Monitor Pratic 113,21,767.89,true
11994,SKU-111993,Memória Primo 252,21,312.92,true
11995,SKU-111994,Cafeteira Delta 181,7,169.20,true
11996,SKU-111995,Cafeteira Zentro 914,5,431.51,true
11997,SKU-111996,Desktop Pratic 769,9,219.17,true
11998,SKU-111997,Headset Veloce 414,2,336.55,true
11999,SKU-111998,Lençol Astra 339,16,600.65,true
12000,SKU-111999,Impressora Astra 669,16,164.09,true
