ID_PRODUTO,DESCRICAO,CATEGORIA,PRECO_TABELA,ATIVO
1,CAFETEIRA LUMIX 337,ELETRODOMÉSTICOS,891.62,S
2,JOGO PRATIC 623,CASA,368.24,S
3,ESTEIRA PRATIC 390,TELEFONIA,620.64,S
4,LAVADORA SAGA 165,ELETRODOMÉSTICOS,585.18,S
5,DESKTOP VERTEX 158,DIVERSOS,773.97,S
6,SOFÁ NEXA 478,CASA,159.71,S
7,ESTANTE TRILHA 357,OUTROS,379.63,S
8,CARREGADOR ONIX 145,AUDIO/VIDEO,335.31,S
9,SERRA NORDIC 172,Games e consoles,81.52,S
10,LIQUIDIFICADOR VOLT 370,Casa e decoracao,213.43,S
11,ASPIRADOR ORBIS 872,ESPORTE,516.18,S
12,SECADORA KAIRO 338,AUDIO/VIDEO,89.69,S
13,CARREGADOR VOLT 222,Informática,532.83,S
14,SOFÁ ZENTRO 737,Esportes e lazer,428.37,N
15,VENTILADOR NORDIC 295,INFO,149.84,S
16,SOUNDBAR VELOCE 494,FERRAMENTAS,340.19,S
17,CAPA LUMIX 483,GAMES,127.40,S
18,SERRA AURORA 922,Eletro-domesticos,206.83,S
19,ROTEADOR VOLT 445,ELETRO,208.11,S
20,FONE VELOCE 748,OUTROS,439.26,S
21,SOFÁ VELOCE 329,eletrodomesticos,283.03,S
22,FURADEIRA VOLT 656,Games e consoles,576.30,N
23,COLCHÃO AURORA 232,OUTROS,638.44,S
24,NOTEBOOK TRILHA 308,INFORMATICA,268.28,S
25,MOUSE NORDIC 395,INFO,105.12,N
26,MESA DELTA 268,AUDIO/VIDEO,376.03,S
27,FONTE KAIRO 860,DIVERSOS,359.33,S
28,CADEIRA SAGA 169,Games e consoles,336.32,S
29,CARREGADOR KAIRO 249,Esportes e lazer,328.15,N
30,ESTANTE MIRANTE 523,Casa e decoracao,278.78,S
31,AR-CONDICIONADO LUMIX 157,GAMES,396.67,S
32,TOALHA BRAVA 592,TELEFONIA,362.48,S
33,JOGO ONIX 666,AUDIO/VIDEO,338.17,S
34,CAIXA VERTEX 208,FERRAMENTAS,809.23,S
35,SERRA ONIX 498,ELETRODOMÉSTICOS,1083.94,N
36,ESTANTE TRILHA 333,CASA,348.19,N
37,RECEIVER SAGA 784,DIVERSOS,290.54,N
38,MESA KUBO 100,DIVERSOS,350.90,S
39,CARREGADOR MIRANTE 303,ELETRO,242.59,S
40,FURADEIRA AURORA 735,INFO,201.25,S
41,MESA ZENTRO 500,MOVEIS,658.02,S
42,TECLADO NEXA 596,Casa e decoracao,351.00,S
43,RECEIVER ZENTRO 107,Televisores,258.13,S
44,CADEIRA NEXA 948,Eletro,222.86,S
45,SSD AURORA 513,Eletro-domesticos,556.66,S
46,FONTE VERTEX 245,INFO,120.24,N
47,CAFETEIRA ORBIS 825,FERRAMENTAS,629.46,S
48,CAFETEIRA ORBIS 751,Games e consoles,289.09,S
49,COOLER ZENTRO 199,Televisores,270.86,S
50,MICRO-ONDAS NORDIC 943,eletrodomesticos,258.77,S
51,JOGO KUBO 762,MOVEIS,335.48,S
52,BICICLETA LUMIX 127,Games e consoles,399.40,S
53,SOFÁ ONIX 373,ELETRO,511.17,S
54,SERRA KUBO 246,Ferramentas e construcao,363.73,S
55,FURADEIRA MIRANTE 468,eletrodomesticos,594.10,S
56,CARREGADOR VELOCE 548,INFO,124.71,S
57,SMARTPHONE DELTA 261,FERRAMENTAS,304.54,N
58,FONTE KUBO 984,INFORMATICA,255.20,N
59,MESA VOLT 611,AUDIO/VIDEO,344.07,S
60,FOGÃO NEXA 826,informatica e games,290.12,S
61,ESTANTE ASTRA 594,Televisores,188.78,S
62,HEADPHONE TRILHA 273,Televisores,179.33,S
63,DESKTOP BRAVA 787,ELETRODOMÉSTICOS,715.63,S
64,SECADORA PRIMO 887,Ferramentas e construcao,119.12,N
65,HEADPHONE VERTEX 130,Games e consoles,321.99,N
66,HALTER ORBIS 531,FERRAMENTAS,329.07,N
67,COLCHÃO MIRANTE 519,Televisores,209.55,S
68,JOGO ZENTRO 852,Televisores,151.77,S
69,MONITOR TRILHA 833,Celulares,327.01,S
70,CAPA VOLT 300,Eletro-domesticos,692.79,N
71,MOUSE MIRANTE 590,Televisores,224.11,S
72,JOGO AURORA 682,,690.26,S
73,SMARTWATCH MIRANTE 867,FERRAMENTAS,351.49,S
74,GELADEIRA VOLT 263,Informática,250.54,S
75,PURIFICADOR DELTA 359,ELETRO,541.06,S
76,SSD PRIMO 581,INFORMATICA,121.09,N
77,SECADORA ORBIS 247,Eletro-domesticos,124.49,S
78,COOLER PRIMO 889,Televisores,470.95,N
79,RECEIVER PRIMO 686,Eletro,724.68,N
80,SMARTPHONE VERTEX 114,Eletro,201.80,S
81,NOTEBOOK MIRANTE 953,TELEFONIA,146.95,S
82,ROTEADOR KUBO 117,MOVEIS,317.96,S
83,CAIXA ONIX 791,TV E SOM,265.70,S
84,PURIFICADOR LUMIX 188,ESPORTE,160.56,S
85,RECEIVER NEXA 196,Televisores,809.14,S
86,LIQUIDIFICADOR NEXA 550,AUDIO/VIDEO,269.48,S
87,ESTANTE AURORA 186,MOVEIS,286.85,S
88,CAPA ONIX 537,Televisores,56.38,S
89,HEADPHONE ONIX 273,FERRAMENTAS,318.64,S
90,MICRO-ONDAS DELTA 279,Televisores,371.48,S
91,CADEIRA ORBIS 714,MOVEIS,212.55,S
92,MONITOR VERTEX 885,Eletro,211.94,S
93,COOLER NORDIC 686,ESPORTE,372.03,S
94,CAIXA KUBO 772,Games e consoles,380.09,S
95,JOGO VELOCE 264,CELULAR/SMARTPHONE,342.67,S
96,CONTROLE ONIX 631,Casa e decoracao,445.11,S
97,NOTEBOOK VOLT 627,AUDIO/VIDEO,441.12,N
98,MEMÓRIA KAIRO 742,CELULAR/SMARTPHONE,109.38,N
99,PARAFUSADEIRA KUBO 710,Eletro,299.31,S
100,DESKTOP MIRANTE 319,ESPORTE,340.22,S
101,FONTE MIRANTE 533,Casa e decoracao,254.83,S
102,SOUNDBAR ASTRA 620,Eletro,718.95,S
103,CADEIRA VERTEX 663,ELETRO,461.75,S
104,COLCHÃO BRAVA 883,informatica e games,146.87,S
105,TOALHA SAGA 827,FERRAMENTAS,363.29,S
106,SOUNDBAR DELTA 709,CELULAR/SMARTPHONE,577.54,S
107,CONTROLE ORBIS 925,Televisores,194.46,S
108,COOLER DELTA 145,Games e consoles,708.31,S
109,DESKTOP ZENTRO 854,MOVEIS,776.63,S
110,JOGO VERTEX 603,GAMES,258.83,S
111,CONTROLE LUMIX 266,OUTROS,231.40,S
112,LAVADORA VERTEX 567,DIVERSOS,246.64,S
113,GELADEIRA MIRANTE 807,INFORMATICA,170.30,S
114,SECADORA ASTRA 874,Ferramentas e construcao,265.65,S
115,CAIXA VELOCE 778,Televisores,197.48,S
116,CARREGADOR PRATIC 239,MOVEIS,728.78,S
117,PURIFICADOR SAGA 995,TELEFONIA,739.51,S
118,ESTEIRA AURORA 242,INFORMATICA,642.31,S
119,CAIXA VELOCE 595,CASA,313.79,S
120,HEADPHONE KAIRO 508,CASA,212.89,S
121,CAFETEIRA VERTEX 100,informatica e games,261.77,S
122,SMARTPHONE PRIMO 478,MOVEIS,188.13,S
123,GELADEIRA PRATIC 325,TV E SOM,404.41,N
124,ASPIRADOR PRIMO 198,ELETRODOMÉSTICOS,127.73,S
125,MOUSE VOLT 233,Celulares,336.79,S
126,CARREGADOR VELOCE 454,Televisores,951.19,S
127,FOGÃO VERTEX 318,Esportes e lazer,321.81,S
128,RECEIVER KAIRO 367,GAMES,142.07,S
129,FURADEIRA DELTA 484,ESPORTE,414.98,S
130,SOFÁ TRILHA 212,OUTROS,264.53,S
131,SOFÁ ONIX 747,TV E SOM,284.05,S
132,MICRO-ONDAS ONIX 403,ESPORTE,143.31,S
133,LIQUIDIFICADOR ONIX 203,CASA,335.19,S
134,CONSOLE KUBO 988,informatica e games,137.39,S
135,BICICLETA NORDIC 394,Informática,208.69,S
136,HALTER VOLT 994,DIVERSOS,488.99,S
137,MOUSE KUBO 440,TV E SOM,394.98,N
138,TOALHA TRILHA 422,TELEFONIA,389.52,S
139,LIQUIDIFICADOR SAGA 577,CASA,151.05,S
140,NOTEBOOK VERTEX 615,,271.19,S
141,FONE ZENTRO 164,,72.46,N
142,SSD LUMIX 628,Ferramentas e construcao,554.71,N
143,IMPRESSORA ORBIS 731,MOVEIS,320.27,S
144,SOUNDBAR PRATIC 383,MOVEIS,313.08,N
145,IMPRESSORA PRATIC 964,INFORMATICA,305.62,S
146,MICRO-ONDAS NORDIC 335,FERRAMENTAS,396.28,N
147,TELEVISOR VOLT 359,MOVEIS,709.42,S
148,ASPIRADOR ORBIS 956,Celulares,633.75,S
149,CONTROLE PRIMO 818,INFORMATICA,690.52,S
150,MICRO-ONDAS PRATIC 960,,372.13,S
151,CONTROLE ORBIS 460,CASA,877.74,S
152,CAFETEIRA ZENTRO 976,Eletro-domesticos,484.55,S
153,SOFÁ DELTA 192,GAMES,145.07,S
154,CAFETEIRA PRATIC 379,GAMES,274.99,S
155,HEADPHONE DELTA 932,Games e consoles,1076.38,S
156,CAIXA PRATIC 350,FERRAMENTAS,309.29,S
157,MICRO-ONDAS NEXA 453,FERRAMENTAS,881.80,S
158,SERRA VERTEX 323,AUDIO/VIDEO,310.10,S
159,AR-CONDICIONADO BRAVA 914,Casa e decoracao,606.17,S
160,MONITOR VOLT 887,OUTROS,163.28,S
161,CARREGADOR LUMIX 634,FERRAMENTAS,329.49,S
162,CARREGADOR NORDIC 261,Eletro,151.70,S
163,JOGO VERTEX 791,ELETRODOMÉSTICOS,148.59,S
164,SSD TRILHA 787,Eletro,259.95,S
165,SMARTWATCH SAGA 426,FERRAMENTAS,211.23,S
166,CADEIRA PRATIC 467,GAMES,647.84,S
167,ASPIRADOR ONIX 201,ESPORTE,254.21,S
168,FOGÃO TRILHA 544,AUDIO/VIDEO,366.65,S
169,FURADEIRA ONIX 287,CASA,345.00,N
170,PURIFICADOR ORBIS 240,ESPORTE,261.65,S
171,LAVADORA NORDIC 769,Ferramentas e construcao,654.63,S
172,SERRA SAGA 104,Eletro-domesticos,421.73,S
173,FURADEIRA MIRANTE 852,TELEFONIA,150.91,S
174,BICICLETA NEXA 810,Eletro,190.89,N
175,COLCHÃO MIRANTE 143,eletrodomesticos,691.59,S
176,FONE LUMIX 566,DIVERSOS,536.21,S
177,TOALHA KUBO 684,Esportes e lazer,403.87,S
178,COLCHÃO DELTA 301,informatica e games,151.90,S
179,TECLADO DELTA 408,INFORMATICA,197.53,S
180,HEADSET SAGA 363,Games e consoles,347.06,S
181,ESTEIRA PRIMO 989,GAMES,354.24,S
182,ASPIRADOR ZENTRO 734,informatica e games,498.68,S
183,COLCHÃO ZENTRO 423,MOVEIS,569.76,S
184,SOUNDBAR VOLT 152,Casa e decoracao,398.86,S
185,GELADEIRA NORDIC 815,informatica e games,294.94,S
186,FURADEIRA VOLT 750,CASA,388.73,S
187,NOTEBOOK ASTRA 921,CASA,437.46,S
188,TOALHA ONIX 710,INFORMATICA,250.01,S
189,HEADPHONE NEXA 199,GAMES,276.63,S
190,MEMÓRIA TRILHA 298,Celulares,286.08,S
191,GELADEIRA BRAVA 581,eletrodomesticos,218.88,S
192,FONE VELOCE 776,OUTROS,100.94,S
193,TOALHA TRILHA 665,AUDIO/VIDEO,258.49,S
194,CAIXA NEXA 132,OUTROS,116.46,S
195,HEADSET PRATIC 894,GAMES,227.75,S
196,FOGÃO KAIRO 362,Esportes e lazer,643.60,S
197,CAIXA DELTA 478,Informática,62.36,S
198,NOTEBOOK TRILHA 206,TV E SOM,658.69,S
199,CADEIRA ZENTRO 907,Games e consoles,145.54,S
200,MICRO-ONDAS AURORA 887,AUDIO/VIDEO,245.40,S
201,ESTEIRA SAGA 880,Eletro,269.28,S
202,BATEDEIRA NEXA 643,Eletro,474.90,S
203,TECLADO NORDIC 582,Eletro,175.12,S
204,ESTEIRA BRAVA 715,Casa e decoracao,199.51,S
205,GELADEIRA KUBO 978,Celulares,589.72,N
206,CARREGADOR KUBO 930,eletrodomesticos,103.64,N
207,FOGÃO NORDIC 978,TELEFONIA,359.33,S
208,CONSOLE DELTA 542,ELETRODOMÉSTICOS,244.27,S
209,BATEDEIRA NEXA 119,CELULAR/SMARTPHONE,853.98,S
210,MEMÓRIA ORBIS 143,OUTROS,185.94,N
211,ASPIRADOR PRIMO 648,MOVEIS,322.32,S
212,CADEIRA SAGA 325,Eletro,439.23,S
213,TELEVISOR BRAVA 626,Celulares,326.82,S
214,GELADEIRA BRAVA 323,GAMES,126.04,S
215,SMARTWATCH ONIX 165,Televisores,323.72,S
216,ROTEADOR NORDIC 250,OUTROS,309.04,S
217,SERRA ASTRA 435,TELEFONIA,395.09,S
218,LIQUIDIFICADOR VELOCE 654,AUDIO/VIDEO,129.26,S
219,MOUSE ORBIS 291,Esportes e lazer,161.01,N
220,AR-CONDICIONADO TRILHA 310,INFORMATICA,180.55,S
221,BICICLETA KUBO 136,Ferramentas e construcao,292.81,S
222,SMARTPHONE TRILHA 702,ESPORTE,321.89,S
223,MESA VERTEX 426,AUDIO/VIDEO,320.47,S
224,CONSOLE NEXA 176,AUDIO/VIDEO,270.75,S
225,ESTANTE ORBIS 316,OUTROS,273.31,S
226,MOUSE NEXA 697,Celulares,228.35,S
227,FOGÃO PRIMO 523,AUDIO/VIDEO,270.31,S
228,LIQUIDIFICADOR MIRANTE 178,Esportes e lazer,713.60,S
229,HEADSET PRATIC 778,FERRAMENTAS,100.17,S
230,LENÇOL VELOCE 478,TELEFONIA,459.04,S
231,SMARTWATCH ORBIS 973,ESPORTE,266.85,S
232,RECEIVER ONIX 149,informatica e games,399.24,N
233,ESTANTE ORBIS 947,GAMES,283.90,S
234,COLCHÃO NEXA 727,Televisores,146.93,S
235,CONTROLE ASTRA 924,ESPORTE,155.52,S
236,MOUSE MIRANTE 121,AUDIO/VIDEO,572.87,S
237,JOGO KAIRO 768,ELETRO,231.99,S
238,SECADORA ZENTRO 712,FERRAMENTAS,254.89,S
239,LIQUIDIFICADOR VELOCE 615,AUDIO/VIDEO,91.08,S
240,HALTER ONIX 646,Televisores,327.99,S
241,ASPIRADOR LUMIX 842,eletrodomesticos,119.32,S
242,LENÇOL ONIX 165,ESPORTE,573.84,S
243,ASPIRADOR VELOCE 370,INFORMATICA,274.09,S
244,SOUNDBAR VERTEX 863,ELETRODOMÉSTICOS,196.37,S
245,SERRA ONIX 336,Games e consoles,393.37,S
246,SMARTPHONE VERTEX 711,Ferramentas e construcao,313.01,S
247,HEADPHONE BRAVA 979,CASA,618.37,S
248,LENÇOL NORDIC 792,FERRAMENTAS,155.02,S
249,CONTROLE ASTRA 938,OUTROS,253.31,S
250,CAIXA VELOCE 583,MOVEIS,832.40,S
251,DESKTOP BRAVA 620,OUTROS,104.05,S
252,ASPIRADOR BRAVA 864,informatica e games,298.43,S
253,HALTER KUBO 831,Informática,603.09,S
254,SECADORA NORDIC 161,OUTROS,114.25,S
255,LENÇOL TRILHA 477,INFO,466.97,S
256,LENÇOL KUBO 747,TV E SOM,255.12,S
257,HALTER VOLT 976,OUTROS,524.40,S
258,CAPA KUBO 974,ESPORTE,570.34,S
259,CONTROLE PRIMO 923,Televisores,468.14,S
260,CAIXA BRAVA 154,Esportes e lazer,470.50,S
261,CADEIRA VERTEX 491,DIVERSOS,150.06,S
262,DESKTOP AURORA 862,Informática,362.65,S
263,CARREGADOR KAIRO 388,Celulares,201.25,S
264,JOGO VERTEX 777,CELULAR/SMARTPHONE,194.67,S
265,BICICLETA ORBIS 281,CASA,102.46,S
266,COLCHÃO AURORA 393,,243.90,N
267,VENTILADOR VOLT 496,OUTROS,655.48,S
268,GELADEIRA KUBO 775,MOVEIS,215.04,S
269,TOALHA TRILHA 591,ELETRODOMÉSTICOS,457.84,N
270,SOFÁ MIRANTE 751,informatica e games,610.23,S
271,COOLER NORDIC 750,AUDIO/VIDEO,206.44,S
272,LAVADORA VERTEX 294,Casa e decoracao,165.29,S
273,COLCHÃO LUMIX 683,CELULAR/SMARTPHONE,319.16,S
274,CONTROLE LUMIX 501,TELEFONIA,335.35,S
275,HALTER ZENTRO 805,Celulares,344.25,N
276,MEMÓRIA VERTEX 785,eletrodomesticos,418.82,S
277,SOFÁ VELOCE 170,GAMES,719.27,N
278,FONE VELOCE 374,CASA,172.90,S
279,RECEIVER BRAVA 349,OUTROS,348.05,S
280,TECLADO PRATIC 628,AUDIO/VIDEO,138.78,N
281,PARAFUSADEIRA NEXA 173,Celulares,218.63,S
282,COOLER VOLT 796,TV E SOM,379.09,S
283,TELEVISOR VOLT 702,CASA,127.99,S
284,LIQUIDIFICADOR ORBIS 802,Televisores,255.20,S
285,COOLER SAGA 645,FERRAMENTAS,171.11,S
286,SSD LUMIX 840,ESPORTE,226.08,S
287,FONE BRAVA 511,ELETRODOMÉSTICOS,391.67,S
288,BICICLETA ORBIS 860,eletrodomesticos,297.58,S
289,AR-CONDICIONADO PRIMO 409,Informática,256.02,S
290,CAPA SAGA 549,TV E SOM,899.41,S
291,CAFETEIRA NORDIC 267,MOVEIS,934.58,S
292,BICICLETA NORDIC 678,Eletro-domesticos,483.83,S
293,CAPA BRAVA 376,MOVEIS,204.50,S
294,SECADORA ZENTRO 759,ELETRODOMÉSTICOS,400.64,S
295,ROTEADOR PRATIC 716,,115.64,S
296,CONTROLE DELTA 462,Eletro,887.65,N
297,HEADSET MIRANTE 373,FERRAMENTAS,249.98,S
298,HALTER MIRANTE 242,Casa e decoracao,277.13,S
299,SSD PRIMO 489,informatica e games,244.85,S
300,CONSOLE VELOCE 835,FERRAMENTAS,348.99,S
301,CARREGADOR ASTRA 258,informatica e games,122.29,S
302,LIQUIDIFICADOR KUBO 332,Esportes e lazer,475.27,S
303,TOALHA AURORA 147,Eletro-domesticos,273.79,S
304,MONITOR BRAVA 442,Casa e decoracao,323.39,S
305,BATEDEIRA VOLT 838,Games e consoles,312.72,S
306,BATEDEIRA VERTEX 116,,279.34,S
307,PURIFICADOR KUBO 226,Games e consoles,442.02,N
308,SOUNDBAR NEXA 553,Eletro,273.48,S
309,COLCHÃO PRIMO 196,Games e consoles,628.41,S
310,SECADORA DELTA 111,FERRAMENTAS,424.05,N
311,HALTER ORBIS 902,Games e consoles,303.12,S
312,SERRA TRILHA 980,CELULAR/SMARTPHONE,85.60,S
313,ESTANTE KUBO 454,TV E SOM,348.90,S
314,TOALHA TRILHA 183,ELETRODOMÉSTICOS,549.16,S
315,TELEVISOR PRIMO 513,ESPORTE,263.79,S
316,COLCHÃO MIRANTE 796,CELULAR/SMARTPHONE,678.84,S
317,MOUSE VELOCE 580,MOVEIS,634.46,S
318,CONSOLE NORDIC 671,Informática,324.51,S
319,IMPRESSORA ASTRA 194,OUTROS,330.10,S
320,ESTANTE ZENTRO 745,Ferramentas e construcao,188.64,S
321,TECLADO SAGA 532,Eletro,384.19,S
322,ESTANTE ZENTRO 705,ESPORTE,244.48,S
323,CAIXA MIRANTE 929,Esportes e lazer,108.32,S
324,CADEIRA ONIX 684,Televisores,276.89,S
325,CONTROLE SAGA 276,INFORMATICA,146.17,S
326,ROTEADOR VOLT 905,,537.32,S
327,RECEIVER AURORA 779,DIVERSOS,739.17,S
328,TELEVISOR VOLT 121,Eletro-domesticos,182.39,S
329,TECLADO ASTRA 694,CASA,269.68,S
330,MESA TRILHA 114,FERRAMENTAS,419.30,S
331,PARAFUSADEIRA BRAVA 306,Games e consoles,384.45,S
332,TECLADO PRATIC 478,TV E SOM,253.48,S
333,CAPA AURORA 135,ESPORTE,315.27,S
334,MONITOR DELTA 451,Celulares,742.69,S
335,GELADEIRA ORBIS 456,Informática,218.51,S
336,TELEVISOR TRILHA 990,Ferramentas e construcao,313.08,S
337,MOUSE PRATIC 863,OUTROS,501.42,S
338,CADEIRA VERTEX 444,Games e consoles,189.86,S
339,DESKTOP ASTRA 988,eletrodomesticos,561.26,S
340,CAPA DELTA 773,ELETRO,559.90,S
341,FONE NORDIC 406,AUDIO/VIDEO,155.71,S
342,BATEDEIRA KAIRO 779,ELETRODOMÉSTICOS,376.62,S
343,JOGO ONIX 189,informatica e games,347.26,S
344,FOGÃO AURORA 833,DIVERSOS,699.38,S
345,CADEIRA VERTEX 595,CELULAR/SMARTPHONE,90.69,S
346,FURADEIRA PRIMO 109,CELULAR/SMARTPHONE,125.46,N
347,CAPA SAGA 975,TELEFONIA,255.75,S
348,CONSOLE PRATIC 635,ELETRO,535.55,S
349,SMARTWATCH VELOCE 809,,731.29,S
350,FONTE MIRANTE 338,informatica e games,400.32,S
351,VENTILADOR ORBIS 803,TELEFONIA,516.56,S
352,CARREGADOR ZENTRO 352,INFO,103.70,S
353,FONE VERTEX 511,ELETRODOMÉSTICOS,691.62,S
354,SECADORA NEXA 928,CASA,341.59,S
355,HALTER AURORA 884,Esportes e lazer,894.99,S
356,MOUSE DELTA 557,TELEFONIA,184.96,S
357,PARAFUSADEIRA ASTRA 987,ESPORTE,367.17,S
358,IMPRESSORA MIRANTE 880,GAMES,344.67,S
359,TECLADO VERTEX 806,CASA,511.77,S
360,COOLER AURORA 155,CASA,212.61,N
361,PARAFUSADEIRA KUBO 196,OUTROS,376.13,S
362,SOFÁ ONIX 423,Eletro,661.67,S
363,LENÇOL AURORA 612,TV E SOM,137.35,S
364,CAPA DELTA 276,GAMES,659.57,S
365,SMARTPHONE VELOCE 714,INFO,398.03,S
366,FURADEIRA KUBO 670,INFO,194.67,S
367,JOGO DELTA 528,CELULAR/SMARTPHONE,618.91,S
368,RECEIVER NEXA 505,ELETRO,539.14,S
369,SECADORA SAGA 365,OUTROS,195.14,S
370,FURADEIRA PRATIC 675,GAMES,416.07,S
371,TECLADO MIRANTE 330,INFORMATICA,362.29,S
372,TOALHA SAGA 734,GAMES,370.83,S
373,MESA SAGA 188,GAMES,300.57,S
374,BATEDEIRA PRATIC 715,,543.95,S
375,CONSOLE VOLT 452,FERRAMENTAS,273.13,S
376,COOLER NORDIC 317,eletrodomesticos,664.99,S
377,CAIXA VERTEX 109,AUDIO/VIDEO,385.96,S
378,SECADORA SAGA 688,Casa e decoracao,863.06,S
379,SMARTWATCH PRIMO 956,FERRAMENTAS,248.09,N
380,DESKTOP BRAVA 936,Esportes e lazer,391.45,S
381,MICRO-ONDAS ASTRA 171,,265.91,N
382,GELADEIRA VELOCE 837,Celulares,316.74,S
383,TELEVISOR VOLT 243,Games e consoles,314.04,S
384,GELADEIRA ONIX 332,Games e consoles,138.07,S
385,GELADEIRA KAIRO 711,TV E SOM,1132.09,S
386,FONTE PRIMO 914,DIVERSOS,174.53,S
387,FONTE VELOCE 382,AUDIO/VIDEO,257.13,S
388,COOLER NEXA 715,ELETRO,289.65,S
389,SSD AURORA 630,,221.80,S
390,RECEIVER BRAVA 876,DIVERSOS,63.63,S
391,PARAFUSADEIRA LUMIX 702,Eletro,507.24,S
392,ESTEIRA ASTRA 786,Televisores,456.14,S
393,FOGÃO AURORA 111,Eletro,511.64,S
394,FURADEIRA PRIMO 395,TV E SOM,191.48,S
395,CARREGADOR ORBIS 858,INFORMATICA,253.13,N
396,AR-CONDICIONADO TRILHA 257,ELETRO,315.20,S
397,SERRA DELTA 499,Televisores,138.26,S
398,AR-CONDICIONADO NORDIC 551,FERRAMENTAS,816.09,S
399,MEMÓRIA SAGA 481,Casa e decoracao,1059.72,S
400,GELADEIRA MIRANTE 475,ELETRO,313.99,S
401,SOFÁ PRIMO 418,GAMES,137.93,S
402,DESKTOP PRATIC 848,TELEFONIA,203.07,S
403,RECEIVER KUBO 916,informatica e games,463.77,S
404,CARREGADOR BRAVA 207,GAMES,127.73,S
405,TELEVISOR VELOCE 337,Eletro-domesticos,383.07,S
406,COOLER KAIRO 582,Eletro,579.65,S
407,MEMÓRIA PRATIC 603,informatica e games,275.45,S
408,CARREGADOR PRIMO 305,Televisores,65.58,S
409,GELADEIRA KUBO 641,,654.24,N
410,SMARTWATCH DELTA 890,Celulares,138.22,N
411,SECADORA PRATIC 446,CELULAR/SMARTPHONE,357.74,S
412,CARREGADOR KAIRO 232,Ferramentas e construcao,355.14,S
413,TOALHA NORDIC 445,TV E SOM,118.93,S
414,MONITOR TRILHA 230,Televisores,615.19,S
415,HEADPHONE BRAVA 145,,146.77,S
416,AR-CONDICIONADO TRILHA 346,Ferramentas e construcao,830.49,S
417,DESKTOP NORDIC 279,ESPORTE,308.10,S
418,RECEIVER DELTA 468,TV E SOM,483.60,S
419,TELEVISOR AURORA 321,ELETRO,331.34,S
420,RECEIVER NEXA 903,FERRAMENTAS,314.32,S
421,MEMÓRIA PRATIC 800,Eletro,261.19,S
422,GELADEIRA SAGA 871,INFORMATICA,809.97,S
423,FURADEIRA DELTA 890,Casa e decoracao,597.23,N
424,ASPIRADOR ORBIS 111,Eletro-domesticos,279.61,S
425,TECLADO ONIX 283,,320.75,S
426,JOGO AURORA 672,Esportes e lazer,221.66,S
427,GELADEIRA AURORA 749,TELEFONIA,797.78,S
428,TELEVISOR SAGA 573,AUDIO/VIDEO,195.24,S
429,TELEVISOR VELOCE 475,INFORMATICA,116.13,S
430,SMARTPHONE BRAVA 408,ELETRODOMÉSTICOS,261.43,S
431,CAIXA ORBIS 389,DIVERSOS,181.70,S
432,FOGÃO DELTA 233,CELULAR/SMARTPHONE,1286.08,S
433,SMARTPHONE VELOCE 932,ELETRODOMÉSTICOS,244.49,S
434,CAIXA ZENTRO 194,Casa e decoracao,87.70,S
435,SMARTPHONE ASTRA 195,ESPORTE,246.77,N
436,SSD ONIX 564,Eletro,504.01,S
437,SECADORA MIRANTE 560,Ferramentas e construcao,97.20,S
438,VENTILADOR TRILHA 657,ELETRODOMÉSTICOS,99.55,N
439,ROTEADOR ZENTRO 773,ELETRODOMÉSTICOS,287.61,S
440,COLCHÃO MIRANTE 370,informatica e games,560.78,S
441,BICICLETA TRILHA 859,Celulares,216.17,S
442,HALTER NORDIC 578,GAMES,464.55,S
443,ESTANTE PRIMO 411,ESPORTE,114.69,S
444,CAFETEIRA NEXA 382,OUTROS,292.11,S
445,NOTEBOOK ONIX 341,Eletro,779.98,S
446,BICICLETA KUBO 187,TELEFONIA,495.20,S
447,BICICLETA KAIRO 396,INFORMATICA,558.42,S
448,TECLADO TRILHA 639,FERRAMENTAS,703.54,S
449,CONSOLE AURORA 174,eletrodomesticos,138.29,S
450,HALTER VOLT 384,Games e consoles,111.84,S
451,FONE VOLT 166,ELETRO,270.62,S
452,FURADEIRA MIRANTE 964,AUDIO/VIDEO,477.19,S
453,LAVADORA BRAVA 134,ESPORTE,101.01,S
454,CAIXA BRAVA 847,Televisores,283.81,N
455,CONTROLE TRILHA 866,Celulares,166.51,S
456,CAFETEIRA ORBIS 300,FERRAMENTAS,589.08,S
457,MOUSE MIRANTE 644,DIVERSOS,105.18,S
458,ROTEADOR ORBIS 123,ESPORTE,420.00,S
459,PURIFICADOR ORBIS 246,Informática,400.76,S
460,GELADEIRA PRATIC 734,CELULAR/SMARTPHONE,174.88,S
461,LIQUIDIFICADOR LUMIX 511,eletrodomesticos,149.50,S
462,SOUNDBAR DELTA 753,Ferramentas e construcao,172.25,S
463,MICRO-ONDAS PRATIC 454,TELEFONIA,977.36,S
464,TECLADO MIRANTE 285,TV E SOM,137.56,S
465,FONE MIRANTE 839,Eletro-domesticos,288.30,S
466,CAIXA ZENTRO 850,INFO,59.82,S
467,FONTE SAGA 630,DIVERSOS,158.51,S
468,CONSOLE KAIRO 857,,169.60,S
469,AR-CONDICIONADO ORBIS 230,eletrodomesticos,206.88,N
470,SOUNDBAR ASTRA 459,OUTROS,416.41,S
471,CAFETEIRA PRATIC 285,MOVEIS,91.72,N
472,FONE VOLT 354,Eletro-domesticos,98.09,N
473,CONSOLE KAIRO 492,TV E SOM,398.14,S
474,BICICLETA VOLT 339,OUTROS,243.11,S
475,IMPRESSORA KUBO 787,CASA,295.46,S
476,HALTER ZENTRO 375,TV E SOM,302.84,S
477,JOGO VELOCE 744,Celulares,106.93,N
478,CAFETEIRA SAGA 951,ELETRODOMÉSTICOS,328.86,S
479,CADEIRA PRIMO 295,Eletro,256.49,S
480,BICICLETA ASTRA 139,GAMES,197.60,S
481,MONITOR AURORA 849,MOVEIS,148.76,S
482,MEMÓRIA KAIRO 423,INFO,475.40,N
483,CAIXA KAIRO 878,AUDIO/VIDEO,264.72,S
484,NOTEBOOK PRATIC 352,INFORMATICA,115.04,S
485,MOUSE TRILHA 233,Esportes e lazer,352.55,S
486,AR-CONDICIONADO NEXA 127,Casa e decoracao,260.67,S
487,SERRA PRIMO 316,informatica e games,414.91,S
488,CAIXA VERTEX 775,Eletro,530.03,S
489,COLCHÃO LUMIX 891,AUDIO/VIDEO,174.40,N
490,BATEDEIRA BRAVA 984,TV E SOM,331.83,S
491,ESTEIRA VELOCE 711,ELETRODOMÉSTICOS,338.42,S
492,SMARTWATCH KAIRO 547,Televisores,282.16,S
493,CONTROLE KAIRO 593,Esportes e lazer,341.76,S
494,SSD AURORA 281,informatica e games,417.32,S
495,MESA VOLT 573,FERRAMENTAS,683.58,S
496,ROTEADOR PRIMO 684,CASA,180.77,N
497,ESTEIRA BRAVA 792,eletrodomesticos,306.22,S
498,HEADPHONE NORDIC 758,Eletro-domesticos,548.35,S
499,SECADORA KAIRO 303,Televisores,101.92,S
500,ASPIRADOR SAGA 420,TELEFONIA,631.62,S
501,GELADEIRA VOLT 421,INFO,268.73,S
502,FONE BRAVA 881,Esportes e lazer,154.36,S
503,LIQUIDIFICADOR KUBO 884,CELULAR/SMARTPHONE,210.73,S
504,LAVADORA DELTA 197,Esportes e lazer,219.19,S
505,FONTE PRIMO 593,eletrodomesticos,457.47,S
506,LAVADORA PRIMO 788,Eletro-domesticos,352.82,S
507,PURIFICADOR ASTRA 736,informatica e games,505.65,S
508,LAVADORA VELOCE 193,Eletro,461.06,S
509,CONSOLE KUBO 925,ELETRODOMÉSTICOS,860.00,S
510,FONE KAIRO 808,CASA,124.65,S
511,ASPIRADOR NORDIC 245,Televisores,970.34,S
512,FOGÃO VERTEX 239,DIVERSOS,235.19,N
513,CONTROLE DELTA 623,CELULAR/SMARTPHONE,104.27,S
514,LENÇOL TRILHA 587,TV E SOM,160.75,S
515,HEADPHONE KAIRO 921,AUDIO/VIDEO,319.17,S
516,MICRO-ONDAS MIRANTE 233,OUTROS,312.43,S
517,SECADORA AURORA 698,CELULAR/SMARTPHONE,158.10,S
518,CAIXA LUMIX 504,TV E SOM,648.33,S
519,BATEDEIRA ORBIS 933,INFORMATICA,149.47,S
520,VENTILADOR LUMIX 371,eletrodomesticos,190.02,S
521,LIQUIDIFICADOR NORDIC 598,Casa e decoracao,410.39,S
522,CONSOLE ORBIS 175,TV E SOM,204.23,S
523,IMPRESSORA LUMIX 564,OUTROS,117.32,N
524,CONSOLE NEXA 485,Informática,356.65,N
525,DESKTOP NORDIC 276,GAMES,192.40,S
526,ESTEIRA ORBIS 959,ESPORTE,189.98,S
527,MONITOR VERTEX 912,AUDIO/VIDEO,153.86,S
528,CONSOLE KUBO 984,DIVERSOS,391.68,S
529,SERRA PRIMO 194,Celulares,240.44,S
530,SMARTPHONE ONIX 501,eletrodomesticos,181.06,S
531,HEADPHONE MIRANTE 283,FERRAMENTAS,517.85,S
532,FONTE DELTA 136,FERRAMENTAS,395.11,S
533,CARREGADOR VERTEX 777,FERRAMENTAS,235.51,N
534,CONTROLE NORDIC 710,TV E SOM,521.30,S
535,ASPIRADOR PRATIC 640,OUTROS,150.43,S
536,AR-CONDICIONADO ZENTRO 827,Eletro-domesticos,463.56,N
537,LIQUIDIFICADOR VOLT 637,Celulares,167.94,S
538,CARREGADOR TRILHA 268,Eletro,198.34,S
539,DESKTOP ASTRA 984,CELULAR/SMARTPHONE,287.40,S
540,TECLADO VELOCE 431,Casa e decoracao,148.85,S
541,RECEIVER LUMIX 646,TV E SOM,244.04,S
542,HALTER TRILHA 820,TV E SOM,317.23,S
543,SMARTWATCH VERTEX 991,ESPORTE,326.74,S
544,TOALHA KUBO 904,ELETRODOMÉSTICOS,581.82,S
545,LENÇOL PRATIC 805,ELETRO,157.34,S
546,AR-CONDICIONADO KUBO 767,TV E SOM,472.67,S
547,FOGÃO VELOCE 861,ELETRODOMÉSTICOS,258.18,S
548,TELEVISOR BRAVA 780,Games e consoles,548.59,S
549,SOFÁ NORDIC 867,TV E SOM,546.81,S
550,SMARTPHONE VOLT 635,Esportes e lazer,776.52,S
551,SERRA VOLT 363,FERRAMENTAS,901.78,S
552,CAPA PRATIC 321,Esportes e lazer,343.00,S
553,CONTROLE KAIRO 531,AUDIO/VIDEO,229.22,S
554,PURIFICADOR NEXA 446,Casa e decoracao,1044.90,S
555,FONE ONIX 674,INFORMATICA,58.37,S
556,FONTE ORBIS 399,ELETRODOMÉSTICOS,122.26,S
557,LENÇOL DELTA 101,MOVEIS,264.62,S
558,DESKTOP SAGA 656,informatica e games,391.21,S
559,PURIFICADOR KUBO 710,AUDIO/VIDEO,398.03,S
560,FURADEIRA BRAVA 457,eletrodomesticos,384.32,S
561,MICRO-ONDAS VELOCE 709,ELETRODOMÉSTICOS,615.40,S
562,TECLADO VERTEX 323,MOVEIS,143.84,S
563,SERRA SAGA 636,Games e consoles,462.62,S
564,CAFETEIRA NEXA 594,Casa e decoracao,564.37,S
565,SOUNDBAR KAIRO 191,ELETRODOMÉSTICOS,473.84,S
566,GELADEIRA DELTA 983,FERRAMENTAS,617.70,N
567,COOLER AURORA 612,Casa e decoracao,511.60,N
568,HALTER ASTRA 975,FERRAMENTAS,88.93,S
569,DESKTOP ONIX 201,DIVERSOS,680.33,S
570,GELADEIRA BRAVA 574,CELULAR/SMARTPHONE,177.71,S
571,AR-CONDICIONADO VOLT 192,Celulares,278.94,S
572,CONTROLE PRIMO 697,CELULAR/SMARTPHONE,187.01,S
573,MESA PRATIC 426,OUTROS,420.06,S
574,FURADEIRA PRIMO 963,Televisores,585.21,S
575,CAIXA ZENTRO 479,CASA,908.53,S
576,FONE VOLT 727,FERRAMENTAS,406.44,S
577,SSD DELTA 156,Casa e decoracao,154.49,S
578,BICICLETA NEXA 596,Games e consoles,146.55,S
579,MONITOR ONIX 960,TELEFONIA,551.87,S
580,TOALHA NORDIC 741,OUTROS,358.12,S
581,NOTEBOOK VOLT 262,TELEFONIA,123.88,S
582,SOUNDBAR ORBIS 192,CASA,680.74,S
583,SMARTWATCH ASTRA 330,DIVERSOS,263.13,S
584,CAPA ZENTRO 906,MOVEIS,144.47,N
585,IMPRESSORA TRILHA 559,GAMES,141.05,S
586,BICICLETA TRILHA 975,Eletro-domesticos,405.11,S
587,NOTEBOOK ZENTRO 848,Casa e decoracao,84.07,S
588,HALTER ORBIS 265,TV E SOM,357.87,S
589,IMPRESSORA KAIRO 728,ELETRO,210.76,N
590,COLCHÃO PRATIC 313,FERRAMENTAS,286.49,S
591,LIQUIDIFICADOR ONIX 703,GAMES,205.22,S
592,MESA ORBIS 580,TELEFONIA,702.32,N
593,CAPA ZENTRO 883,Esportes e lazer,706.16,S
594,LENÇOL ONIX 162,MOVEIS,187.42,S
595,MEMÓRIA LUMIX 346,INFORMATICA,447.17,S
596,SMARTWATCH ORBIS 840,Casa e decoracao,107.00,S
597,CONSOLE ASTRA 602,ELETRO,349.83,N
598,SOUNDBAR LUMIX 572,OUTROS,233.84,S
599,NOTEBOOK DELTA 335,TELEFONIA,44.58,S
600,SOFÁ SAGA 847,Televisores,609.78,N
601,COOLER ONIX 782,Ferramentas e construcao,290.12,S
602,SOUNDBAR NORDIC 910,INFORMATICA,414.41,S
603,RECEIVER ZENTRO 190,ELETRODOMÉSTICOS,151.08,N
604,ROTEADOR NEXA 533,INFO,444.57,S
605,ROTEADOR KUBO 293,Informática,284.91,S
606,RECEIVER BRAVA 199,Televisores,235.74,S
607,FURADEIRA SAGA 314,Casa e decoracao,640.71,S
608,FONE MIRANTE 184,Televisores,104.56,S
609,SOUNDBAR KAIRO 542,ELETRO,985.96,S
610,CAPA BRAVA 642,eletrodomesticos,366.56,S
611,BICICLETA PRIMO 515,Eletro-domesticos,333.29,S
612,MICRO-ONDAS VERTEX 424,Games e consoles,310.43,S
613,DESKTOP NORDIC 270,Eletro-domesticos,635.61,S
614,SMARTWATCH SAGA 961,eletrodomesticos,585.51,S
615,TOALHA VELOCE 982,informatica e games,531.59,S
616,AR-CONDICIONADO TRILHA 752,eletrodomesticos,518.61,S
617,JOGO KUBO 995,TELEFONIA,237.80,S
618,SOFÁ NEXA 973,Games e consoles,366.15,S
619,CONTROLE VELOCE 521,MOVEIS,201.45,S
620,NOTEBOOK VOLT 951,Eletro,69.22,S
621,LIQUIDIFICADOR PRIMO 289,Eletro-domesticos,46.28,S
622,FURADEIRA ONIX 493,eletrodomesticos,392.47,S
623,SSD ASTRA 262,Casa e decoracao,308.11,S
624,SOFÁ VELOCE 217,ELETRODOMÉSTICOS,306.26,S
625,SOUNDBAR VELOCE 252,CASA,227.79,N
626,LAVADORA AURORA 992,GAMES,276.94,N
627,FONE SAGA 946,Informática,352.22,S
628,PARAFUSADEIRA NORDIC 794,informatica e games,268.38,S
629,SERRA ZENTRO 487,DIVERSOS,749.39,S
630,CAIXA NEXA 786,informatica e games,148.99,N
631,HALTER ASTRA 561,Celulares,137.62,S
632,CAPA PRIMO 966,CASA,190.08,S
633,MICRO-ONDAS SAGA 491,MOVEIS,218.83,S
634,DESKTOP MIRANTE 848,INFO,476.05,S
635,ESTEIRA TRILHA 585,TV E SOM,426.26,S
636,LENÇOL DELTA 130,AUDIO/VIDEO,503.23,S
637,VENTILADOR PRIMO 977,OUTROS,709.34,S
638,LAVADORA PRATIC 898,Eletro-domesticos,472.17,S
639,HEADSET ASTRA 777,Casa e decoracao,575.16,S
640,HEADSET KAIRO 164,CELULAR/SMARTPHONE,504.67,S
641,SMARTWATCH KUBO 663,eletrodomesticos,232.33,S
642,PARAFUSADEIRA PRIMO 962,ESPORTE,254.86,S
643,SMARTPHONE ASTRA 116,CELULAR/SMARTPHONE,98.02,S
644,SECADORA NEXA 638,ESPORTE,671.87,S
645,DESKTOP MIRANTE 847,OUTROS,228.77,S
646,LIQUIDIFICADOR KAIRO 329,TV E SOM,745.16,N
647,MEMÓRIA NEXA 337,AUDIO/VIDEO,511.12,S
648,BICICLETA KAIRO 624,Casa e decoracao,352.80,N
649,ROTEADOR VELOCE 486,AUDIO/VIDEO,97.89,S
650,SSD KUBO 150,CASA,174.99,S
651,COOLER NORDIC 220,FERRAMENTAS,191.22,N
652,FONE NORDIC 883,TV E SOM,645.29,S
653,SSD NEXA 234,ELETRO,136.84,S
654,CAPA KUBO 234,Eletro,431.63,S
655,LIQUIDIFICADOR VELOCE 387,Eletro,420.20,S
656,CONTROLE ONIX 576,OUTROS,128.79,S
657,CADEIRA ONIX 515,Eletro,105.27,S
658,FOGÃO ONIX 740,CASA,146.49,S
659,IMPRESSORA ASTRA 715,informatica e games,423.12,S
660,SSD KUBO 995,Informática,571.20,S
661,COOLER KUBO 782,Casa e decoracao,287.73,S
662,MESA PRATIC 659,Eletro-domesticos,269.01,S
663,MICRO-ONDAS KAIRO 275,OUTROS,191.27,S
664,MEMÓRIA KAIRO 792,CELULAR/SMARTPHONE,348.44,S
665,BICICLETA MIRANTE 973,INFO,793.25,S
666,CONSOLE BRAVA 225,Ferramentas e construcao,480.18,S
667,NOTEBOOK ZENTRO 242,FERRAMENTAS,156.52,S
668,FONE PRIMO 218,Casa e decoracao,493.67,S
669,HEADSET NORDIC 768,eletrodomesticos,404.51,N
670,MESA ASTRA 114,FERRAMENTAS,82.63,N
671,AR-CONDICIONADO NORDIC 322,TV E SOM,398.71,S
672,CAFETEIRA ZENTRO 737,eletrodomesticos,704.72,S
673,ESTEIRA NEXA 316,Eletro,518.33,S
674,CAFETEIRA ASTRA 155,Eletro-domesticos,715.66,S
675,FURADEIRA AURORA 259,TELEFONIA,320.11,S
676,ESTEIRA MIRANTE 291,ESPORTE,176.25,S
677,FONTE LUMIX 886,Eletro-domesticos,341.16,S
678,FONE KUBO 686,ELETRODOMÉSTICOS,525.59,S
679,HEADPHONE ORBIS 335,Eletro-domesticos,295.62,N
680,ASPIRADOR NORDIC 548,Ferramentas e construcao,245.83,S
681,JOGO LUMIX 419,ELETRODOMÉSTICOS,195.31,S
682,JOGO TRILHA 853,Eletro-domesticos,734.00,S
683,FOGÃO KAIRO 927,Televisores,297.20,S
684,COOLER VERTEX 198,INFORMATICA,496.81,S
685,LAVADORA DELTA 611,Eletro,200.82,S
686,CONTROLE VERTEX 343,informatica e games,120.20,S
687,FONTE AURORA 239,,586.40,S
688,RECEIVER NORDIC 704,,321.85,S
689,MESA LUMIX 765,INFO,373.47,S
690,SECADORA MIRANTE 552,eletrodomesticos,289.64,S
691,NOTEBOOK MIRANTE 365,Informática,140.33,S
692,TELEVISOR PRIMO 393,INFORMATICA,346.12,S
693,NOTEBOOK NEXA 801,informatica e games,207.47,S
694,GELADEIRA KUBO 468,INFO,450.54,S
695,BICICLETA TRILHA 292,CELULAR/SMARTPHONE,549.24,S
696,JOGO KUBO 713,INFORMATICA,1048.72,S
697,CAPA NEXA 870,Eletro,614.68,S
698,JOGO NEXA 759,CELULAR/SMARTPHONE,826.44,N
699,MESA ORBIS 216,INFO,567.80,S
700,LIQUIDIFICADOR BRAVA 935,MOVEIS,177.81,S
701,FOGÃO PRIMO 929,Celulares,357.95,S
702,PURIFICADOR KUBO 508,INFORMATICA,1036.39,S
703,CONSOLE KAIRO 121,CASA,469.96,S
704,SMARTPHONE ORBIS 568,DIVERSOS,744.33,S
705,ESTEIRA LUMIX 925,TV E SOM,200.99,S
706,MONITOR BRAVA 634,GAMES,642.52,S
707,PURIFICADOR DELTA 589,,470.51,S
708,CAIXA ORBIS 576,Casa e decoracao,511.58,S
709,MOUSE AURORA 916,TV E SOM,488.01,S
710,TECLADO NORDIC 771,INFO,704.66,N
711,FURADEIRA VELOCE 858,OUTROS,420.46,S
712,RECEIVER NEXA 826,Casa e decoracao,191.07,S
713,LIQUIDIFICADOR NORDIC 666,Eletro,589.95,S
714,LIQUIDIFICADOR PRIMO 547,Televisores,320.81,S
715,SERRA SAGA 673,ELETRO,928.52,S
716,TECLADO TRILHA 774,eletrodomesticos,44.07,S
717,SECADORA BRAVA 113,Esportes e lazer,432.62,N
718,HALTER ONIX 825,TELEFONIA,800.06,S
719,IMPRESSORA VOLT 326,Informática,521.57,S
720,MEMÓRIA KUBO 736,INFO,281.26,S
721,DESKTOP VOLT 507,CASA,184.06,S
722,JOGO NORDIC 473,DIVERSOS,445.01,S
723,FURADEIRA TRILHA 586,Celulares,99.55,S
724,CAFETEIRA KAIRO 307,ELETRODOMÉSTICOS,679.99,S
725,ESTEIRA DELTA 332,FERRAMENTAS,343.46,N
726,JOGO LUMIX 324,OUTROS,177.32,S
727,BATEDEIRA PRATIC 920,Games e consoles,155.13,S
728,AR-CONDICIONADO ONIX 836,DIVERSOS,190.44,S
729,MEMÓRIA AURORA 444,DIVERSOS,297.22,S
730,ROTEADOR AURORA 816,FERRAMENTAS,861.07,S
731,SSD LUMIX 537,MOVEIS,578.76,S
732,LIQUIDIFICADOR ASTRA 307,TELEFONIA,268.70,S
733,SOUNDBAR BRAVA 474,,192.38,S
734,SOFÁ KAIRO 506,eletrodomesticos,243.63,S
735,DESKTOP VELOCE 139,DIVERSOS,552.24,S
736,RECEIVER SAGA 130,INFO,288.32,S
737,NOTEBOOK NORDIC 878,TELEFONIA,305.19,S
738,JOGO VERTEX 144,MOVEIS,379.43,S
739,CONTROLE NEXA 859,INFO,612.97,S
740,HEADPHONE LUMIX 664,OUTROS,142.03,S
741,MICRO-ONDAS DELTA 209,TELEFONIA,230.37,S
742,JOGO ONIX 488,TV E SOM,1014.12,S
743,SSD TRILHA 361,TV E SOM,383.06,N
744,PARAFUSADEIRA VELOCE 948,Esportes e lazer,404.60,S
745,TOALHA DELTA 740,AUDIO/VIDEO,623.49,S
746,AR-CONDICIONADO VERTEX 124,informatica e games,683.54,S
747,CAPA PRATIC 511,AUDIO/VIDEO,642.22,S
748,ROTEADOR PRIMO 204,MOVEIS,419.51,S
749,LIQUIDIFICADOR ZENTRO 917,MOVEIS,124.84,S
750,BATEDEIRA VELOCE 389,,427.26,S
751,CAIXA ONIX 775,MOVEIS,109.03,S
752,VENTILADOR ASTRA 575,Eletro,518.04,S
753,ASPIRADOR KAIRO 446,Celulares,173.16,S
754,FOGÃO VERTEX 345,INFO,212.59,S
755,HEADSET NEXA 891,INFORMATICA,165.62,S
756,LENÇOL VERTEX 712,Casa e decoracao,282.46,S
757,CONTROLE DELTA 928,OUTROS,363.16,S
758,CAFETEIRA LUMIX 490,DIVERSOS,279.12,S
759,SMARTPHONE VERTEX 630,Celulares,948.19,S
760,HALTER NEXA 312,AUDIO/VIDEO,709.87,S
761,VENTILADOR PRATIC 990,TELEFONIA,379.91,S
762,FONE MIRANTE 361,Ferramentas e construcao,517.69,S
763,SOUNDBAR LUMIX 172,GAMES,208.03,S
764,SOUNDBAR ZENTRO 975,CELULAR/SMARTPHONE,438.34,S
765,MEMÓRIA SAGA 965,CELULAR/SMARTPHONE,563.62,S
766,IMPRESSORA SAGA 570,Casa e decoracao,720.66,S
767,VENTILADOR NORDIC 764,Esportes e lazer,38.92,N
768,SOFÁ AURORA 141,ELETRO,346.48,S
769,MONITOR BRAVA 281,CASA,250.49,S
770,MESA DELTA 386,Celulares,366.96,S
771,IMPRESSORA NORDIC 608,Eletro-domesticos,65.93,S
772,SMARTPHONE DELTA 660,ESPORTE,196.39,S
773,AR-CONDICIONADO VOLT 708,Informática,334.36,S
774,ESTEIRA VOLT 547,Celulares,717.18,S
775,LIQUIDIFICADOR NORDIC 719,INFORMATICA,601.72,N
776,HEADPHONE SAGA 462,Eletro,154.89,S
777,SSD DELTA 564,ELETRO,264.69,S
778,MONITOR LUMIX 344,INFORMATICA,628.62,N
779,NOTEBOOK SAGA 245,OUTROS,373.47,N
780,CARREGADOR AURORA 332,GAMES,334.68,S
781,MESA NORDIC 420,MOVEIS,489.05,S
782,PARAFUSADEIRA NEXA 707,CELULAR/SMARTPHONE,494.48,S
783,TOALHA ONIX 684,Esportes e lazer,336.98,S
784,FONE MIRANTE 773,GAMES,488.63,S
785,ROTEADOR PRATIC 170,TV E SOM,129.73,S
786,IMPRESSORA BRAVA 121,informatica e games,387.96,N
787,CAIXA ASTRA 331,eletrodomesticos,1026.35,S
788,CAFETEIRA NORDIC 550,CASA,401.40,N
789,ESTEIRA MIRANTE 381,Informática,242.89,S
790,MESA AURORA 514,Eletro,1044.49,S
791,MESA ZENTRO 906,Ferramentas e construcao,124.79,N
792,MICRO-ONDAS ASTRA 944,,606.48,S
793,PARAFUSADEIRA PRATIC 871,INFORMATICA,544.50,N
794,TOALHA BRAVA 771,CELULAR/SMARTPHONE,105.04,S
795,HALTER PRATIC 398,informatica e games,129.30,N
796,ROTEADOR MIRANTE 707,ESPORTE,214.49,S
797,ESTEIRA MIRANTE 267,Eletro-domesticos,653.28,S
798,GELADEIRA VERTEX 316,Ferramentas e construcao,232.82,S
799,MICRO-ONDAS PRIMO 285,CASA,1280.14,S
800,LENÇOL TRILHA 808,Eletro-domesticos,457.47,S
801,RECEIVER VERTEX 818,,154.01,S
802,CONSOLE BRAVA 820,FERRAMENTAS,505.80,S
803,HALTER ZENTRO 781,Eletro,204.13,S
804,SERRA PRIMO 938,Games e consoles,102.95,S
805,MICRO-ONDAS NORDIC 207,ELETRO,353.96,S
806,COOLER TRILHA 837,Eletro-domesticos,262.60,S
807,CAFETEIRA TRILHA 394,TV E SOM,445.40,S
808,SOFÁ PRIMO 387,TELEFONIA,153.13,S
809,DESKTOP VERTEX 459,Eletro-domesticos,298.80,S
810,SMARTWATCH VERTEX 761,Televisores,203.25,S
811,MESA KUBO 897,Celulares,521.07,S
812,MICRO-ONDAS ORBIS 417,CASA,739.12,S
813,SOFÁ KAIRO 396,Ferramentas e construcao,762.17,S
814,TELEVISOR KUBO 892,AUDIO/VIDEO,192.99,N
815,TECLADO KUBO 303,Games e consoles,598.86,S
816,HALTER BRAVA 918,TV E SOM,415.40,S
817,CADEIRA KUBO 859,Televisores,633.56,S
818,CARREGADOR DELTA 469,Ferramentas e construcao,133.06,S
819,CONTROLE PRATIC 698,CELULAR/SMARTPHONE,106.77,S
820,DESKTOP ZENTRO 762,eletrodomesticos,676.05,S
821,ESTANTE DELTA 274,eletrodomesticos,875.82,S
822,CADEIRA ORBIS 910,,307.15,S
823,SSD NORDIC 679,FERRAMENTAS,116.68,S
824,COOLER NORDIC 845,informatica e games,238.51,S
825,LENÇOL KAIRO 165,ELETRODOMÉSTICOS,473.90,N
826,PURIFICADOR NEXA 648,Eletro-domesticos,759.57,S
827,MOUSE LUMIX 401,CASA,278.41,S
828,HALTER TRILHA 275,INFORMATICA,708.99,S
829,MEMÓRIA ONIX 909,Ferramentas e construcao,334.83,S
830,FURADEIRA NORDIC 276,eletrodomesticos,521.72,S
831,SSD ASTRA 373,informatica e games,184.42,S
832,LIQUIDIFICADOR AURORA 179,ELETRO,340.03,S
833,VENTILADOR SAGA 816,eletrodomesticos,191.90,S
834,CAIXA ASTRA 541,INFORMATICA,78.50,S
835,TECLADO PRATIC 250,ESPORTE,528.69,S
836,MONITOR VELOCE 192,CELULAR/SMARTPHONE,698.61,S
837,NOTEBOOK VELOCE 212,Casa e decoracao,642.30,S
838,FOGÃO KUBO 699,Televisores,555.88,S
839,CAFETEIRA VERTEX 947,INFORMATICA,190.16,S
840,AR-CONDICIONADO DELTA 617,Casa e decoracao,1045.17,S
841,MICRO-ONDAS VERTEX 260,Informática,311.65,S
842,SMARTWATCH PRATIC 632,Informática,165.08,S
843,COLCHÃO VOLT 970,,85.12,S
844,VENTILADOR ONIX 188,CELULAR/SMARTPHONE,68.31,S
845,CONTROLE MIRANTE 883,Games e consoles,629.17,S
846,LENÇOL ASTRA 989,Informática,308.07,S
847,ASPIRADOR ZENTRO 654,DIVERSOS,638.29,S
848,ROTEADOR VELOCE 724,CASA,502.91,S
849,SECADORA AURORA 864,Games e consoles,483.17,N
850,MICRO-ONDAS MIRANTE 766,Esportes e lazer,127.26,S
851,MESA VELOCE 465,DIVERSOS,134.72,S
852,CONTROLE PRATIC 924,informatica e games,430.37,S
853,TECLADO ZENTRO 555,informatica e games,493.88,S
854,BATEDEIRA VOLT 171,DIVERSOS,207.77,S
855,TELEVISOR TRILHA 830,Televisores,146.82,S
856,BICICLETA SAGA 512,MOVEIS,259.94,S
857,COOLER PRIMO 596,Eletro-domesticos,241.08,S
858,LENÇOL KAIRO 661,Celulares,621.57,S
859,FONE VERTEX 345,TV E SOM,140.01,S
860,COLCHÃO KAIRO 511,OUTROS,108.43,N
861,PARAFUSADEIRA ONIX 906,Eletro-domesticos,602.29,S
862,SECADORA ONIX 920,informatica e games,202.15,S
863,LENÇOL VELOCE 458,Casa e decoracao,752.64,S
864,CONSOLE NORDIC 346,ELETRO,234.63,S
865,FONTE MIRANTE 131,FERRAMENTAS,95.18,S
866,ESTANTE SAGA 977,Ferramentas e construcao,152.53,S
867,IMPRESSORA NORDIC 411,Celulares,458.40,S
868,ESTANTE AURORA 691,,374.93,S
869,CAFETEIRA SAGA 764,ESPORTE,290.75,S
870,VENTILADOR NORDIC 222,Esportes e lazer,694.89,S
871,AR-CONDICIONADO SAGA 581,OUTROS,739.90,S
872,PURIFICADOR ZENTRO 605,GAMES,203.59,S
873,CAFETEIRA KAIRO 894,INFORMATICA,356.66,N
874,CAFETEIRA NEXA 531,CASA,691.23,S
875,TECLADO SAGA 802,Informática,458.52,S
876,CONSOLE NEXA 384,Casa e decoracao,873.00,N
877,CONSOLE KAIRO 426,Celulares,236.66,S
878,SOUNDBAR VERTEX 195,,214.75,S
879,MEMÓRIA MIRANTE 433,ELETRO,233.94,S
880,TECLADO KAIRO 876,Games e consoles,121.42,S
881,SSD TRILHA 557,ESPORTE,298.54,S
882,COLCHÃO KAIRO 952,INFORMATICA,443.75,S
883,CADEIRA KUBO 510,Games e consoles,463.38,S
884,SECADORA PRATIC 812,Eletro,392.04,S
885,SOUNDBAR DELTA 494,FERRAMENTAS,199.66,S
886,SERRA SAGA 876,Ferramentas e construcao,297.20,S
887,SSD ASTRA 607,Esportes e lazer,160.18,S
888,CAFETEIRA KUBO 539,Eletro-domesticos,127.11,N
889,SECADORA PRATIC 192,CASA,375.27,S
890,JOGO AURORA 472,GAMES,100.88,S
891,FOGÃO NORDIC 963,DIVERSOS,527.18,S
892,COLCHÃO VERTEX 860,MOVEIS,330.15,S
893,DESKTOP PRATIC 629,ELETRODOMÉSTICOS,683.56,S
894,JOGO LUMIX 711,MOVEIS,493.06,N
895,PARAFUSADEIRA ONIX 425,CASA,176.15,S
896,HEADPHONE DELTA 986,MOVEIS,156.07,N
897,MESA TRILHA 930,Esportes e lazer,401.47,S
898,CAIXA VELOCE 736,CASA,500.04,S
899,FURADEIRA MIRANTE 614,TV E SOM,260.88,S
900,ESTEIRA KAIRO 862,,187.23,S
901,CARREGADOR ONIX 247,eletrodomesticos,266.07,S
902,MOUSE VERTEX 258,ELETRO,378.73,N
903,COLCHÃO KUBO 599,,88.93,S
904,CAIXA DELTA 783,CASA,337.91,S
905,MONITOR VOLT 952,informatica e games,324.80,S
906,FONE AURORA 684,informatica e games,197.35,S
907,MOUSE SAGA 798,Casa e decoracao,51.15,S
908,CADEIRA TRILHA 772,DIVERSOS,56.79,S
909,ESTANTE AURORA 967,Games e consoles,884.33,S
910,TECLADO KUBO 163,CELULAR/SMARTPHONE,1026.16,S
911,ESTEIRA ZENTRO 367,ELETRODOMÉSTICOS,951.63,S
912,SOUNDBAR VERTEX 435,OUTROS,206.20,S
913,BATEDEIRA ONIX 859,Casa e decoracao,231.87,N
914,FONE NEXA 870,Televisores,361.19,S
915,HEADPHONE VELOCE 738,DIVERSOS,577.57,S
916,CADEIRA PRIMO 959,Games e consoles,97.63,S
917,VENTILADOR SAGA 706,FERRAMENTAS,698.17,S
918,PARAFUSADEIRA ORBIS 125,OUTROS,365.51,S
919,DESKTOP PRIMO 585,informatica e games,626.88,S
920,TELEVISOR NEXA 394,TV E SOM,939.45,S
921,ROTEADOR DELTA 180,Ferramentas e construcao,327.20,S
922,CAFETEIRA PRIMO 782,Casa e decoracao,49.12,N
923,MOUSE ASTRA 411,Informática,233.05,S
924,HEADSET KAIRO 930,Ferramentas e construcao,226.21,S
925,SOFÁ PRATIC 334,Esportes e lazer,478.95,S
926,GELADEIRA BRAVA 315,Esportes e lazer,1069.16,S
927,FONE LUMIX 439,TELEFONIA,468.84,S
928,CADEIRA ASTRA 590,TELEFONIA,730.54,S
929,CARREGADOR ONIX 911,Televisores,126.84,S
930,SSD TRILHA 945,Eletro-domesticos,79.50,S
931,JOGO TRILHA 687,FERRAMENTAS,108.44,S
932,TELEVISOR ORBIS 257,CELULAR/SMARTPHONE,81.02,S
933,CARREGADOR MIRANTE 600,Eletro-domesticos,274.78,S
934,JOGO VOLT 312,OUTROS,392.11,N
935,JOGO ASTRA 164,Eletro-domesticos,1020.15,S
936,DESKTOP ONIX 217,Televisores,381.45,N
937,GELADEIRA ONIX 762,GAMES,767.91,S
938,BATEDEIRA PRATIC 988,eletrodomesticos,571.30,S
939,FOGÃO AURORA 685,AUDIO/VIDEO,274.17,S
940,RECEIVER PRIMO 840,GAMES,329.45,S
941,ROTEADOR SAGA 558,ELETRODOMÉSTICOS,514.85,S
942,BICICLETA VERTEX 262,ELETRODOMÉSTICOS,248.99,N
943,CAFETEIRA NEXA 354,Informática,565.82,S
944,SSD VELOCE 463,MOVEIS,594.23,S
945,AR-CONDICIONADO NEXA 946,Celulares,334.79,S
946,SOUNDBAR VERTEX 169,GAMES,443.53,S
947,SERRA DELTA 810,TELEFONIA,204.68,S
948,PURIFICADOR AURORA 700,CELULAR/SMARTPHONE,138.58,S
949,COOLER SAGA 414,Casa e decoracao,372.31,S
950,BATEDEIRA VOLT 127,,263.84,S
951,GELADEIRA LUMIX 980,TV E SOM,551.99,N
952,VENTILADOR ORBIS 246,informatica e games,234.64,S
953,IMPRESSORA NORDIC 606,TELEFONIA,119.17,S
954,ESTEIRA AURORA 267,AUDIO/VIDEO,1001.70,S
955,ESTANTE KAIRO 429,CELULAR/SMARTPHONE,356.69,S
956,FONTE ONIX 487,informatica e games,567.45,S
957,TELEVISOR MIRANTE 482,AUDIO/VIDEO,398.96,S
958,TELEVISOR VERTEX 897,ESPORTE,245.50,N
959,BICICLETA ORBIS 148,ESPORTE,180.85,S
960,FOGÃO PRATIC 115,eletrodomesticos,324.28,S
961,SECADORA NEXA 380,INFO,213.24,S
962,GELADEIRA KAIRO 568,Informática,713.03,S
963,HEADPHONE LUMIX 599,informatica e games,441.26,S
964,PARAFUSADEIRA PRATIC 763,Eletro-domesticos,277.05,S
965,DESKTOP LUMIX 696,OUTROS,475.05,S
966,CONSOLE VELOCE 603,TELEFONIA,578.67,S
967,TOALHA ZENTRO 633,OUTROS,187.09,S
968,MOUSE VELOCE 613,Esportes e lazer,194.04,S
969,IMPRESSORA SAGA 373,Televisores,421.71,S
970,SECADORA NORDIC 134,eletrodomesticos,245.26,S
971,CARREGADOR SAGA 992,Ferramentas e construcao,155.54,S
972,CAPA VELOCE 827,Casa e decoracao,179.83,N
973,PARAFUSADEIRA VERTEX 610,Casa e decoracao,900.52,S
974,HALTER MIRANTE 646,Eletro-domesticos,104.59,S
975,LIQUIDIFICADOR PRIMO 328,Eletro-domesticos,190.89,S
976,RECEIVER TRILHA 231,INFORMATICA,300.04,S
977,SMARTPHONE SAGA 636,MOVEIS,999.00,S
978,SMARTWATCH NEXA 491,Televisores,273.90,S
979,CADEIRA ORBIS 202,MOVEIS,348.71,S
980,GELADEIRA NEXA 494,eletrodomesticos,730.87,S
981,SOUNDBAR BRAVA 368,DIVERSOS,314.82,S
982,BICICLETA VELOCE 595,DIVERSOS,393.15,S
983,PARAFUSADEIRA KAIRO 413,Televisores,311.21,S
984,MEMÓRIA SAGA 665,Celulares,478.50,S
985,MONITOR ORBIS 174,TV E SOM,171.82,S
986,BATEDEIRA KAIRO 149,MOVEIS,117.43,S
987,LENÇOL NORDIC 827,Celulares,982.26,S
988,SMARTWATCH ORBIS 388,Eletro-domesticos,1198.96,S
989,NOTEBOOK ONIX 838,AUDIO/VIDEO,422.54,S
990,TELEVISOR MIRANTE 333,ELETRODOMÉSTICOS,238.22,S
991,PARAFUSADEIRA ASTRA 652,eletrodomesticos,121.35,S
992,PARAFUSADEIRA LUMIX 943,Celulares,399.97,S
993,RECEIVER ZENTRO 483,MOVEIS,310.60,S
994,DESKTOP BRAVA 434,FERRAMENTAS,633.56,N
995,SOUNDBAR KUBO 652,ELETRODOMÉSTICOS,316.21,S
996,SERRA DELTA 518,Ferramentas e construcao,894.16,S
997,BATEDEIRA AURORA 738,GAMES,520.82,S
998,JOGO AURORA 597,INFO,211.92,S
999,ESTEIRA SAGA 300,informatica e games,134.86,S
1000,AR-CONDICIONADO PRATIC 613,,321.17,S
1001,IMPRESSORA SAGA 687,,729.68,S
1002,BICICLETA BRAVA 892,Eletro-domesticos,355.46,S
1003,IMPRESSORA DELTA 756,Eletro,406.36,S
1004,CADEIRA ONIX 486,,542.58,S
1005,GELADEIRA MIRANTE 473,Ferramentas e construcao,382.88,S
1006,SOUNDBAR VOLT 613,ESPORTE,395.03,S
1007,TOALHA ONIX 600,Televisores,467.97,S
1008,VENTILADOR SAGA 208,TELEFONIA,112.07,S
1009,AR-CONDICIONADO ORBIS 475,OUTROS,656.75,S
1010,CARREGADOR AURORA 680,eletrodomesticos,615.45,S
1011,CADEIRA MIRANTE 494,Ferramentas e construcao,130.81,S
1012,SOFÁ NORDIC 887,CASA,427.23,S
1013,BATEDEIRA VELOCE 448,INFO,139.89,S
1014,PURIFICADOR AURORA 110,Esportes e lazer,293.68,S
1015,COLCHÃO AURORA 471,CELULAR/SMARTPHONE,201.33,S
1016,MOUSE MIRANTE 426,AUDIO/VIDEO,308.62,S
1017,CONSOLE KAIRO 805,Eletro-domesticos,351.50,S
1018,VENTILADOR ASTRA 942,AUDIO/VIDEO,152.18,S
1019,SOFÁ NEXA 139,Eletro-domesticos,286.32,S
1020,ROTEADOR ZENTRO 142,Games e consoles,539.00,N
1021,IMPRESSORA ORBIS 919,,852.60,S
1022,LENÇOL NEXA 524,eletrodomesticos,88.91,S
1023,TOALHA ASTRA 356,DIVERSOS,159.73,S
1024,DESKTOP NEXA 984,CELULAR/SMARTPHONE,267.42,N
1025,MEMÓRIA MIRANTE 913,OUTROS,71.57,S
1026,RECEIVER MIRANTE 495,INFORMATICA,353.45,S
1027,SMARTWATCH LUMIX 163,DIVERSOS,317.74,S
1028,IMPRESSORA VERTEX 107,Eletro,150.65,S
1029,HALTER TRILHA 920,Televisores,154.26,S
1030,COOLER NORDIC 464,CASA,2183.80,S
1031,IMPRESSORA ORBIS 316,Celulares,546.76,N
1032,SERRA DELTA 920,ESPORTE,1196.97,S
1033,BATEDEIRA NORDIC 303,Games e consoles,188.96,N
1034,FOGÃO KAIRO 987,DIVERSOS,180.48,S
1035,CONSOLE BRAVA 491,Games e consoles,317.61,S
1036,SOFÁ PRATIC 755,CASA,461.26,S
1037,CONTROLE PRATIC 833,Games e consoles,392.71,S
1038,ROTEADOR PRIMO 467,AUDIO/VIDEO,199.66,S
1039,ROTEADOR PRATIC 209,ELETRODOMÉSTICOS,372.75,S
1040,MONITOR NEXA 472,ELETRO,790.49,S
1041,BICICLETA DELTA 918,,235.39,S
1042,ESTEIRA NORDIC 554,informatica e games,158.13,S
1043,ESTEIRA ASTRA 717,Ferramentas e construcao,389.63,S
1044,CONSOLE BRAVA 664,Eletro,242.28,S
1045,FONTE TRILHA 803,CELULAR/SMARTPHONE,654.71,S
1046,ASPIRADOR KAIRO 670,Informática,142.30,S
1047,RECEIVER PRATIC 238,eletrodomesticos,262.27,S
1048,SECADORA KUBO 667,CASA,392.48,S
1049,FOGÃO BRAVA 830,informatica e games,481.15,S
1050,SOUNDBAR VOLT 619,Eletro,115.46,S
1051,CAIXA ORBIS 809,MOVEIS,238.09,S
1052,SOUNDBAR ZENTRO 949,Televisores,455.65,S
1053,MONITOR MIRANTE 948,MOVEIS,727.66,N
1054,HEADPHONE ORBIS 535,Televisores,167.65,N
1055,DESKTOP VERTEX 254,DIVERSOS,250.67,S
1056,CAPA AURORA 589,,383.03,S
1057,ESTANTE VELOCE 797,GAMES,96.59,N
1058,TELEVISOR VERTEX 126,CASA,995.71,S
1059,LIQUIDIFICADOR KUBO 626,MOVEIS,294.41,S
1060,TELEVISOR NEXA 111,CASA,74.66,S
1061,COOLER ORBIS 791,CELULAR/SMARTPHONE,468.73,S
1062,CAPA TRILHA 250,DIVERSOS,278.05,S
1063,ESTEIRA VELOCE 769,informatica e games,462.28,S
1064,SOUNDBAR NEXA 463,ESPORTE,361.30,S
1065,MEMÓRIA PRIMO 851,Esportes e lazer,532.11,S
1066,CONTROLE NORDIC 621,informatica e games,121.90,S
1067,JOGO ZENTRO 781,DIVERSOS,451.65,S
1068,FONTE ORBIS 115,ELETRO,727.06,S
1069,ESTANTE VOLT 909,AUDIO/VIDEO,715.74,S
1070,ROTEADOR MIRANTE 867,Esportes e lazer,213.93,S
1071,SMARTWATCH ASTRA 599,AUDIO/VIDEO,341.09,S
1072,CARREGADOR MIRANTE 770,FERRAMENTAS,71.26,S
1073,TELEVISOR NORDIC 628,CASA,80.54,S
1074,SOUNDBAR PRATIC 507,AUDIO/VIDEO,213.85,S
1075,ESTEIRA PRIMO 248,CELULAR/SMARTPHONE,314.64,S
1076,TELEVISOR ORBIS 347,,235.84,S
1077,FOGÃO NORDIC 847,Eletro-domesticos,260.48,S
1078,JOGO ZENTRO 444,CASA,279.06,N
1079,SOUNDBAR ASTRA 828,Casa e decoracao,136.34,S
1080,TELEVISOR SAGA 126,Televisores,523.25,S
1081,IMPRESSORA BRAVA 966,ELETRO,334.40,S
1082,AR-CONDICIONADO VELOCE 856,Televisores,384.60,S
1083,COLCHÃO PRATIC 988,Esportes e lazer,139.52,S
1084,LIQUIDIFICADOR ASTRA 834,ELETRO,546.65,S
1085,HALTER MIRANTE 987,DIVERSOS,401.11,S
1086,NOTEBOOK PRIMO 739,ELETRO,732.55,S
1087,TELEVISOR AURORA 754,Games e consoles,540.23,S
1088,SECADORA PRIMO 343,Eletro-domesticos,326.28,S
1089,SECADORA ONIX 285,Casa e decoracao,302.29,S
1090,FONTE ASTRA 912,CELULAR/SMARTPHONE,494.75,S
1091,SOUNDBAR ONIX 670,OUTROS,86.66,S
1092,ASPIRADOR VOLT 804,Eletro,137.80,S
1093,COOLER NEXA 215,TV E SOM,565.63,S
1094,LIQUIDIFICADOR PRIMO 744,INFO,709.91,N
1095,SMARTPHONE AURORA 538,Celulares,242.63,S
1096,SMARTPHONE ONIX 671,CELULAR/SMARTPHONE,179.31,S
1097,SSD ONIX 410,GAMES,928.59,S
1098,BATEDEIRA ZENTRO 686,OUTROS,208.57,S
1099,SOUNDBAR ONIX 513,TELEFONIA,486.64,N
1100,MOUSE NEXA 834,OUTROS,148.95,S
1101,COLCHÃO NORDIC 893,INFO,240.68,S
1102,FONTE AURORA 923,Casa e decoracao,339.05,S
1103,CAIXA LUMIX 758,Casa e decoracao,177.39,S
1104,HEADPHONE AURORA 374,CELULAR/SMARTPHONE,377.57,S
1105,CAPA TRILHA 531,CASA,296.44,S
1106,TELEVISOR LUMIX 439,Casa e decoracao,114.96,S
1107,AR-CONDICIONADO ONIX 800,OUTROS,618.67,S
1108,DESKTOP NORDIC 231,FERRAMENTAS,534.18,S
1109,CARREGADOR NEXA 302,Eletro-domesticos,424.84,S
1110,HEADSET KAIRO 394,Celulares,64.20,S
1111,SECADORA ONIX 924,TELEFONIA,92.96,S
1112,SMARTPHONE NEXA 981,CASA,242.50,S
1113,CONTROLE NORDIC 931,,191.75,S
1114,AR-CONDICIONADO VOLT 562,Eletro,69.34,S
1115,BICICLETA KUBO 126,INFO,313.64,S
1116,PARAFUSADEIRA LUMIX 253,AUDIO/VIDEO,181.45,S
1117,MICRO-ONDAS ASTRA 471,INFO,254.68,S
1118,SMARTWATCH KUBO 778,Celulares,553.55,S
1119,CONTROLE VOLT 956,CELULAR/SMARTPHONE,433.18,S
1120,FURADEIRA KUBO 771,INFORMATICA,231.55,S
1121,MEMÓRIA VELOCE 981,eletrodomesticos,285.58,S
1122,TELEVISOR LUMIX 487,ELETRO,224.66,S
1123,TOALHA ORBIS 432,DIVERSOS,706.47,S
1124,IMPRESSORA VOLT 352,MOVEIS,97.10,S
1125,NOTEBOOK AURORA 482,Informática,120.70,S
1126,TECLADO PRIMO 478,Esportes e lazer,247.88,S
1127,DESKTOP ONIX 791,Eletro,469.59,N
1128,CONSOLE BRAVA 667,ELETRO,352.31,S
1129,SMARTPHONE ASTRA 799,eletrodomesticos,83.32,S
1130,TECLADO LUMIX 155,CELULAR/SMARTPHONE,504.07,S
1131,PARAFUSADEIRA SAGA 830,ESPORTE,366.82,S
1132,MONITOR NEXA 800,Esportes e lazer,590.86,S
1133,MOUSE ASTRA 282,CASA,306.63,N
1134,ROTEADOR ZENTRO 256,MOVEIS,139.82,N
1135,LENÇOL ORBIS 800,Celulares,89.73,S
1136,GELADEIRA KAIRO 521,Televisores,157.13,S
1137,PARAFUSADEIRA KUBO 170,TELEFONIA,432.53,S
1138,COLCHÃO NORDIC 398,OUTROS,521.58,N
1139,ASPIRADOR DELTA 843,TELEFONIA,328.49,S
1140,IMPRESSORA PRIMO 773,MOVEIS,572.34,S
1141,FONE LUMIX 569,Ferramentas e construcao,616.28,S
1142,LIQUIDIFICADOR NEXA 225,ELETRO,191.09,S
1143,RECEIVER ORBIS 269,Casa e decoracao,904.21,S
1144,GELADEIRA NORDIC 441,INFO,376.80,S
1145,JOGO SAGA 992,AUDIO/VIDEO,616.64,S
1146,AR-CONDICIONADO DELTA 393,AUDIO/VIDEO,188.38,N
1147,CONSOLE VERTEX 415,Eletro-domesticos,179.38,S
1148,MEMÓRIA ZENTRO 639,Esportes e lazer,92.75,S
1149,LAVADORA KUBO 267,Televisores,323.60,S
1150,FOGÃO DELTA 715,DIVERSOS,236.19,S
1151,SECADORA PRATIC 172,Ferramentas e construcao,321.27,S
1152,BICICLETA PRATIC 231,ELETRO,512.01,S
1153,SMARTWATCH KUBO 263,,165.81,S
1154,LENÇOL TRILHA 404,Ferramentas e construcao,606.28,S
1155,ESTANTE NORDIC 554,CASA,354.91,N
1156,SOFÁ BRAVA 186,MOVEIS,1258.44,S
1157,TOALHA SAGA 425,INFO,256.64,S
1158,MONITOR VERTEX 865,OUTROS,724.89,S
1159,BICICLETA BRAVA 768,informatica e games,93.13,N
1160,COLCHÃO NORDIC 906,ELETRO,218.59,S
1161,DESKTOP SAGA 964,GAMES,58.71,S
1162,ESTEIRA BRAVA 176,MOVEIS,493.46,N
1163,BICICLETA VELOCE 477,INFORMATICA,128.26,S
1164,PURIFICADOR PRATIC 205,MOVEIS,103.71,S
1165,SERRA ONIX 122,CELULAR/SMARTPHONE,313.60,S
1166,IMPRESSORA LUMIX 852,Informática,207.01,S
1167,CADEIRA NORDIC 269,INFO,500.78,S
1168,RECEIVER DELTA 433,Casa e decoracao,917.83,S
1169,TECLADO TRILHA 585,Televisores,175.36,N
1170,CADEIRA KUBO 770,INFORMATICA,418.16,S
1171,NOTEBOOK SAGA 899,TV E SOM,387.14,S
1172,TOALHA BRAVA 681,Ferramentas e construcao,338.89,S
1173,HEADSET TRILHA 365,Eletro-domesticos,174.64,S
1174,HEADSET VELOCE 183,GAMES,425.83,S
1175,SECADORA ASTRA 330,,168.84,S
1176,BATEDEIRA ASTRA 607,DIVERSOS,167.97,S
1177,MOUSE VELOCE 315,TELEFONIA,282.59,S
1178,VENTILADOR MIRANTE 685,Games e consoles,219.88,S
1179,LAVADORA MIRANTE 593,informatica e games,230.24,S
1180,MOUSE KUBO 309,INFO,185.33,S
1181,FONE NORDIC 445,Informática,832.35,S
1182,PARAFUSADEIRA VOLT 535,MOVEIS,289.99,S
1183,ESTANTE LUMIX 356,CELULAR/SMARTPHONE,92.35,S
1184,HEADPHONE VOLT 484,Televisores,313.89,S
1185,NOTEBOOK SAGA 443,CASA,803.74,S
1186,SOUNDBAR KUBO 292,Celulares,955.10,S
1187,CADEIRA ORBIS 571,eletrodomesticos,205.79,S
1188,JOGO ONIX 922,MOVEIS,403.53,S
1189,MICRO-ONDAS VELOCE 465,GAMES,790.37,S
1190,FONTE AURORA 898,AUDIO/VIDEO,266.08,S
1191,LIQUIDIFICADOR AURORA 344,MOVEIS,875.85,S
1192,SOFÁ NORDIC 392,,807.21,S
1193,MONITOR DELTA 552,informatica e games,1055.03,S
1194,VENTILADOR MIRANTE 616,DIVERSOS,238.00,N
1195,BICICLETA VELOCE 337,CASA,273.90,N
1196,HEADSET ONIX 856,AUDIO/VIDEO,749.69,S
1197,MONITOR DELTA 258,MOVEIS,163.91,S
1198,ESTEIRA ONIX 246,informatica e games,418.69,S
1199,RECEIVER ASTRA 852,Informática,330.36,S
1200,FOGÃO ORBIS 977,MOVEIS,157.41,S
1201,HEADPHONE LUMIX 893,Ferramentas e construcao,325.58,S
1202,AR-CONDICIONADO VELOCE 635,Ferramentas e construcao,784.25,S
1203,AR-CONDICIONADO SAGA 736,ESPORTE,162.87,S
1204,ASPIRADOR TRILHA 122,ELETRODOMÉSTICOS,211.47,N
1205,SOUNDBAR VOLT 956,DIVERSOS,106.75,S
1206,COOLER PRIMO 663,DIVERSOS,335.87,S
1207,ROTEADOR VELOCE 494,CASA,165.83,S
1208,LAVADORA VELOCE 680,informatica e games,138.89,S
1209,SOUNDBAR AURORA 807,CASA,409.64,S
1210,VENTILADOR ASTRA 927,CASA,798.43,S
1211,LIQUIDIFICADOR KUBO 476,FERRAMENTAS,228.99,S
1212,COLCHÃO LUMIX 421,Casa e decoracao,459.56,S
1213,MICRO-ONDAS LUMIX 529,informatica e games,176.45,S
1214,CAIXA NEXA 484,ELETRODOMÉSTICOS,448.35,S
1215,ESTEIRA NEXA 640,MOVEIS,157.35,S
1216,CARREGADOR LUMIX 272,DIVERSOS,567.47,N
1217,JOGO PRATIC 782,Televisores,654.87,S
1218,FOGÃO NEXA 593,CASA,618.49,S
1219,CAIXA MIRANTE 818,informatica e games,288.51,S
1220,NOTEBOOK KAIRO 954,Casa e decoracao,453.23,S
1221,SSD VELOCE 705,GAMES,265.09,S
1222,HEADPHONE NEXA 577,CELULAR/SMARTPHONE,793.55,N
1223,FONTE PRIMO 142,INFORMATICA,415.67,S
1224,BICICLETA BRAVA 851,informatica e games,642.80,S
1225,SMARTWATCH AURORA 479,Casa e decoracao,406.36,N
1226,SOUNDBAR NORDIC 719,CASA,377.45,S
1227,NOTEBOOK ONIX 382,Informática,288.90,S
1228,CONSOLE PRIMO 382,DIVERSOS,365.05,S
1229,HALTER KAIRO 681,Informática,399.44,S
1230,CARREGADOR ORBIS 645,CELULAR/SMARTPHONE,484.04,S
1231,BATEDEIRA BRAVA 483,MOVEIS,220.34,S
1232,PARAFUSADEIRA PRIMO 325,Games e consoles,250.77,S
1233,FONTE PRIMO 411,TELEFONIA,382.23,S
1234,AR-CONDICIONADO VERTEX 952,FERRAMENTAS,301.04,S
1235,SMARTPHONE KAIRO 731,informatica e games,657.38,S
1236,CONTROLE TRILHA 188,Celulares,119.40,S
1237,MONITOR NEXA 614,Ferramentas e construcao,280.46,S
1238,HEADPHONE DELTA 522,OUTROS,63.80,S
1239,CONSOLE PRIMO 420,OUTROS,131.00,S
1240,ESTEIRA NORDIC 224,ELETRO,121.04,N
1241,ROTEADOR ONIX 401,MOVEIS,183.13,S
1242,COOLER PRIMO 763,INFO,101.67,S
1243,HEADPHONE ASTRA 576,Televisores,418.78,S
1244,IMPRESSORA TRILHA 713,OUTROS,234.42,S
1245,RECEIVER DELTA 903,DIVERSOS,120.60,S
1246,TELEVISOR NEXA 896,MOVEIS,307.07,S
1247,ESTEIRA PRIMO 569,DIVERSOS,376.57,N
1248,MEMÓRIA TRILHA 241,Games e consoles,375.12,N
1249,BICICLETA TRILHA 338,,217.98,S
1250,DESKTOP ZENTRO 533,FERRAMENTAS,302.77,S
1251,MESA VERTEX 575,informatica e games,1065.90,S
1252,SOFÁ BRAVA 276,ELETRO,487.77,S
1253,GELADEIRA VOLT 917,Celulares,323.89,S
1254,CARREGADOR ZENTRO 866,ESPORTE,507.96,S
1255,ESTANTE DELTA 718,eletrodomesticos,418.29,S
1256,CAPA VELOCE 408,OUTROS,1013.64,S
1257,MEMÓRIA SAGA 131,INFORMATICA,256.81,S
1258,FOGÃO LUMIX 993,Informática,241.11,S
1259,IMPRESSORA TRILHA 696,Games e consoles,345.67,S
1260,TOALHA ZENTRO 135,Esportes e lazer,959.07,N
1261,BATEDEIRA ASTRA 550,Ferramentas e construcao,323.68,S
1262,FONTE VOLT 232,GAMES,644.08,S
1263,CONTROLE SAGA 640,CASA,206.58,S
1264,VENTILADOR AURORA 121,GAMES,431.01,S
1265,HEADPHONE NORDIC 941,INFORMATICA,182.71,S
1266,MONITOR ZENTRO 912,Casa e decoracao,94.15,N
1267,LENÇOL ASTRA 745,MOVEIS,660.18,S
1268,AR-CONDICIONADO KUBO 829,Casa e decoracao,607.51,N
1269,CAFETEIRA PRIMO 793,TV E SOM,294.96,S
1270,TOALHA KUBO 277,MOVEIS,287.48,S
1271,VENTILADOR ONIX 100,CASA,164.38,S
1272,HEADSET DELTA 814,OUTROS,80.97,S
1273,AR-CONDICIONADO KUBO 299,ELETRODOMÉSTICOS,704.05,S
1274,LIQUIDIFICADOR DELTA 315,Televisores,724.15,S
1275,LIQUIDIFICADOR AURORA 468,Ferramentas e construcao,434.37,S
1276,SERRA KAIRO 261,FERRAMENTAS,143.74,S
1277,TECLADO VERTEX 622,Games e consoles,118.45,S
1278,CADEIRA KUBO 561,FERRAMENTAS,104.44,S
1279,LENÇOL VELOCE 579,INFO,241.23,S
1280,HALTER NORDIC 886,CELULAR/SMARTPHONE,78.62,S
1281,SSD SAGA 309,Games e consoles,572.37,S
1282,SERRA VOLT 973,CELULAR/SMARTPHONE,258.98,S
1283,MESA SAGA 501,DIVERSOS,116.21,S
1284,HALTER ORBIS 846,ESPORTE,827.97,S
1285,ASPIRADOR TRILHA 299,AUDIO/VIDEO,830.09,S
1286,ASPIRADOR TRILHA 519,,656.93,S
1287,TELEVISOR LUMIX 886,Celulares,534.30,S
1288,SOFÁ SAGA 952,informatica e games,631.86,S
1289,GELADEIRA ORBIS 726,Esportes e lazer,306.31,S
1290,DESKTOP NORDIC 270,Informática,533.06,S
1291,HALTER BRAVA 150,Celulares,441.78,S
1292,CAPA ORBIS 939,TELEFONIA,494.47,S
1293,SMARTPHONE BRAVA 552,TELEFONIA,283.47,S
1294,RECEIVER KAIRO 275,FERRAMENTAS,366.06,N
1295,SSD AURORA 679,Casa e decoracao,211.86,S
1296,COOLER AURORA 210,ELETRO,178.22,S
1297,TOALHA NORDIC 319,Casa e decoracao,225.07,S
1298,SOUNDBAR ORBIS 813,MOVEIS,328.61,S
1299,CADEIRA VERTEX 931,CASA,504.89,S
1300,FONE KAIRO 511,Televisores,190.50,N
1301,ROTEADOR KAIRO 124,Celulares,62.20,S
1302,LENÇOL NEXA 892,Celulares,507.98,S
1303,CAIXA TRILHA 108,OUTROS,679.97,N
1304,MEMÓRIA NEXA 602,TELEFONIA,243.98,S
1305,FONTE ONIX 879,CELULAR/SMARTPHONE,212.79,S
1306,ESTEIRA NORDIC 262,ELETRO,495.10,S
1307,DESKTOP NORDIC 923,ELETRODOMÉSTICOS,387.66,S
1308,FURADEIRA DELTA 784,TV E SOM,80.44,S
1309,SSD BRAVA 861,informatica e games,454.27,S
1310,CARREGADOR ASTRA 712,MOVEIS,303.69,S
1311,BICICLETA BRAVA 646,GAMES,757.91,S
1312,CAIXA TRILHA 948,ELETRODOMÉSTICOS,458.06,S
1313,ESTEIRA ORBIS 412,ESPORTE,242.22,S
1314,CAIXA MIRANTE 694,ESPORTE,385.51,S
1315,ESTANTE VOLT 335,ELETRODOMÉSTICOS,384.98,S
1316,BICICLETA VELOCE 795,Casa e decoracao,378.94,S
1317,SMARTWATCH TRILHA 255,Eletro-domesticos,712.89,N
1318,CAIXA KUBO 275,INFORMATICA,153.93,N
1319,FURADEIRA ASTRA 943,GAMES,861.40,S
1320,IMPRESSORA ZENTRO 241,ESPORTE,313.19,S
1321,LAVADORA NORDIC 551,eletrodomesticos,130.97,S
1322,TECLADO VOLT 735,Ferramentas e construcao,778.56,N
1323,GELADEIRA ASTRA 565,Casa e decoracao,206.42,S
1324,COOLER VOLT 202,CELULAR/SMARTPHONE,114.90,S
1325,ASPIRADOR VOLT 760,Ferramentas e construcao,1474.81,S
1326,CAPA PRIMO 106,AUDIO/VIDEO,772.96,N
1327,TECLADO NEXA 891,DIVERSOS,305.46,S
1328,DESKTOP SAGA 736,Informática,315.87,S
1329,PURIFICADOR BRAVA 941,ELETRODOMÉSTICOS,185.01,S
1330,FURADEIRA PRATIC 698,ELETRODOMÉSTICOS,628.88,S
1331,IMPRESSORA SAGA 445,eletrodomesticos,480.11,S
1332,TOALHA ONIX 598,Celulares,116.84,S
1333,CAIXA VERTEX 193,INFORMATICA,523.56,S
1334,SMARTPHONE MIRANTE 269,ELETRODOMÉSTICOS,353.49,S
1335,TELEVISOR KUBO 477,ESPORTE,429.04,S
1336,FURADEIRA KUBO 276,OUTROS,190.92,S
1337,COOLER PRIMO 187,informatica e games,94.80,N
1338,TOALHA NORDIC 281,Casa e decoracao,264.51,S
1339,TECLADO SAGA 638,MOVEIS,83.67,S
1340,FONTE BRAVA 809,,590.63,S
1341,PARAFUSADEIRA PRATIC 799,Informática,582.71,S
1342,SOUNDBAR VERTEX 802,MOVEIS,460.60,S
1343,ASPIRADOR VELOCE 299,eletrodomesticos,1005.65,S
1344,LAVADORA BRAVA 863,Eletro-domesticos,316.47,N
1345,ESTEIRA VERTEX 610,Televisores,370.43,S
1346,SECADORA NORDIC 297,OUTROS,316.60,S
1347,GELADEIRA TRILHA 722,Eletro,304.13,S
1348,SOUNDBAR AURORA 575,ELETRO,321.33,S
1349,HALTER LUMIX 722,CASA,501.86,N
1350,MESA ORBIS 340,informatica e games,1042.97,S
1351,FONE ONIX 579,ESPORTE,141.70,S
1352,VENTILADOR TRILHA 139,ELETRODOMÉSTICOS,316.60,S
1353,TECLADO PRATIC 473,Casa e decoracao,352.73,S
1354,AR-CONDICIONADO KUBO 581,GAMES,320.44,S
1355,MICRO-ONDAS ORBIS 302,TV E SOM,516.49,N
1356,HEADSET VOLT 559,INFORMATICA,124.80,S
1357,CAFETEIRA VOLT 354,MOVEIS,131.20,S
1358,BICICLETA VOLT 767,eletrodomesticos,513.86,S
1359,FONE AURORA 663,,156.00,S
1360,SOFÁ NORDIC 284,CELULAR/SMARTPHONE,368.93,S
1361,RECEIVER VELOCE 955,informatica e games,90.14,S
1362,PARAFUSADEIRA ASTRA 304,AUDIO/VIDEO,160.95,S
1363,COOLER NEXA 221,INFORMATICA,227.06,S
1364,FURADEIRA KAIRO 742,OUTROS,365.85,S
1365,GELADEIRA SAGA 577,GAMES,1366.72,S
1366,CONTROLE DELTA 504,Televisores,201.68,S
1367,FOGÃO ONIX 287,TV E SOM,334.20,N
1368,NOTEBOOK SAGA 285,FERRAMENTAS,223.23,S
1369,FURADEIRA ASTRA 670,Casa e decoracao,435.80,S
1370,MICRO-ONDAS BRAVA 207,Casa e decoracao,584.45,S
1371,ESTEIRA ONIX 579,Games e consoles,369.31,S
1372,CAFETEIRA ORBIS 649,Televisores,674.16,S
1373,CAPA NEXA 373,ELETRODOMÉSTICOS,420.73,S
1374,BICICLETA NORDIC 700,Eletro,535.42,S
1375,LIQUIDIFICADOR AURORA 161,FERRAMENTAS,373.83,S
1376,TECLADO VOLT 719,Casa e decoracao,395.17,S
1377,NOTEBOOK ASTRA 180,ELETRODOMÉSTICOS,137.76,S
1378,CAPA NORDIC 586,Eletro-domesticos,284.88,S
1379,SMARTPHONE NEXA 998,TV E SOM,353.68,S
1380,ROTEADOR ONIX 973,Esportes e lazer,548.20,S
1381,DESKTOP KUBO 542,Eletro,1081.71,S
1382,ESTEIRA VERTEX 304,MOVEIS,437.82,S
1383,ESTANTE VOLT 770,TV E SOM,237.63,S
1384,LENÇOL LUMIX 164,GAMES,514.91,S
1385,TOALHA NEXA 186,GAMES,198.19,S
1386,CONSOLE TRILHA 486,Eletro,217.18,S
1387,CADEIRA KAIRO 642,INFO,319.07,N
1388,CONSOLE LUMIX 367,Eletro,344.52,N
1389,ESTEIRA AURORA 645,Informática,659.00,S
1390,HEADPHONE PRIMO 487,ESPORTE,378.51,S
1391,MONITOR MIRANTE 637,Televisores,240.81,S
1392,HEADSET PRIMO 861,Esportes e lazer,976.36,N
1393,CADEIRA ONIX 808,INFO,68.87,N
1394,CAPA AURORA 621,TELEFONIA,297.87,S
1395,COOLER ORBIS 390,eletrodomesticos,506.92,S
1396,FONE ORBIS 813,Casa e decoracao,288.19,N
1397,GELADEIRA ZENTRO 148,INFORMATICA,1150.91,S
1398,MESA SAGA 466,Games e consoles,429.34,S
1399,CAIXA ASTRA 276,INFO,139.66,S
1400,FONE LUMIX 877,TELEFONIA,129.26,S
1401,SOFÁ DELTA 451,AUDIO/VIDEO,59.33,S
1402,COLCHÃO TRILHA 288,AUDIO/VIDEO,86.59,S
1403,JOGO KUBO 864,Celulares,119.16,S
1404,PURIFICADOR ORBIS 407,GAMES,560.52,S
1405,ROTEADOR PRIMO 619,Eletro,979.17,S
1406,TECLADO DELTA 222,FERRAMENTAS,574.02,S
1407,SECADORA MIRANTE 134,Ferramentas e construcao,440.78,S
1408,MICRO-ONDAS AURORA 237,Casa e decoracao,357.87,S
1409,MICRO-ONDAS ZENTRO 966,Games e consoles,890.28,S
1410,ASPIRADOR ORBIS 488,Ferramentas e construcao,228.75,S
1411,COLCHÃO ONIX 402,Televisores,193.03,S
1412,CAFETEIRA MIRANTE 451,AUDIO/VIDEO,846.82,S
1413,CADEIRA ZENTRO 740,Casa e decoracao,533.86,S
1414,CAIXA ONIX 908,Informática,387.06,S
1415,COLCHÃO LUMIX 864,Esportes e lazer,678.29,S
1416,MESA TRILHA 985,Celulares,495.94,S
1417,LENÇOL AURORA 850,AUDIO/VIDEO,422.80,N
1418,DESKTOP VERTEX 449,TELEFONIA,230.94,S
1419,ROTEADOR VOLT 548,Celulares,579.64,S
1420,FONE PRATIC 397,Televisores,469.79,S
1421,COOLER LUMIX 101,TELEFONIA,228.79,S
1422,SSD VOLT 139,Televisores,73.41,S
1423,PURIFICADOR NEXA 136,eletrodomesticos,357.35,S
1424,VENTILADOR AURORA 151,Esportes e lazer,304.04,S
1425,BICICLETA VOLT 219,TV E SOM,242.12,S
1426,COLCHÃO DELTA 454,CASA,290.37,S
1427,COOLER KUBO 810,Casa e decoracao,144.32,S
1428,NOTEBOOK TRILHA 949,INFO,159.33,S
1429,ESTANTE VOLT 753,MOVEIS,419.07,S
1430,ROTEADOR KUBO 143,Eletro,394.50,S
1431,COOLER BRAVA 798,CASA,69.45,S
1432,BICICLETA VERTEX 333,INFO,511.02,S
1433,JOGO VELOCE 672,OUTROS,485.77,S
1434,TOALHA ASTRA 810,ESPORTE,250.73,S
1435,FURADEIRA LUMIX 639,ELETRODOMÉSTICOS,304.68,S
1436,MESA KAIRO 651,CASA,322.98,N
1437,BICICLETA NEXA 989,ELETRODOMÉSTICOS,1231.03,S
1438,AR-CONDICIONADO AURORA 910,ESPORTE,453.29,S
1439,MESA AURORA 582,Esportes e lazer,584.87,S
1440,CONSOLE ASTRA 976,GAMES,280.37,S
1441,MICRO-ONDAS AURORA 508,Eletro,483.12,S
1442,HEADPHONE NEXA 215,TELEFONIA,201.03,N
1443,SOFÁ ASTRA 400,MOVEIS,242.39,S
1444,CAIXA PRIMO 654,Eletro,386.30,S
1445,GELADEIRA PRIMO 241,Ferramentas e construcao,289.03,N
1446,ROTEADOR KAIRO 307,INFO,376.31,S
1447,MONITOR AURORA 399,AUDIO/VIDEO,131.51,S
1448,CAPA PRATIC 858,Televisores,848.75,S
1449,PARAFUSADEIRA LUMIX 753,ELETRODOMÉSTICOS,82.44,S
1450,ESTANTE AURORA 564,INFO,572.43,S
1451,BATEDEIRA TRILHA 723,OUTROS,235.87,N
1452,HEADPHONE NORDIC 540,ELETRODOMÉSTICOS,721.98,S
1453,SMARTWATCH BRAVA 567,Eletro,82.20,S
1454,LIQUIDIFICADOR DELTA 897,Games e consoles,563.25,S
1455,IMPRESSORA KAIRO 263,,130.16,S
1456,SSD NORDIC 611,Informática,129.91,S
1457,ASPIRADOR DELTA 413,TELEFONIA,489.84,S
1458,FONTE ORBIS 405,TELEFONIA,251.39,N
1459,SECADORA VELOCE 564,Televisores,196.70,S
1460,IMPRESSORA TRILHA 798,Eletro-domesticos,334.07,N
1461,VENTILADOR SAGA 367,TELEFONIA,193.46,S
1462,TOALHA VOLT 272,Eletro-domesticos,289.74,S
1463,PURIFICADOR NEXA 526,FERRAMENTAS,455.41,N
1464,SMARTWATCH ASTRA 742,ELETRO,82.78,S
1465,ROTEADOR NORDIC 189,Celulares,352.00,S
1466,SMARTPHONE TRILHA 428,Informática,379.38,S
1467,HALTER NEXA 567,MOVEIS,241.15,S
1468,PARAFUSADEIRA ORBIS 928,TELEFONIA,174.32,S
1469,SMARTWATCH NEXA 987,ELETRODOMÉSTICOS,613.97,S
1470,PURIFICADOR ONIX 509,FERRAMENTAS,315.07,S
1471,GELADEIRA DELTA 861,,407.10,S
1472,ESTEIRA AURORA 591,Televisores,256.44,S
1473,JOGO DELTA 835,Esportes e lazer,209.34,S
1474,HALTER KAIRO 127,FERRAMENTAS,638.66,S
1475,CADEIRA LUMIX 309,TELEFONIA,331.42,S
1476,CONTROLE KUBO 253,Celulares,303.18,S
1477,MICRO-ONDAS NEXA 758,FERRAMENTAS,141.32,S
1478,ASPIRADOR ASTRA 166,Eletro-domesticos,468.60,S
1479,CARREGADOR AURORA 196,,427.37,S
1480,SERRA AURORA 980,FERRAMENTAS,256.94,S
1481,BICICLETA ZENTRO 844,Eletro-domesticos,472.13,S
1482,CAIXA KUBO 125,ELETRO,74.67,S
1483,FURADEIRA TRILHA 158,ELETRODOMÉSTICOS,381.60,S
1484,CAFETEIRA NEXA 718,Celulares,195.10,S
1485,MICRO-ONDAS KAIRO 311,ESPORTE,287.60,N
1486,MONITOR AURORA 499,INFO,239.08,S
1487,TELEVISOR ONIX 533,AUDIO/VIDEO,401.48,S
1488,CAIXA VERTEX 977,OUTROS,555.08,S
1489,MESA ASTRA 822,CELULAR/SMARTPHONE,469.20,S
1490,MESA ONIX 701,INFORMATICA,1076.94,S
1491,LIQUIDIFICADOR VELOCE 723,OUTROS,378.56,S
1492,PARAFUSADEIRA BRAVA 396,OUTROS,494.85,S
1493,VENTILADOR NORDIC 513,ESPORTE,328.65,S
1494,JOGO VOLT 279,ELETRO,355.22,N
1495,JOGO VERTEX 894,DIVERSOS,479.48,N
1496,SSD KUBO 997,ESPORTE,308.69,S
1497,COOLER KAIRO 529,ELETRODOMÉSTICOS,517.74,S
1498,ASPIRADOR SAGA 132,informatica e games,432.41,N
1499,TOALHA ORBIS 133,Esportes e lazer,91.19,S
1500,PURIFICADOR NEXA 359,Celulares,218.43,S
1501,CAFETEIRA TRILHA 575,eletrodomesticos,247.07,S
1502,HEADPHONE BRAVA 987,INFO,227.30,S
1503,RECEIVER DELTA 807,INFORMATICA,469.41,S
1504,HALTER DELTA 937,CELULAR/SMARTPHONE,769.80,S
1505,COLCHÃO BRAVA 450,informatica e games,202.15,S
1506,CADEIRA NORDIC 518,Eletro,266.31,S
1507,BICICLETA PRIMO 982,CASA,794.38,S
1508,HEADPHONE LUMIX 289,CELULAR/SMARTPHONE,367.98,N
1509,SSD VOLT 559,TV E SOM,219.71,S
1510,PURIFICADOR MIRANTE 378,Casa e decoracao,600.59,S
1511,MEMÓRIA PRATIC 713,Televisores,616.86,S
1512,SOUNDBAR VELOCE 311,Eletro,395.74,N
1513,AR-CONDICIONADO KUBO 226,Eletro,495.70,S
1514,HEADSET VOLT 302,,388.98,S
1515,FONTE DELTA 377,INFORMATICA,787.22,S
1516,LAVADORA TRILHA 776,Celulares,503.96,N
1517,MONITOR VERTEX 488,AUDIO/VIDEO,117.07,S
1518,FONTE LUMIX 176,Games e consoles,690.50,S
1519,SOFÁ KAIRO 578,OUTROS,427.96,S
1520,HALTER AURORA 375,INFORMATICA,250.43,S
1521,FURADEIRA ASTRA 577,INFORMATICA,513.56,S
1522,MEMÓRIA PRATIC 604,INFORMATICA,742.21,S
1523,CAPA BRAVA 604,eletrodomesticos,382.28,S
1524,ASPIRADOR VERTEX 574,Televisores,559.19,S
1525,HEADSET PRIMO 252,GAMES,510.72,S
1526,SECADORA ORBIS 898,GAMES,367.14,S
1527,TELEVISOR VERTEX 287,OUTROS,169.65,S
1528,MESA AURORA 728,informatica e games,169.58,S
1529,TOALHA NEXA 657,ESPORTE,210.74,S
1530,RECEIVER VOLT 363,Ferramentas e construcao,191.76,S
1531,HEADSET ASTRA 299,OUTROS,563.23,S
1532,MICRO-ONDAS ZENTRO 986,,745.58,S
1533,SSD VERTEX 853,GAMES,534.18,S
1534,LAVADORA ZENTRO 821,Televisores,470.62,S
1535,CONSOLE VELOCE 918,DIVERSOS,144.26,S
1536,JOGO NORDIC 751,Informática,284.05,S
1537,CARREGADOR PRIMO 782,ESPORTE,144.34,S
1538,MONITOR ORBIS 846,CASA,191.60,S
1539,COLCHÃO AURORA 970,Games e consoles,800.84,S
1540,MICRO-ONDAS ONIX 930,TV E SOM,584.66,S
1541,JOGO VOLT 542,Televisores,163.87,S
1542,CAPA BRAVA 209,Celulares,378.17,S
1543,PARAFUSADEIRA ASTRA 136,ESPORTE,135.38,S
1544,NOTEBOOK VOLT 669,eletrodomesticos,379.72,S
1545,MOUSE ORBIS 216,GAMES,295.78,N
1546,COLCHÃO LUMIX 240,ESPORTE,555.92,S
1547,SOUNDBAR VERTEX 198,ESPORTE,84.58,S
1548,TOALHA ONIX 515,TV E SOM,243.57,S
1549,AR-CONDICIONADO LUMIX 115,,356.06,S
1550,SERRA NORDIC 976,MOVEIS,431.87,S
1551,CARREGADOR ORBIS 703,GAMES,122.94,N
1552,MESA NORDIC 185,Ferramentas e construcao,151.59,S
1553,MICRO-ONDAS KAIRO 534,Eletro-domesticos,199.78,N
1554,IMPRESSORA NORDIC 965,ELETRO,733.06,S
1555,TELEVISOR KUBO 275,TELEFONIA,981.95,S
1556,CONSOLE KAIRO 213,Informática,108.23,S
1557,CARREGADOR ASTRA 348,Games e consoles,299.87,S
1558,VENTILADOR KUBO 530,Celulares,700.59,S
1559,SOFÁ VELOCE 412,AUDIO/VIDEO,157.84,S
1560,AR-CONDICIONADO DELTA 465,Informática,306.61,S
1561,CAIXA BRAVA 239,CELULAR/SMARTPHONE,779.19,S
1562,SMARTWATCH ONIX 338,INFORMATICA,166.40,S
1563,SSD ZENTRO 939,informatica e games,82.11,S
1564,TECLADO SAGA 582,ELETRODOMÉSTICOS,446.69,S
1565,CONSOLE LUMIX 339,MOVEIS,505.31,S
1566,VENTILADOR KAIRO 700,informatica e games,183.37,S
1567,CAIXA NEXA 685,Games e consoles,378.14,S
1568,LIQUIDIFICADOR NORDIC 994,GAMES,615.57,S
1569,SOFÁ DELTA 942,informatica e games,136.55,N
1570,SOUNDBAR LUMIX 536,CELULAR/SMARTPHONE,408.72,S
1571,CADEIRA ZENTRO 154,Informática,560.69,S
1572,RECEIVER VELOCE 775,Informática,548.77,S
1573,TOALHA VOLT 749,FERRAMENTAS,231.58,S
1574,SMARTWATCH PRATIC 855,TV E SOM,699.42,S
1575,HEADPHONE DELTA 198,Informática,494.81,S
1576,ESTEIRA ASTRA 247,INFORMATICA,107.06,S
1577,HALTER ASTRA 842,DIVERSOS,780.12,S
1578,MICRO-ONDAS ORBIS 310,Ferramentas e construcao,232.52,S
1579,SECADORA ONIX 200,TV E SOM,141.52,S
1580,IMPRESSORA VELOCE 818,INFO,335.92,S
1581,IMPRESSORA NEXA 122,MOVEIS,405.36,N
1582,JOGO KUBO 254,informatica e games,293.26,N
1583,CAPA KAIRO 485,Celulares,154.85,S
1584,FONE PRATIC 742,AUDIO/VIDEO,395.63,S
1585,TOALHA NORDIC 581,,351.94,S
1586,TOALHA LUMIX 831,TV E SOM,379.40,S
1587,SMARTPHONE DELTA 702,DIVERSOS,185.17,S
1588,CARREGADOR VELOCE 624,Eletro,342.48,S
1589,FONE ZENTRO 718,informatica e games,519.77,S
1590,LIQUIDIFICADOR MIRANTE 729,INFORMATICA,555.40,S
1591,MICRO-ONDAS VERTEX 842,FERRAMENTAS,251.19,S
1592,HEADPHONE VERTEX 103,GAMES,590.09,S
1593,NOTEBOOK KUBO 913,ELETRODOMÉSTICOS,459.23,S
1594,GELADEIRA PRIMO 211,DIVERSOS,638.98,S
1595,TECLADO LUMIX 871,Informática,292.51,S
1596,BATEDEIRA ZENTRO 272,OUTROS,107.55,N
1597,COOLER AURORA 992,Informática,348.37,S
1598,SOUNDBAR PRATIC 339,FERRAMENTAS,182.48,S
1599,MESA VERTEX 975,FERRAMENTAS,455.49,N
1600,SOUNDBAR BRAVA 259,CELULAR/SMARTPHONE,112.08,S
1601,ROTEADOR ORBIS 932,FERRAMENTAS,182.50,S
1602,GELADEIRA VOLT 598,Eletro,123.94,S
1603,FOGÃO VERTEX 877,Casa e decoracao,429.13,S
1604,RECEIVER LUMIX 970,eletrodomesticos,523.08,S
1605,GELADEIRA TRILHA 204,ESPORTE,657.31,N
1606,HALTER VELOCE 486,Informática,184.48,S
1607,SSD VERTEX 397,INFORMATICA,126.88,S
1608,ROTEADOR AURORA 450,ESPORTE,444.58,S
1609,SMARTWATCH TRILHA 555,FERRAMENTAS,887.70,S
1610,BATEDEIRA PRATIC 951,Ferramentas e construcao,839.24,S
1611,TELEVISOR ORBIS 711,TELEFONIA,363.34,S
1612,SSD VELOCE 704,informatica e games,898.87,S
1613,FURADEIRA SAGA 540,CELULAR/SMARTPHONE,193.77,S
1614,MONITOR VERTEX 315,Ferramentas e construcao,347.21,S
1615,AR-CONDICIONADO PRATIC 234,OUTROS,948.18,S
1616,SOFÁ TRILHA 539,Casa e decoracao,949.33,S
1617,SMARTPHONE KAIRO 472,Games e consoles,111.70,S
1618,LAVADORA NEXA 589,GAMES,205.58,S
1619,TECLADO SAGA 654,CASA,166.35,S
1620,ESTANTE PRATIC 850,DIVERSOS,561.77,S
1621,CAIXA ASTRA 158,TELEFONIA,230.31,S
1622,AR-CONDICIONADO TRILHA 309,GAMES,400.88,S
1623,LAVADORA MIRANTE 800,FERRAMENTAS,606.61,S
1624,AR-CONDICIONADO AURORA 501,Ferramentas e construcao,341.50,S
1625,FURADEIRA VOLT 869,,577.27,S
1626,BICICLETA VERTEX 344,,1800.72,S
1627,CONTROLE SAGA 829,TV E SOM,650.08,S
1628,PARAFUSADEIRA MIRANTE 758,INFORMATICA,301.19,S
1629,FURADEIRA VERTEX 244,,280.39,S
1630,MOUSE BRAVA 528,Casa e decoracao,265.92,S
1631,COLCHÃO VERTEX 246,AUDIO/VIDEO,684.69,S
1632,MONITOR ZENTRO 782,informatica e games,241.79,S
1633,TOALHA AURORA 290,,198.85,N
1634,ASPIRADOR VERTEX 575,Games e consoles,898.79,S
1635,CADEIRA ZENTRO 932,CASA,471.64,S
1636,SMARTPHONE ONIX 453,CASA,398.15,S
1637,VENTILADOR ORBIS 540,Celulares,376.97,S
1638,BATEDEIRA VELOCE 619,,277.13,N
1639,TELEVISOR VOLT 797,MOVEIS,82.36,S
1640,TECLADO VELOCE 430,Celulares,101.55,S
1641,LENÇOL ONIX 835,ELETRO,390.34,S
1642,CAFETEIRA ONIX 149,informatica e games,197.30,S
1643,FONTE DELTA 530,FERRAMENTAS,421.75,N
1644,LAVADORA KUBO 897,TV E SOM,265.56,S
1645,LENÇOL VERTEX 143,FERRAMENTAS,154.69,N
1646,TECLADO LUMIX 520,Informática,449.33,S
1647,CAFETEIRA AURORA 524,Esportes e lazer,543.63,S
1648,GELADEIRA PRIMO 475,Ferramentas e construcao,258.49,S
1649,MONITOR ORBIS 486,AUDIO/VIDEO,334.29,S
1650,VENTILADOR BRAVA 501,CELULAR/SMARTPHONE,402.38,S
1651,SMARTWATCH KUBO 926,DIVERSOS,571.78,S
1652,SMARTPHONE PRIMO 341,DIVERSOS,222.30,S
1653,JOGO BRAVA 627,Eletro-domesticos,389.97,S
1654,COOLER KAIRO 226,TV E SOM,624.67,S
1655,AR-CONDICIONADO DELTA 913,DIVERSOS,787.31,N
1656,SERRA MIRANTE 210,Informática,394.77,S
1657,SMARTPHONE ASTRA 320,CASA,768.50,S
1658,CONTROLE PRIMO 382,TV E SOM,742.56,S
1659,ESTANTE BRAVA 647,informatica e games,285.02,S
1660,MESA SAGA 306,TELEFONIA,990.39,S
1661,NOTEBOOK NEXA 311,DIVERSOS,502.38,S
1662,IMPRESSORA VELOCE 376,CELULAR/SMARTPHONE,347.27,S
1663,ESTEIRA KUBO 890,DIVERSOS,358.23,S
1664,AR-CONDICIONADO ASTRA 568,,650.86,S
1665,MOUSE NEXA 447,ELETRODOMÉSTICOS,308.65,S
1666,HEADPHONE PRIMO 429,Casa e decoracao,949.09,S
1667,SMARTPHONE TRILHA 563,OUTROS,293.95,N
1668,SOFÁ AURORA 903,ELETRODOMÉSTICOS,492.93,N
1669,SOUNDBAR ONIX 477,Casa e decoracao,443.46,S
1670,CAFETEIRA BRAVA 642,TELEFONIA,342.73,S
1671,MICRO-ONDAS LUMIX 201,Eletro-domesticos,180.08,S
1672,SECADORA VOLT 371,DIVERSOS,113.77,S
1673,SOFÁ MIRANTE 301,AUDIO/VIDEO,713.57,S
1674,MESA AURORA 120,Celulares,212.97,S
1675,PURIFICADOR ORBIS 280,OUTROS,166.98,S
1676,FONTE AURORA 908,TELEFONIA,1011.76,N
1677,NOTEBOOK VELOCE 141,Televisores,498.08,S
1678,ROTEADOR AURORA 528,AUDIO/VIDEO,137.87,S
1679,FOGÃO KAIRO 581,Televisores,282.46,N
1680,LENÇOL NEXA 394,Games e consoles,52.61,S
1681,AR-CONDICIONADO NEXA 981,,1130.27,S
1682,CAFETEIRA KUBO 698,CASA,201.39,S
1683,HEADSET VOLT 824,Eletro,494.10,S
1684,COLCHÃO SAGA 351,TV E SOM,201.62,S
1685,IMPRESSORA VERTEX 599,FERRAMENTAS,1322.82,S
1686,HEADSET VERTEX 610,Esportes e lazer,175.92,N
1687,LENÇOL KAIRO 680,ELETRO,169.72,S
1688,SMARTWATCH DELTA 503,FERRAMENTAS,249.71,S
1689,SECADORA NORDIC 516,CASA,93.57,S
1690,CAFETEIRA SAGA 419,ELETRO,293.81,S
1691,LAVADORA BRAVA 280,Casa e decoracao,274.52,S
1692,BICICLETA NEXA 542,CELULAR/SMARTPHONE,308.92,S
1693,SERRA TRILHA 391,Casa e decoracao,230.18,S
1694,AR-CONDICIONADO ONIX 525,,653.38,S
1695,HEADSET ORBIS 156,CELULAR/SMARTPHONE,928.99,S
1696,HALTER VELOCE 556,OUTROS,639.54,S
1697,BICICLETA NORDIC 603,ELETRO,274.65,S
1698,SMARTPHONE PRIMO 234,ESPORTE,721.81,N
1699,COLCHÃO VERTEX 938,Casa e decoracao,408.91,S
1700,SMARTWATCH ONIX 619,Televisores,415.06,S
1701,DESKTOP VERTEX 154,Eletro-domesticos,389.59,S
1702,PARAFUSADEIRA KUBO 670,OUTROS,1399.02,S
1703,SOFÁ VERTEX 242,Celulares,286.62,S
1704,FOGÃO AURORA 304,ESPORTE,628.83,S
1705,BICICLETA ORBIS 890,INFORMATICA,226.34,S
1706,TECLADO DELTA 676,ESPORTE,232.54,S
1707,CARREGADOR KAIRO 886,MOVEIS,310.38,S
1708,BICICLETA ZENTRO 918,Esportes e lazer,308.76,S
1709,JOGO NORDIC 711,Casa e decoracao,130.03,S
1710,LAVADORA DELTA 262,Games e consoles,95.14,S
1711,CARREGADOR SAGA 993,AUDIO/VIDEO,154.97,S
1712,SOUNDBAR ASTRA 218,Ferramentas e construcao,192.61,S
1713,MEMÓRIA AURORA 315,Games e consoles,411.43,S
1714,ESTEIRA KAIRO 552,ELETRO,441.74,S
1715,LENÇOL DELTA 953,Eletro,380.64,S
1716,HEADPHONE NEXA 283,INFO,692.72,S
1717,PARAFUSADEIRA KUBO 332,Eletro-domesticos,443.81,S
1718,MESA AURORA 906,AUDIO/VIDEO,473.36,S
1719,HALTER TRILHA 668,INFO,303.41,S
1720,CARREGADOR PRIMO 632,TV E SOM,158.52,S
1721,JOGO ZENTRO 806,INFO,446.96,S
1722,SERRA PRIMO 357,DIVERSOS,210.18,S
1723,SSD TRILHA 910,CASA,501.09,S
1724,TECLADO ONIX 683,OUTROS,205.59,S
1725,CONSOLE TRILHA 560,Ferramentas e construcao,211.68,S
1726,LIQUIDIFICADOR DELTA 459,CASA,630.52,N
1727,TECLADO VELOCE 234,CASA,576.73,S
1728,ROTEADOR ONIX 223,ELETRODOMÉSTICOS,1467.24,S
1729,ESTANTE VELOCE 993,DIVERSOS,232.10,S
1730,GELADEIRA AURORA 560,Casa e decoracao,109.19,S
1731,FOGÃO ASTRA 276,Esportes e lazer,270.56,S
1732,RECEIVER ASTRA 226,CELULAR/SMARTPHONE,178.74,S
1733,ASPIRADOR MIRANTE 170,,260.47,S
1734,CONSOLE ZENTRO 304,FERRAMENTAS,175.41,S
1735,TOALHA VOLT 333,FERRAMENTAS,306.43,S
1736,ROTEADOR NORDIC 240,CELULAR/SMARTPHONE,234.59,N
1737,MONITOR ZENTRO 347,,451.50,S
1738,TOALHA VOLT 383,Televisores,346.74,S
1739,CONSOLE VELOCE 241,ESPORTE,903.90,N
1740,BICICLETA DELTA 919,DIVERSOS,514.59,S
1741,SMARTWATCH AURORA 726,INFO,276.28,N
1742,JOGO DELTA 572,Televisores,489.63,S
1743,FURADEIRA KAIRO 288,,438.73,S
1744,ROTEADOR VERTEX 446,INFO,240.65,S
1745,RECEIVER VERTEX 472,Esportes e lazer,667.84,S
1746,PARAFUSADEIRA LUMIX 194,FERRAMENTAS,1173.46,S
1747,FURADEIRA ORBIS 259,informatica e games,211.38,S
1748,AR-CONDICIONADO ONIX 583,OUTROS,469.12,S
1749,COLCHÃO AURORA 982,FERRAMENTAS,672.89,S
1750,ESTANTE VERTEX 839,Eletro,127.59,S
1751,HALTER ZENTRO 814,Eletro-domesticos,96.00,S
1752,SMARTPHONE ORBIS 815,CASA,319.29,S
1753,LENÇOL VERTEX 769,Casa e decoracao,644.51,N
1754,CAFETEIRA AURORA 844,ELETRODOMÉSTICOS,381.27,S
1755,BICICLETA ASTRA 612,OUTROS,341.23,N
1756,HALTER VERTEX 711,FERRAMENTAS,145.41,S
1757,CONTROLE NEXA 855,AUDIO/VIDEO,355.07,S
1758,LIQUIDIFICADOR ORBIS 507,,219.11,S
1759,FONTE VERTEX 590,GAMES,810.28,S
1760,JOGO VOLT 788,Informática,1404.84,S
1761,GELADEIRA AURORA 751,Esportes e lazer,81.01,S
1762,FURADEIRA PRATIC 222,FERRAMENTAS,351.32,S
1763,FONE VOLT 445,Televisores,406.96,S
1764,AR-CONDICIONADO ONIX 363,Esportes e lazer,359.68,S
1765,JOGO VELOCE 926,GAMES,125.91,N
1766,HEADSET VOLT 315,Celulares,313.47,S
1767,MONITOR NORDIC 122,TV E SOM,734.57,S
1768,VENTILADOR BRAVA 888,Televisores,398.81,S
1769,LAVADORA KAIRO 378,ESPORTE,263.48,S
1770,CAIXA SAGA 643,FERRAMENTAS,314.89,S
1771,NOTEBOOK NORDIC 721,TELEFONIA,191.14,S
1772,HEADSET VOLT 496,AUDIO/VIDEO,123.32,S
1773,SERRA ONIX 870,ELETRODOMÉSTICOS,346.20,S
1774,SOUNDBAR MIRANTE 707,Eletro-domesticos,808.39,S
1775,BICICLETA BRAVA 404,MOVEIS,608.39,S
1776,LAVADORA KAIRO 637,informatica e games,402.20,N
1777,SERRA DELTA 170,Games e consoles,126.36,S
1778,ASPIRADOR ASTRA 483,Esportes e lazer,125.89,S
1779,IMPRESSORA ONIX 460,FERRAMENTAS,255.33,S
1780,SERRA BRAVA 447,TV E SOM,1068.72,N
1781,MEMÓRIA PRATIC 693,Celulares,493.56,S
1782,PARAFUSADEIRA KAIRO 397,Casa e decoracao,438.93,S
1783,CONTROLE ORBIS 554,Casa e decoracao,373.10,S
1784,ROTEADOR VELOCE 544,CASA,342.43,S
1785,TELEVISOR KUBO 806,TELEFONIA,94.38,S
1786,COLCHÃO AURORA 778,OUTROS,202.04,S
1787,COLCHÃO KUBO 583,Esportes e lazer,298.60,N
1788,FURADEIRA TRILHA 782,INFORMATICA,196.87,S
1789,MICRO-ONDAS NORDIC 249,OUTROS,97.95,S
1790,SECADORA PRIMO 530,Eletro,152.62,S
1791,GELADEIRA PRIMO 744,ELETRODOMÉSTICOS,341.29,S
1792,CARREGADOR DELTA 697,Celulares,513.08,S
1793,COOLER KUBO 537,Informática,360.79,S
1794,FONTE VELOCE 858,ESPORTE,355.26,S
1795,CONTROLE VELOCE 680,Eletro-domesticos,2473.17,S
1796,CARREGADOR NORDIC 672,GAMES,234.96,S
1797,TECLADO PRATIC 222,Televisores,213.45,S
1798,FOGÃO LUMIX 516,Televisores,306.17,S
1799,ASPIRADOR VERTEX 213,CASA,145.53,S
1800,CONSOLE VERTEX 668,DIVERSOS,94.20,S
1801,PURIFICADOR ORBIS 450,informatica e games,470.85,S
1802,TECLADO VELOCE 130,DIVERSOS,201.70,S
1803,FONE SAGA 440,ELETRO,90.94,S
1804,RECEIVER TRILHA 508,AUDIO/VIDEO,466.36,S
1805,LENÇOL PRATIC 250,AUDIO/VIDEO,83.11,S
1806,HALTER NORDIC 475,CASA,140.06,N
1807,FONTE VERTEX 545,Celulares,142.06,S
1808,PARAFUSADEIRA PRATIC 432,INFORMATICA,263.68,S
1809,FONE PRIMO 679,,605.07,S
1810,CONTROLE NORDIC 479,Eletro-domesticos,168.46,S
1811,CARREGADOR MIRANTE 165,Informática,156.72,S
1812,ESTEIRA DELTA 213,MOVEIS,343.71,S
1813,FONE TRILHA 238,Televisores,113.53,S
1814,GELADEIRA MIRANTE 107,DIVERSOS,339.10,N
1815,ESTEIRA LUMIX 656,informatica e games,241.70,N
1816,FURADEIRA KUBO 652,FERRAMENTAS,142.96,S
1817,MICRO-ONDAS AURORA 221,Eletro-domesticos,149.24,S
1818,VENTILADOR PRIMO 465,ELETRODOMÉSTICOS,397.38,S
1819,TECLADO KAIRO 454,ELETRODOMÉSTICOS,263.37,S
1820,LAVADORA NORDIC 895,Casa e decoracao,199.13,S
1821,LAVADORA ASTRA 197,Celulares,482.18,S
1822,LENÇOL PRIMO 472,TV E SOM,140.17,S
1823,CONSOLE TRILHA 179,Eletro,168.52,S
1824,HALTER SAGA 967,FERRAMENTAS,1036.45,S
1825,MOUSE DELTA 814,Eletro,243.79,S
1826,CONSOLE NEXA 731,OUTROS,161.20,S
1827,SMARTWATCH ASTRA 991,eletrodomesticos,535.84,S
1828,TECLADO NEXA 624,eletrodomesticos,251.64,S
1829,COOLER KUBO 806,CASA,1075.59,N
1830,GELADEIRA PRIMO 511,ESPORTE,406.05,S
1831,SERRA ORBIS 357,ESPORTE,362.95,N
1832,ASPIRADOR VERTEX 362,AUDIO/VIDEO,417.64,N
1833,MESA SAGA 797,INFORMATICA,202.12,N
1834,SOUNDBAR BRAVA 852,ELETRODOMÉSTICOS,286.44,S
1835,LIQUIDIFICADOR VOLT 946,MOVEIS,185.55,S
1836,CAFETEIRA ONIX 240,Informática,343.73,S
1837,MEMÓRIA ONIX 712,Informática,205.93,S
1838,VENTILADOR ONIX 536,AUDIO/VIDEO,161.36,S
1839,FURADEIRA VELOCE 124,INFO,173.72,S
1840,ESTANTE NORDIC 388,Eletro,41.00,S
1841,COLCHÃO ZENTRO 893,Eletro,543.22,S
1842,TELEVISOR VERTEX 473,AUDIO/VIDEO,266.88,S
1843,CADEIRA MIRANTE 390,GAMES,592.61,S
1844,CADEIRA KAIRO 720,DIVERSOS,627.10,S
1845,CAPA BRAVA 401,Games e consoles,284.48,N
1846,TOALHA KAIRO 170,Eletro-domesticos,241.81,S
1847,SOFÁ VOLT 671,ELETRO,1035.38,S
1848,COLCHÃO ZENTRO 710,,153.67,S
1849,IMPRESSORA TRILHA 500,,179.60,S
1850,SOUNDBAR ASTRA 763,Celulares,324.32,S
1851,NOTEBOOK ORBIS 973,Celulares,871.74,S
1852,FOGÃO KUBO 107,ESPORTE,494.75,S
1853,SMARTWATCH KAIRO 949,ESPORTE,398.18,S
1854,BATEDEIRA TRILHA 326,Casa e decoracao,735.76,S
1855,LIQUIDIFICADOR LUMIX 955,CELULAR/SMARTPHONE,364.42,N
1856,MEMÓRIA ASTRA 143,informatica e games,403.95,S
1857,MESA ONIX 542,TELEFONIA,241.09,S
1858,SMARTWATCH KAIRO 881,Casa e decoracao,147.54,S
1859,NOTEBOOK SAGA 916,ELETRO,430.50,S
1860,ASPIRADOR KUBO 660,ELETRODOMÉSTICOS,263.72,S
1861,PURIFICADOR VELOCE 698,FERRAMENTAS,200.81,S
1862,IMPRESSORA TRILHA 745,GAMES,212.91,S
1863,ESTANTE TRILHA 558,ESPORTE,111.43,S
1864,MESA ONIX 732,ELETRODOMÉSTICOS,105.69,S
1865,PARAFUSADEIRA ZENTRO 782,INFORMATICA,334.16,S
1866,PURIFICADOR NEXA 445,ESPORTE,517.05,S
1867,HALTER ASTRA 754,TV E SOM,667.77,N
1868,TECLADO TRILHA 858,DIVERSOS,811.37,S
1869,ESTEIRA BRAVA 869,,667.69,S
1870,LENÇOL SAGA 913,Casa e decoracao,323.60,S
1871,ESTEIRA ONIX 610,DIVERSOS,394.95,S
1872,MICRO-ONDAS NORDIC 612,Eletro,386.96,S
1873,COOLER NEXA 944,ESPORTE,241.00,S
1874,CADEIRA NORDIC 699,informatica e games,299.11,S
1875,TELEVISOR VELOCE 428,ELETRO,334.77,S
1876,BICICLETA PRIMO 364,Celulares,533.99,S
1877,PARAFUSADEIRA VELOCE 536,DIVERSOS,287.07,S
1878,MONITOR PRATIC 677,INFORMATICA,1185.42,S
1879,NOTEBOOK DELTA 354,MOVEIS,443.72,S
1880,SMARTPHONE SAGA 841,Casa e decoracao,489.94,S
1881,ESTANTE VELOCE 640,Esportes e lazer,383.16,S
1882,MOUSE PRIMO 631,Ferramentas e construcao,271.51,S
1883,SMARTPHONE KAIRO 413,Informática,361.05,S
1884,COOLER NEXA 687,Televisores,349.50,S
1885,HEADPHONE KAIRO 210,TV E SOM,297.77,S
1886,HEADPHONE KAIRO 760,,308.49,S
1887,NOTEBOOK ASTRA 466,FERRAMENTAS,417.61,N
1888,MEMÓRIA NORDIC 396,Ferramentas e construcao,176.25,S
1889,PARAFUSADEIRA NORDIC 817,GAMES,433.07,N
1890,MICRO-ONDAS ZENTRO 328,Eletro-domesticos,200.88,S
1891,FURADEIRA TRILHA 941,MOVEIS,506.42,N
1892,MONITOR PRIMO 670,CASA,327.91,S
1893,LAVADORA ASTRA 716,Celulares,521.94,S
1894,NOTEBOOK NORDIC 112,Informática,379.84,S
1895,HEADPHONE ONIX 575,Games e consoles,243.63,S
1896,SECADORA NEXA 869,Televisores,267.84,S
1897,MOUSE VOLT 425,ELETRO,209.55,S
1898,BICICLETA PRIMO 519,MOVEIS,226.93,S
1899,DESKTOP VOLT 916,INFO,230.46,S
1900,MESA VERTEX 990,Informática,804.20,S
1901,SOFÁ VELOCE 905,FERRAMENTAS,149.13,S
1902,SMARTWATCH ZENTRO 403,Eletro,277.61,S
1903,SMARTPHONE MIRANTE 464,MOVEIS,310.83,S
1904,SECADORA VERTEX 287,,352.67,S
1905,TOALHA BRAVA 167,Esportes e lazer,336.78,S
1906,CAIXA VERTEX 131,CASA,124.13,S
1907,IMPRESSORA NORDIC 937,INFO,325.55,S
1908,MEMÓRIA LUMIX 290,DIVERSOS,112.77,S
1909,FONE LUMIX 409,TELEFONIA,71.76,S
1910,LIQUIDIFICADOR VELOCE 764,Informática,432.25,S
1911,ROTEADOR BRAVA 333,Esportes e lazer,662.33,S
1912,LAVADORA ASTRA 476,TV E SOM,682.75,N
1913,CONSOLE AURORA 529,INFORMATICA,221.59,S
1914,ASPIRADOR BRAVA 639,TELEFONIA,143.59,S
1915,ASPIRADOR ASTRA 753,Celulares,81.54,S
1916,MONITOR VERTEX 517,Eletro,302.28,S
1917,CONSOLE PRATIC 418,Games e consoles,355.44,S
1918,FURADEIRA BRAVA 404,Celulares,138.59,N
1919,IMPRESSORA KAIRO 317,Informática,226.56,S
1920,PARAFUSADEIRA KAIRO 375,Games e consoles,230.69,S
1921,CADEIRA ORBIS 495,GAMES,269.78,S
1922,DESKTOP BRAVA 638,,400.66,S
1923,LIQUIDIFICADOR TRILHA 158,Eletro-domesticos,580.23,S
1924,CAPA VERTEX 834,CELULAR/SMARTPHONE,206.38,S
1925,LIQUIDIFICADOR PRATIC 361,eletrodomesticos,411.45,S
1926,SERRA ASTRA 249,GAMES,402.18,S
1927,PARAFUSADEIRA VERTEX 756,TV E SOM,250.66,S
1928,HEADSET LUMIX 917,TV E SOM,643.54,S
1929,LAVADORA NORDIC 749,Casa e decoracao,345.57,S
1930,CONTROLE VOLT 983,Televisores,137.32,S
1931,HEADSET VELOCE 432,OUTROS,568.36,S
1932,JOGO PRIMO 894,Eletro-domesticos,133.68,S
1933,CONSOLE ZENTRO 616,ELETRO,79.28,S
1934,RECEIVER ONIX 255,CASA,702.82,S
1935,MONITOR LUMIX 957,ELETRO,96.01,S
1936,LAVADORA VELOCE 792,CASA,661.54,S
1937,DESKTOP DELTA 747,Casa e decoracao,231.82,S
1938,SOUNDBAR MIRANTE 258,Informática,599.56,S
1939,RECEIVER LUMIX 541,INFO,412.68,S
1940,ESTEIRA NEXA 204,Celulares,214.40,S
1941,IMPRESSORA NORDIC 908,Eletro-domesticos,236.28,S
1942,MESA LUMIX 854,eletrodomesticos,231.83,S
1943,TELEVISOR MIRANTE 468,Games e consoles,864.27,S
1944,VENTILADOR ONIX 894,informatica e games,248.91,S
1945,CONSOLE ZENTRO 152,Esportes e lazer,286.38,S
1946,COOLER VERTEX 350,Ferramentas e construcao,176.97,S
1947,JOGO AURORA 473,TELEFONIA,75.38,S
1948,SOUNDBAR VERTEX 926,INFORMATICA,653.15,S
1949,RECEIVER ZENTRO 616,INFO,382.78,S
1950,CADEIRA NEXA 449,TELEFONIA,399.10,S
1951,MICRO-ONDAS AURORA 981,DIVERSOS,309.18,S
1952,PURIFICADOR ZENTRO 824,Casa e decoracao,485.69,S
1953,TECLADO DELTA 451,Esportes e lazer,242.70,S
1954,GELADEIRA ZENTRO 552,Informática,330.39,S
1955,SMARTPHONE AURORA 823,Celulares,207.42,S
1956,LIQUIDIFICADOR NORDIC 126,ELETRO,608.31,S
1957,SERRA SAGA 412,OUTROS,271.19,S
1958,LENÇOL PRIMO 224,Esportes e lazer,92.70,S
1959,ROTEADOR ONIX 295,ESPORTE,217.61,S
1960,CADEIRA SAGA 729,GAMES,481.21,N
1961,DESKTOP VERTEX 576,ELETRO,159.50,S
1962,ROTEADOR VERTEX 613,Televisores,320.93,S
1963,CAIXA MIRANTE 884,Casa e decoracao,475.18,S
1964,GELADEIRA ZENTRO 319,Esportes e lazer,318.77,S
1965,AR-CONDICIONADO MIRANTE 107,MOVEIS,708.32,S
1966,ESTEIRA NORDIC 329,INFORMATICA,89.65,S
1967,AR-CONDICIONADO KUBO 643,ESPORTE,546.25,S
1968,FOGÃO ASTRA 461,Informática,1497.75,S
1969,SSD NEXA 687,CASA,698.91,N
1970,HALTER BRAVA 689,MOVEIS,322.20,S
1971,COLCHÃO NORDIC 491,CASA,243.59,S
1972,ASPIRADOR AURORA 816,TV E SOM,313.11,S
1973,FURADEIRA NORDIC 871,Esportes e lazer,303.60,S
1974,AR-CONDICIONADO VELOCE 198,GAMES,1246.75,S
1975,SECADORA DELTA 864,GAMES,708.38,S
1976,SMARTPHONE VOLT 280,CASA,236.58,S
1977,ASPIRADOR MIRANTE 200,Esportes e lazer,363.10,S
1978,HEADPHONE VOLT 196,CASA,209.54,N
1979,HEADPHONE KAIRO 881,Esportes e lazer,142.86,S
1980,NOTEBOOK BRAVA 590,,262.94,S
1981,CAFETEIRA AURORA 955,informatica e games,523.40,S
1982,FONE NEXA 760,INFORMATICA,65.18,S
1983,MESA PRIMO 837,ELETRO,150.35,N
1984,TELEVISOR TRILHA 515,INFO,313.21,S
1985,DESKTOP ONIX 148,OUTROS,243.63,S
1986,CONTROLE ONIX 979,FERRAMENTAS,533.42,S
1987,CAFETEIRA KUBO 229,Televisores,522.58,N
1988,MICRO-ONDAS NEXA 924,eletrodomesticos,408.16,S
1989,HEADSET PRATIC 870,GAMES,429.52,S
1990,IMPRESSORA AURORA 222,eletrodomesticos,180.26,S
1991,TECLADO VERTEX 901,MOVEIS,163.29,S
1992,HALTER BRAVA 427,AUDIO/VIDEO,363.83,S
1993,ESTANTE NORDIC 332,OUTROS,388.12,S
1994,MESA MIRANTE 225,Ferramentas e construcao,199.02,S
1995,TOALHA NEXA 655,Ferramentas e construcao,240.87,S
1996,DESKTOP PRIMO 962,informatica e games,295.67,S
1997,CONSOLE MIRANTE 549,TV E SOM,267.68,S
1998,TOALHA KUBO 640,Eletro-domesticos,159.02,S
1999,NOTEBOOK SAGA 748,INFO,140.43,S
2000,VENTILADOR TRILHA 122,GAMES,1042.35,S
2001,CAIXA VERTEX 919,OUTROS,202.53,S
2002,TECLADO BRAVA 997,TELEFONIA,441.82,S
2003,SSD ZENTRO 787,GAMES,475.05,S
2004,BICICLETA ORBIS 891,TELEFONIA,732.76,S
2005,COLCHÃO ORBIS 982,TELEFONIA,223.42,S
2006,FONE PRIMO 332,ELETRO,245.39,S
2007,HEADSET PRIMO 730,TV E SOM,475.72,N
2008,ESTANTE VOLT 379,DIVERSOS,388.83,S
2009,CAIXA BRAVA 633,INFO,599.00,S
2010,FOGÃO VELOCE 562,ESPORTE,239.19,S
2011,CAPA BRAVA 217,GAMES,173.99,S
2012,SOFÁ DELTA 568,ESPORTE,74.00,S
2013,HEADSET NORDIC 766,,197.68,S
2014,SECADORA KUBO 609,DIVERSOS,82.86,N
2015,FOGÃO ASTRA 410,Esportes e lazer,76.15,S
2016,MOUSE VERTEX 715,CASA,161.43,S
2017,FOGÃO VELOCE 670,ELETRODOMÉSTICOS,987.64,S
2018,SERRA DELTA 229,AUDIO/VIDEO,128.77,S
2019,CAIXA PRATIC 524,TV E SOM,602.12,S
2020,ESTEIRA ZENTRO 178,INFORMATICA,451.41,S
2021,GELADEIRA VOLT 487,Ferramentas e construcao,333.15,S
2022,CADEIRA AURORA 468,TELEFONIA,504.98,N
2023,COLCHÃO PRATIC 141,CASA,303.68,S
2024,LAVADORA SAGA 388,Informática,364.55,S
2025,MESA DELTA 395,ESPORTE,372.99,S
2026,COOLER PRIMO 686,GAMES,93.17,S
2027,BATEDEIRA KUBO 389,INFORMATICA,121.25,S
2028,VENTILADOR ZENTRO 865,INFORMATICA,258.34,S
2029,NOTEBOOK KUBO 287,ELETRODOMÉSTICOS,151.91,S
2030,HALTER ONIX 207,Eletro-domesticos,829.39,S
2031,BICICLETA ORBIS 954,OUTROS,166.92,S
2032,SECADORA NEXA 112,TELEFONIA,559.91,S
2033,MONITOR TRILHA 444,Celulares,463.99,S
2034,SECADORA PRIMO 418,DIVERSOS,268.65,S
2035,HALTER LUMIX 483,ELETRO,1321.34,S
2036,MONITOR NEXA 396,Ferramentas e construcao,341.91,S
2037,VENTILADOR KAIRO 713,INFO,145.29,S
2038,MEMÓRIA VOLT 332,CASA,161.65,S
2039,SECADORA VERTEX 844,CELULAR/SMARTPHONE,604.92,S
2040,ASPIRADOR ORBIS 108,FERRAMENTAS,267.69,N
2041,COOLER MIRANTE 239,informatica e games,404.50,S
2042,LENÇOL NEXA 318,TV E SOM,269.61,S
2043,SOUNDBAR ORBIS 289,eletrodomesticos,665.39,S
2044,CARREGADOR NORDIC 961,CASA,533.01,S
2045,TECLADO KAIRO 711,MOVEIS,676.11,S
2046,SERRA SAGA 640,AUDIO/VIDEO,471.72,S
2047,TECLADO ONIX 884,GAMES,138.27,S
2048,SECADORA PRIMO 416,informatica e games,203.61,S
2049,JOGO ONIX 515,AUDIO/VIDEO,565.94,S
2050,FONE BRAVA 343,ESPORTE,400.06,S
2051,PURIFICADOR LUMIX 554,ELETRO,404.17,S
2052,FONE SAGA 380,TELEFONIA,492.96,S
2053,BICICLETA VOLT 674,Televisores,292.42,S
2054,CONTROLE ASTRA 879,Games e consoles,384.28,S
2055,TOALHA ONIX 421,Eletro-domesticos,619.79,S
2056,SERRA ASTRA 107,MOVEIS,135.73,N
2057,COLCHÃO ASTRA 806,TV E SOM,671.83,N
2058,PARAFUSADEIRA BRAVA 396,Informática,149.16,S
2059,SOUNDBAR LUMIX 383,ESPORTE,363.64,N
2060,CAFETEIRA VELOCE 528,CASA,99.70,S
2061,HEADSET VERTEX 617,Esportes e lazer,180.08,S
2062,FURADEIRA NEXA 202,Celulares,309.69,S
2063,CAIXA ZENTRO 604,TV E SOM,450.72,S
2064,TECLADO ORBIS 825,Televisores,340.51,S
2065,CAFETEIRA VOLT 968,Eletro,587.04,S
2066,LENÇOL VERTEX 254,DIVERSOS,161.54,S
2067,ROTEADOR SAGA 717,Casa e decoracao,352.71,S
2068,CONTROLE PRIMO 173,DIVERSOS,1314.14,S
2069,COLCHÃO LUMIX 638,informatica e games,236.94,S
2070,HEADPHONE BRAVA 684,ELETRO,578.15,N
2071,MEMÓRIA AURORA 362,ELETRO,207.67,S
2072,CADEIRA LUMIX 894,MOVEIS,229.26,S
2073,SOFÁ ASTRA 636,Eletro,102.42,S
2074,VENTILADOR MIRANTE 404,OUTROS,182.12,S
2075,BATEDEIRA LUMIX 781,MOVEIS,271.02,S
2076,ESTANTE PRATIC 976,INFORMATICA,178.63,S
2077,TECLADO KAIRO 375,eletrodomesticos,363.84,S
2078,GELADEIRA KAIRO 246,informatica e games,653.12,N
2079,MICRO-ONDAS ORBIS 456,DIVERSOS,370.67,S
2080,HEADPHONE PRIMO 563,INFORMATICA,903.43,S
2081,CADEIRA NORDIC 388,TV E SOM,219.75,S
2082,HEADSET BRAVA 709,,432.94,S
2083,HALTER PRIMO 610,AUDIO/VIDEO,312.63,S
2084,CAFETEIRA ZENTRO 682,INFORMATICA,94.26,S
2085,MOUSE PRATIC 800,Televisores,290.54,S
2086,CAFETEIRA VERTEX 420,Ferramentas e construcao,127.00,S
2087,CONSOLE LUMIX 294,CELULAR/SMARTPHONE,319.25,S
2088,MEMÓRIA SAGA 511,ELETRO,467.99,S
2089,SECADORA SAGA 963,TV E SOM,125.18,S
2090,RECEIVER DELTA 449,Casa e decoracao,588.36,S
2091,FURADEIRA ASTRA 614,AUDIO/VIDEO,503.13,S
2092,CAFETEIRA TRILHA 144,Esportes e lazer,591.42,S
2093,ASPIRADOR NORDIC 130,eletrodomesticos,418.15,S
2094,TOALHA TRILHA 682,Esportes e lazer,197.04,N
2095,SERRA ONIX 121,Eletro,321.64,S
2096,IMPRESSORA NORDIC 428,MOVEIS,360.26,S
2097,SSD VOLT 700,TV E SOM,424.77,N
2098,SERRA NORDIC 141,INFO,270.62,S
2099,CAFETEIRA VELOCE 931,AUDIO/VIDEO,206.89,S
2100,FONE VOLT 865,CASA,262.35,S
2101,SECADORA SAGA 837,CASA,424.46,S
2102,CAIXA PRATIC 704,Informática,123.78,S
2103,SOFÁ SAGA 344,FERRAMENTAS,758.60,N
2104,SMARTWATCH PRATIC 290,Ferramentas e construcao,254.41,S
2105,MESA PRIMO 879,FERRAMENTAS,430.91,S
2106,LENÇOL VERTEX 755,INFORMATICA,809.92,S
2107,ROTEADOR KAIRO 103,Informática,663.22,S
2108,BATEDEIRA ONIX 198,eletrodomesticos,534.78,S
2109,JOGO KUBO 695,CASA,148.18,N
2110,PARAFUSADEIRA VOLT 685,GAMES,409.74,S
2111,DESKTOP KUBO 232,TELEFONIA,43.43,S
2112,HALTER ZENTRO 323,INFORMATICA,306.44,S
2113,MONITOR ONIX 766,GAMES,457.86,S
2114,NOTEBOOK BRAVA 611,OUTROS,915.30,S
2115,PARAFUSADEIRA NORDIC 613,Celulares,233.52,S
2116,CONTROLE NEXA 567,Casa e decoracao,61.27,N
2117,HEADPHONE MIRANTE 811,Esportes e lazer,550.36,S
2118,TOALHA BRAVA 283,ESPORTE,532.15,S
2119,SOFÁ SAGA 269,GAMES,575.33,S
2120,MESA PRIMO 536,Eletro-domesticos,330.47,S
2121,CONSOLE KAIRO 609,FERRAMENTAS,501.60,S
2122,FONTE ONIX 242,Eletro,300.73,S
2123,FURADEIRA ONIX 748,Celulares,207.44,N
2124,MONITOR VOLT 677,Casa e decoracao,532.98,N
2125,MEMÓRIA ZENTRO 442,,359.98,S
2126,RECEIVER KAIRO 437,CELULAR/SMARTPHONE,174.72,S
2127,JOGO TRILHA 200,Celulares,947.06,S
2128,TECLADO ONIX 556,FERRAMENTAS,347.80,S
2129,CAFETEIRA NEXA 477,AUDIO/VIDEO,137.64,S
2130,SECADORA ZENTRO 705,ELETRO,680.36,S
2131,ASPIRADOR KAIRO 287,INFO,3497.30,S
2132,CONTROLE KAIRO 857,Games e consoles,366.67,S
2133,MICRO-ONDAS VELOCE 737,TELEFONIA,415.85,S
2134,AR-CONDICIONADO ASTRA 623,eletrodomesticos,190.67,S
2135,SECADORA VOLT 850,ELETRO,368.48,S
2136,TELEVISOR AURORA 914,CASA,617.33,S
2137,SOFÁ NORDIC 538,Ferramentas e construcao,250.58,S
2138,ASPIRADOR NEXA 844,INFORMATICA,73.81,S
2139,LIQUIDIFICADOR VOLT 292,FERRAMENTAS,480.35,S
2140,PARAFUSADEIRA PRIMO 610,Celulares,274.97,S
2141,PARAFUSADEIRA DELTA 626,Ferramentas e construcao,354.35,N
2142,CAPA LUMIX 262,MOVEIS,304.94,S
2143,TELEVISOR TRILHA 560,ESPORTE,80.41,S
2144,CAIXA VOLT 873,GAMES,571.01,N
2145,HEADSET PRIMO 923,ELETRODOMÉSTICOS,177.41,S
2146,IMPRESSORA VELOCE 469,Eletro-domesticos,442.47,S
2147,CAPA SAGA 873,CELULAR/SMARTPHONE,200.65,S
2148,FONE ASTRA 138,FERRAMENTAS,383.30,S
2149,MONITOR PRATIC 809,Casa e decoracao,82.70,S
2150,ROTEADOR LUMIX 313,ELETRODOMÉSTICOS,155.56,S
2151,CAFETEIRA PRATIC 268,Eletro-domesticos,187.11,S
2152,LIQUIDIFICADOR PRIMO 910,ELETRO,765.51,S
2153,SECADORA VOLT 354,Casa e decoracao,521.63,S
2154,ESTEIRA ONIX 565,FERRAMENTAS,186.84,S
2155,NOTEBOOK ONIX 160,Eletro,156.85,S
2156,ROTEADOR VOLT 283,informatica e games,112.33,N
2157,BATEDEIRA NORDIC 909,MOVEIS,274.39,S
2158,CADEIRA VOLT 864,TV E SOM,327.24,S
2159,MESA LUMIX 892,eletrodomesticos,408.65,S
2160,SERRA PRIMO 757,Ferramentas e construcao,324.05,S
2161,FONTE NEXA 642,TV E SOM,589.52,S
2162,TELEVISOR ASTRA 867,eletrodomesticos,352.29,S
2163,SOFÁ VELOCE 815,Eletro-domesticos,506.53,S
2164,BICICLETA SAGA 138,TELEFONIA,252.78,S
2165,COOLER PRIMO 148,ESPORTE,211.11,N
2166,GELADEIRA TRILHA 471,INFORMATICA,419.33,S
2167,FONE ORBIS 694,DIVERSOS,565.10,S
2168,SOUNDBAR NORDIC 207,Informática,1066.75,S
2169,LIQUIDIFICADOR ONIX 758,,404.95,S
2170,CAPA BRAVA 930,INFORMATICA,158.66,S
2171,MONITOR BRAVA 256,FERRAMENTAS,409.60,S
2172,ESTANTE ONIX 980,Casa e decoracao,871.44,S
2173,ESTEIRA MIRANTE 682,INFORMATICA,462.83,S
2174,SOUNDBAR ONIX 385,,852.18,S
2175,MESA SAGA 369,CELULAR/SMARTPHONE,401.79,S
2176,FONTE LUMIX 149,ELETRODOMÉSTICOS,662.79,S
2177,MONITOR MIRANTE 401,informatica e games,163.79,S
2178,VENTILADOR NORDIC 391,informatica e games,426.93,S
2179,HEADSET KUBO 651,ESPORTE,1357.72,N
2180,LIQUIDIFICADOR DELTA 776,Televisores,726.14,S
2181,CAFETEIRA AURORA 405,,232.58,S
2182,GELADEIRA ASTRA 912,ESPORTE,577.83,S
2183,VENTILADOR VELOCE 518,Informática,144.94,S
2184,VENTILADOR MIRANTE 804,INFO,348.72,S
2185,AR-CONDICIONADO LUMIX 322,informatica e games,447.20,S
2186,SOUNDBAR MIRANTE 762,ELETRODOMÉSTICOS,395.09,S
2187,COOLER MIRANTE 472,INFORMATICA,191.48,S
2188,PURIFICADOR VELOCE 831,CASA,270.21,S
2189,JOGO ONIX 985,DIVERSOS,412.95,S
2190,HEADSET AURORA 875,eletrodomesticos,389.82,S
2191,SSD MIRANTE 397,Informática,216.58,S
2192,JOGO ORBIS 632,Casa e decoracao,110.01,S
2193,MESA MIRANTE 745,TELEFONIA,169.88,S
2194,PARAFUSADEIRA LUMIX 877,Eletro-domesticos,507.72,S
2195,CAFETEIRA NORDIC 232,CELULAR/SMARTPHONE,288.86,S
2196,RECEIVER TRILHA 538,ESPORTE,386.54,S
2197,MICRO-ONDAS LUMIX 335,Televisores,788.79,S
2198,MOUSE SAGA 986,TELEFONIA,335.54,S
2199,CARREGADOR PRIMO 825,MOVEIS,472.61,S
2200,ROTEADOR VELOCE 364,ELETRODOMÉSTICOS,119.67,S
2201,CARREGADOR DELTA 453,Ferramentas e construcao,277.17,S
2202,CAFETEIRA AURORA 776,Esportes e lazer,287.18,S
2203,SOUNDBAR TRILHA 443,,144.47,S
2204,SERRA SAGA 915,eletrodomesticos,86.01,S
2205,FOGÃO SAGA 101,ELETRODOMÉSTICOS,406.75,S
2206,DESKTOP MIRANTE 241,CASA,515.92,S
2207,MONITOR PRATIC 186,INFORMATICA,635.22,S
2208,MOUSE ZENTRO 645,OUTROS,332.88,S
2209,COOLER VOLT 959,MOVEIS,285.41,S
2210,COLCHÃO DELTA 240,Casa e decoracao,696.58,S
2211,AR-CONDICIONADO KUBO 312,FERRAMENTAS,104.37,S
2212,IMPRESSORA KUBO 532,Eletro-domesticos,116.58,S
2213,GELADEIRA PRIMO 983,Esportes e lazer,374.30,S
2214,TECLADO DELTA 347,Ferramentas e construcao,238.69,S
2215,SOUNDBAR DELTA 665,Esportes e lazer,860.79,S
2216,SECADORA DELTA 295,,525.80,S
2217,AR-CONDICIONADO ONIX 621,TV E SOM,351.59,S
2218,NOTEBOOK NORDIC 712,MOVEIS,272.59,S
2219,SERRA ZENTRO 989,Esportes e lazer,261.43,S
2220,COOLER ASTRA 897,eletrodomesticos,417.36,S
2221,PARAFUSADEIRA NEXA 783,OUTROS,217.40,S
2222,GELADEIRA ONIX 715,eletrodomesticos,206.54,S
2223,ASPIRADOR KUBO 902,GAMES,267.25,S
2224,MONITOR VELOCE 330,Informática,454.52,S
2225,LAVADORA ONIX 901,GAMES,226.20,S
2226,ASPIRADOR KAIRO 941,Ferramentas e construcao,313.22,S
2227,MONITOR BRAVA 506,Celulares,257.59,N
2228,FOGÃO ORBIS 727,FERRAMENTAS,237.04,S
2229,LAVADORA ASTRA 239,DIVERSOS,167.47,S
2230,NOTEBOOK NORDIC 898,Informática,210.03,S
2231,PURIFICADOR ZENTRO 332,Eletro-domesticos,843.84,N
2232,SSD ORBIS 505,Casa e decoracao,328.14,N
2233,ROTEADOR ASTRA 664,Ferramentas e construcao,296.73,S
2234,FONTE TRILHA 277,ESPORTE,361.94,S
2235,SOFÁ PRATIC 541,,364.75,S
2236,TOALHA KAIRO 609,Casa e decoracao,575.65,S
2237,SMARTWATCH TRILHA 419,INFO,803.29,S
2238,MICRO-ONDAS VOLT 669,Casa e decoracao,141.92,S
2239,HEADPHONE NEXA 464,AUDIO/VIDEO,72.73,S
2240,CONSOLE KUBO 829,Celulares,399.61,S
2241,CARREGADOR AURORA 180,Eletro-domesticos,380.15,S
2242,FOGÃO VOLT 471,ELETRODOMÉSTICOS,375.97,S
2243,ASPIRADOR NEXA 495,GAMES,287.54,S
2244,ASPIRADOR BRAVA 164,Celulares,160.97,S
2245,CONTROLE SAGA 768,ELETRO,872.32,S
2246,AR-CONDICIONADO KAIRO 713,CASA,585.10,S
2247,COLCHÃO VELOCE 123,ELETRODOMÉSTICOS,1373.19,S
2248,FONE NEXA 475,ELETRODOMÉSTICOS,624.86,S
2249,COLCHÃO KUBO 384,TELEFONIA,101.32,S
2250,HALTER BRAVA 397,eletrodomesticos,803.77,N
2251,CARREGADOR PRATIC 294,TELEFONIA,213.02,S
2252,LENÇOL AURORA 465,AUDIO/VIDEO,288.99,N
2253,LIQUIDIFICADOR KUBO 439,Informática,279.31,S
2254,TOALHA VOLT 522,Casa e decoracao,413.63,S
2255,IMPRESSORA DELTA 547,Televisores,411.61,S
2256,SOFÁ KAIRO 216,Celulares,616.21,S
2257,CADEIRA MIRANTE 275,DIVERSOS,136.04,S
2258,BATEDEIRA LUMIX 169,DIVERSOS,103.13,S
2259,HEADSET LUMIX 464,FERRAMENTAS,204.83,S
2260,SOFÁ KAIRO 977,OUTROS,216.14,S
2261,BATEDEIRA VELOCE 275,ESPORTE,593.18,S
2262,TOALHA LUMIX 311,Ferramentas e construcao,432.48,S
2263,MESA SAGA 200,Ferramentas e construcao,468.54,S
2264,MOUSE ONIX 950,INFORMATICA,55.32,S
2265,CADEIRA ORBIS 809,Esportes e lazer,396.03,S
2266,ESTANTE PRATIC 613,AUDIO/VIDEO,1016.62,S
2267,CAIXA KUBO 831,informatica e games,705.46,S
2268,MONITOR MIRANTE 324,Ferramentas e construcao,230.97,S
2269,CAFETEIRA NORDIC 402,OUTROS,283.31,S
2270,GELADEIRA PRATIC 580,INFORMATICA,326.99,S
2271,SMARTPHONE MIRANTE 987,TV E SOM,400.77,S
2272,MOUSE PRIMO 865,CELULAR/SMARTPHONE,513.67,S
2273,TECLADO ONIX 868,MOVEIS,107.41,S
2274,FONTE ORBIS 116,Esportes e lazer,48.78,S
2275,GELADEIRA ONIX 541,Casa e decoracao,182.34,S
2276,ESTEIRA ASTRA 511,Celulares,739.38,S
2277,MICRO-ONDAS VERTEX 651,Games e consoles,93.44,S
2278,HEADPHONE NORDIC 586,Celulares,470.10,S
2279,NOTEBOOK DELTA 181,MOVEIS,268.74,N
2280,ASPIRADOR PRATIC 876,TELEFONIA,484.50,S
2281,SMARTWATCH TRILHA 903,Esportes e lazer,149.50,S
2282,FOGÃO ORBIS 443,Ferramentas e construcao,240.27,S
2283,FONE PRATIC 269,Celulares,641.52,S
2284,CAPA KAIRO 128,CASA,403.23,S
2285,GELADEIRA BRAVA 154,informatica e games,174.70,S
2286,PURIFICADOR LUMIX 348,INFO,323.44,S
2287,MONITOR KAIRO 622,TELEFONIA,279.43,S
2288,MICRO-ONDAS PRATIC 992,CASA,354.01,S
2289,BATEDEIRA PRIMO 170,ELETRO,407.20,S
2290,COLCHÃO SAGA 714,TELEFONIA,171.52,S
2291,TOALHA KUBO 766,TV E SOM,338.51,S
2292,GELADEIRA ONIX 505,ELETRODOMÉSTICOS,283.68,S
2293,DESKTOP PRATIC 338,MOVEIS,773.85,S
2294,AR-CONDICIONADO ASTRA 406,eletrodomesticos,548.87,S
2295,RECEIVER NEXA 125,FERRAMENTAS,142.23,S
2296,GELADEIRA VELOCE 874,DIVERSOS,590.51,S
2297,LAVADORA AURORA 646,ESPORTE,189.69,S
2298,CAFETEIRA PRIMO 602,Celulares,474.55,S
2299,CAFETEIRA MIRANTE 719,Celulares,240.96,S
2300,FURADEIRA ONIX 895,ELETRODOMÉSTICOS,464.83,S
2301,GELADEIRA NEXA 227,CELULAR/SMARTPHONE,554.12,S
2302,BATEDEIRA ONIX 393,CASA,198.65,S
2303,HALTER ASTRA 184,Esportes e lazer,282.46,S
2304,ASPIRADOR VOLT 694,Games e consoles,542.91,S
2305,CAPA PRATIC 349,Celulares,254.09,S
2306,FONTE PRIMO 634,INFO,256.54,S
2307,SMARTWATCH VOLT 664,Ferramentas e construcao,181.67,S
2308,FONTE VELOCE 562,INFORMATICA,165.47,S
2309,MEMÓRIA ZENTRO 475,FERRAMENTAS,212.55,S
2310,MONITOR BRAVA 500,OUTROS,391.70,S
2311,GELADEIRA SAGA 202,Games e consoles,392.19,S
2312,LAVADORA VELOCE 743,TELEFONIA,1342.77,S
2313,IMPRESSORA LUMIX 515,Eletro,366.04,S
2314,CAFETEIRA NORDIC 959,Esportes e lazer,125.20,S
2315,FOGÃO VOLT 535,Casa e decoracao,383.95,S
2316,PURIFICADOR DELTA 309,MOVEIS,323.01,S
2317,CAPA VELOCE 475,,822.69,S
2318,SMARTWATCH MIRANTE 555,GAMES,445.96,S
2319,LIQUIDIFICADOR PRIMO 429,ELETRODOMÉSTICOS,284.77,S
2320,ROTEADOR LUMIX 472,Televisores,279.42,N
2321,ROTEADOR VERTEX 504,Casa e decoracao,185.65,S
2322,ASPIRADOR AURORA 552,INFO,257.15,S
2323,SECADORA NEXA 701,ELETRODOMÉSTICOS,84.52,S
2324,CONSOLE ZENTRO 907,DIVERSOS,540.33,S
2325,HEADSET ONIX 117,ELETRO,544.03,S
2326,BICICLETA ORBIS 657,Games e consoles,804.47,S
2327,LIQUIDIFICADOR NORDIC 709,Eletro,475.48,S
2328,TELEVISOR PRIMO 599,DIVERSOS,546.24,S
2329,SMARTWATCH VELOCE 303,ELETRO,646.46,S
2330,PURIFICADOR PRIMO 235,Televisores,106.84,S
2331,SSD VOLT 242,,196.85,N
2332,SOUNDBAR VERTEX 629,ELETRO,234.76,S
2333,RECEIVER VELOCE 854,informatica e games,237.80,S
2334,SECADORA ONIX 919,OUTROS,1046.05,S
2335,IMPRESSORA LUMIX 948,INFO,237.32,S
2336,HALTER VOLT 360,Eletro,234.40,S
2337,AR-CONDICIONADO ASTRA 602,TELEFONIA,307.79,N
2338,TECLADO KAIRO 359,Televisores,204.87,S
2339,CAIXA TRILHA 458,CELULAR/SMARTPHONE,632.21,S
2340,LENÇOL ONIX 909,MOVEIS,254.31,S
2341,HEADPHONE ZENTRO 510,Games e consoles,736.40,S
2342,HEADSET KAIRO 798,TV E SOM,702.86,S
2343,CONTROLE MIRANTE 744,MOVEIS,461.74,S
2344,LENÇOL PRATIC 896,eletrodomesticos,360.58,S
2345,TECLADO ORBIS 679,Televisores,729.08,N
2346,TOALHA TRILHA 646,ELETRO,385.96,S
2347,CARREGADOR ZENTRO 218,ELETRO,389.02,S
2348,FURADEIRA TRILHA 881,Informática,127.09,S
2349,BATEDEIRA VELOCE 126,Eletro-domesticos,823.76,S
2350,CAPA KAIRO 179,ELETRODOMÉSTICOS,466.28,S
2351,ESTANTE NEXA 443,Informática,396.65,S
2352,FONE NORDIC 109,INFORMATICA,261.07,S
2353,BATEDEIRA KAIRO 647,,438.77,S
2354,GELADEIRA KAIRO 862,ELETRO,370.99,S
2355,AR-CONDICIONADO SAGA 922,INFO,364.48,S
2356,PARAFUSADEIRA VERTEX 612,ESPORTE,433.71,S
2357,SECADORA TRILHA 219,DIVERSOS,429.43,S
2358,CAPA ONIX 399,TELEFONIA,254.37,S
2359,MONITOR PRATIC 909,CASA,155.67,N
2360,SOUNDBAR NORDIC 588,TV E SOM,758.88,S
2361,FURADEIRA NORDIC 471,eletrodomesticos,364.30,S
2362,SECADORA PRIMO 959,Esportes e lazer,802.80,N
2363,BICICLETA SAGA 488,TV E SOM,249.13,S
2364,ROTEADOR NEXA 864,informatica e games,535.32,S
2365,RECEIVER VERTEX 858,Esportes e lazer,765.77,N
2366,SMARTPHONE SAGA 476,Eletro-domesticos,486.91,S
2367,PARAFUSADEIRA TRILHA 712,ELETRO,565.53,S
2368,GELADEIRA TRILHA 473,,517.30,S
2369,VENTILADOR LUMIX 437,Esportes e lazer,56.06,S
2370,CONSOLE NORDIC 677,FERRAMENTAS,217.11,S
2371,HEADSET BRAVA 137,AUDIO/VIDEO,155.47,S
2372,PARAFUSADEIRA TRILHA 805,ELETRO,39.44,N
2373,RECEIVER NORDIC 680,CASA,293.31,S
2374,LIQUIDIFICADOR AURORA 273,eletrodomesticos,233.11,S
2375,PURIFICADOR PRATIC 952,INFORMATICA,70.80,S
2376,TELEVISOR MIRANTE 779,Games e consoles,562.69,S
2377,CARREGADOR ORBIS 905,DIVERSOS,221.76,S
2378,ESTEIRA NORDIC 842,eletrodomesticos,151.72,S
2379,IMPRESSORA VERTEX 513,Ferramentas e construcao,397.19,S
2380,MEMÓRIA NORDIC 665,INFO,127.00,S
2381,BATEDEIRA PRATIC 382,Casa e decoracao,838.11,S
2382,RECEIVER PRATIC 512,Televisores,341.28,S
2383,SOUNDBAR VELOCE 762,DIVERSOS,234.74,S
2384,SOUNDBAR BRAVA 869,INFORMATICA,135.40,N
2385,PARAFUSADEIRA KAIRO 796,informatica e games,236.38,S
2386,MONITOR NEXA 583,ESPORTE,598.63,S
2387,FONTE ZENTRO 702,ESPORTE,316.46,S
2388,LAVADORA ORBIS 765,CASA,216.56,S
2389,FURADEIRA ZENTRO 519,OUTROS,515.49,S
2390,FONE ASTRA 960,GAMES,535.84,S
2391,MESA PRATIC 594,OUTROS,70.92,S
2392,TECLADO PRATIC 681,FERRAMENTAS,320.00,S
2393,RECEIVER ASTRA 281,INFORMATICA,564.97,S
2394,MOUSE VERTEX 938,FERRAMENTAS,719.40,S
2395,TECLADO PRIMO 573,TELEFONIA,444.10,S
2396,LIQUIDIFICADOR DELTA 994,MOVEIS,643.02,S
2397,SMARTPHONE ONIX 509,Informática,485.52,N
2398,SERRA NORDIC 354,FERRAMENTAS,92.47,S
2399,CAFETEIRA VELOCE 216,INFO,251.50,S
2400,HEADPHONE TRILHA 182,eletrodomesticos,535.09,S
2401,TECLADO NEXA 752,Eletro-domesticos,172.79,N
2402,SSD NEXA 257,CASA,156.31,S
2403,LENÇOL SAGA 604,ESPORTE,73.78,S
2404,CARREGADOR ONIX 600,INFO,108.17,S
2405,MESA AURORA 514,MOVEIS,524.46,S
2406,DESKTOP NEXA 466,AUDIO/VIDEO,86.45,S
2407,JOGO VOLT 157,Eletro-domesticos,168.59,S
2408,HALTER MIRANTE 273,Eletro-domesticos,452.34,N
2409,BICICLETA KAIRO 881,ELETRODOMÉSTICOS,410.32,N
2410,FONE PRIMO 364,CELULAR/SMARTPHONE,212.95,N
2411,MONITOR BRAVA 742,MOVEIS,72.84,S
2412,BICICLETA ASTRA 455,ELETRODOMÉSTICOS,231.19,S
2413,SSD MIRANTE 884,TELEFONIA,420.31,S
2414,SOFÁ VOLT 835,INFORMATICA,439.54,S
2415,LENÇOL ORBIS 566,Celulares,440.04,N
2416,CAPA MIRANTE 764,Eletro-domesticos,593.29,S
2417,SERRA SAGA 717,ELETRO,213.35,S
2418,CAFETEIRA PRATIC 246,CASA,495.89,N
2419,ASPIRADOR BRAVA 263,ELETRO,290.70,S
2420,ROTEADOR VERTEX 113,Televisores,258.79,S
2421,COLCHÃO ZENTRO 973,CELULAR/SMARTPHONE,283.71,S
2422,CAFETEIRA ASTRA 138,TELEFONIA,698.68,N
2423,FONTE PRIMO 924,MOVEIS,324.54,S
2424,FOGÃO KUBO 551,Celulares,252.31,S
2425,PARAFUSADEIRA VERTEX 208,INFORMATICA,362.62,S
2426,ESTEIRA TRILHA 144,DIVERSOS,502.18,S
2427,ASPIRADOR TRILHA 587,Ferramentas e construcao,551.12,S
2428,SMARTWATCH VELOCE 692,,172.12,S
2429,CADEIRA VERTEX 378,FERRAMENTAS,180.40,S
2430,TOALHA DELTA 692,Televisores,219.38,S
2431,CARREGADOR BRAVA 865,ELETRO,546.11,S
2432,MOUSE KUBO 682,DIVERSOS,104.20,S
2433,IMPRESSORA PRATIC 583,Games e consoles,214.72,S
2434,SSD BRAVA 295,ESPORTE,262.73,S
2435,JOGO MIRANTE 251,ESPORTE,378.26,S
2436,SMARTWATCH NEXA 815,AUDIO/VIDEO,715.56,S
2437,SMARTPHONE KAIRO 997,GAMES,184.67,S
2438,HALTER DELTA 502,DIVERSOS,894.51,S
2439,PARAFUSADEIRA KUBO 489,Ferramentas e construcao,325.23,S
2440,CONTROLE KAIRO 988,ELETRO,107.64,S
2441,ROTEADOR VOLT 983,ESPORTE,126.76,S
2442,SERRA ONIX 829,INFO,291.82,S
2443,VENTILADOR PRIMO 320,Ferramentas e construcao,242.98,S
2444,HEADPHONE ZENTRO 427,Casa e decoracao,414.59,S
2445,LENÇOL PRIMO 166,ESPORTE,140.30,N
2446,CADEIRA NEXA 720,FERRAMENTAS,268.22,S
2447,LENÇOL PRIMO 809,OUTROS,925.47,S
2448,PURIFICADOR VELOCE 964,eletrodomesticos,391.10,N
2449,GELADEIRA PRIMO 557,Celulares,462.51,S
2450,LAVADORA ZENTRO 618,ELETRODOMÉSTICOS,167.61,S
2451,FOGÃO KAIRO 245,ELETRODOMÉSTICOS,432.11,S
2452,PARAFUSADEIRA ZENTRO 952,ELETRODOMÉSTICOS,278.80,S
2453,SERRA ORBIS 836,Eletro,210.19,S
2454,NOTEBOOK ORBIS 984,Ferramentas e construcao,403.24,S
2455,CARREGADOR PRIMO 941,Informática,651.56,S
2456,FOGÃO NORDIC 319,Games e consoles,304.48,S
2457,TELEVISOR NEXA 547,Games e consoles,232.12,S
2458,RECEIVER NORDIC 696,Informática,212.47,S
2459,SERRA PRATIC 919,CELULAR/SMARTPHONE,407.47,S
2460,LAVADORA ASTRA 390,Celulares,194.05,S
2461,JOGO KAIRO 401,Casa e decoracao,322.30,S
2462,FONTE PRIMO 908,eletrodomesticos,757.80,S
2463,MOUSE DELTA 522,Televisores,338.11,N
2464,AR-CONDICIONADO MIRANTE 836,OUTROS,395.70,S
2465,HALTER KUBO 634,INFORMATICA,655.88,S
2466,PARAFUSADEIRA PRIMO 503,AUDIO/VIDEO,303.90,S
2467,FOGÃO AURORA 365,CASA,280.57,S
2468,SOUNDBAR TRILHA 873,OUTROS,336.26,S
2469,MOUSE DELTA 873,ESPORTE,117.97,S
2470,COOLER AURORA 980,TELEFONIA,163.85,S
2471,SERRA ZENTRO 452,MOVEIS,449.35,S
2472,COOLER ASTRA 947,MOVEIS,367.75,S
2473,HEADSET ONIX 904,GAMES,349.89,S
2474,BATEDEIRA TRILHA 970,OUTROS,264.29,S
2475,SECADORA BRAVA 737,informatica e games,563.80,S
2476,VENTILADOR ZENTRO 627,Eletro-domesticos,474.96,S
2477,IMPRESSORA KUBO 859,TV E SOM,354.78,S
2478,ESTEIRA MIRANTE 324,FERRAMENTAS,105.94,S
2479,FONTE ONIX 434,CELULAR/SMARTPHONE,855.33,S
2480,DESKTOP ORBIS 801,Eletro,757.87,S
2481,CAIXA SAGA 441,MOVEIS,454.74,S
2482,SOFÁ VELOCE 173,,383.50,S
2483,VENTILADOR MIRANTE 965,FERRAMENTAS,281.75,S
2484,MICRO-ONDAS NORDIC 341,Eletro,138.67,S
2485,FURADEIRA DELTA 675,CASA,198.73,S
2486,FURADEIRA MIRANTE 508,Eletro-domesticos,711.57,S
2487,ESTEIRA LUMIX 679,ESPORTE,226.61,N
2488,DESKTOP ORBIS 602,MOVEIS,856.16,S
2489,TOALHA KAIRO 818,FERRAMENTAS,468.52,N
2490,FONTE PRIMO 816,TV E SOM,205.90,S
2491,SOFÁ ONIX 643,CELULAR/SMARTPHONE,714.98,S
2492,FONTE ORBIS 444,OUTROS,67.73,S
2493,SOUNDBAR SAGA 348,DIVERSOS,570.03,S
2494,CONSOLE AURORA 551,Esportes e lazer,565.60,S
2495,PARAFUSADEIRA KUBO 881,CASA,471.69,S
2496,JOGO TRILHA 372,AUDIO/VIDEO,68.55,S
2497,SMARTPHONE PRIMO 570,Casa e decoracao,889.28,S
2498,LIQUIDIFICADOR ONIX 207,CASA,619.89,S
2499,CARREGADOR NORDIC 769,CELULAR/SMARTPHONE,244.21,S
2500,FOGÃO ASTRA 567,TV E SOM,301.76,S
2501,SMARTPHONE DELTA 917,CELULAR/SMARTPHONE,378.31,S
2502,ESTANTE AURORA 424,informatica e games,384.35,S
2503,TECLADO PRATIC 759,FERRAMENTAS,363.42,N
2504,ROTEADOR TRILHA 479,FERRAMENTAS,214.07,S
2505,HEADSET KAIRO 664,INFO,310.48,S
2506,CADEIRA VOLT 764,Celulares,281.33,S
2507,SMARTPHONE NEXA 328,Games e consoles,660.00,S
2508,LIQUIDIFICADOR VELOCE 476,Eletro,311.09,S
2509,SSD AURORA 650,TELEFONIA,203.43,S
2510,CAPA TRILHA 324,Celulares,396.45,N
2511,FOGÃO LUMIX 565,AUDIO/VIDEO,292.30,S
2512,DESKTOP NORDIC 291,informatica e games,132.98,N
2513,TECLADO ONIX 839,eletrodomesticos,183.97,S
2514,FOGÃO PRIMO 780,ESPORTE,179.52,S
2515,SMARTPHONE SAGA 691,AUDIO/VIDEO,311.55,S
2516,CAIXA SAGA 615,Esportes e lazer,724.57,S
2517,CONSOLE NORDIC 414,ESPORTE,778.13,S
2518,PARAFUSADEIRA NEXA 419,Casa e decoracao,116.13,S
2519,ESTEIRA VELOCE 523,MOVEIS,1454.17,S
2520,ESTEIRA SAGA 442,MOVEIS,121.96,S
2521,MEMÓRIA MIRANTE 930,Eletro-domesticos,727.31,S
2522,LAVADORA ORBIS 690,Eletro-domesticos,575.68,N
2523,ESTANTE SAGA 908,Eletro,742.91,S
2524,TELEVISOR TRILHA 916,TELEFONIA,361.41,N
2525,BATEDEIRA BRAVA 726,Ferramentas e construcao,389.52,S
2526,PARAFUSADEIRA KUBO 398,Ferramentas e construcao,134.68,N
2527,BATEDEIRA ONIX 435,TELEFONIA,290.73,S
2528,PARAFUSADEIRA KUBO 425,GAMES,91.85,S
2529,TECLADO PRIMO 450,,361.36,S
2530,JOGO NEXA 490,INFO,84.41,N
2531,MOUSE TRILHA 465,Eletro-domesticos,569.95,S
2532,SERRA LUMIX 987,TV E SOM,81.88,S
2533,CAIXA KAIRO 223,TELEFONIA,279.54,N
2534,LIQUIDIFICADOR VOLT 136,CASA,93.57,S
2535,ESTANTE MIRANTE 887,CASA,784.47,S
2536,FONTE DELTA 829,TELEFONIA,226.57,S
2537,BATEDEIRA BRAVA 177,MOVEIS,754.02,N
2538,MESA LUMIX 979,OUTROS,393.73,S
2539,PURIFICADOR PRIMO 409,TV E SOM,333.82,S
2540,NOTEBOOK DELTA 467,ESPORTE,536.63,S
2541,PARAFUSADEIRA BRAVA 794,OUTROS,223.99,N
2542,CADEIRA BRAVA 145,informatica e games,120.77,S
2543,SERRA NEXA 835,FERRAMENTAS,384.94,N
2544,DESKTOP ONIX 333,CELULAR/SMARTPHONE,217.23,S
2545,COLCHÃO PRIMO 973,CELULAR/SMARTPHONE,483.91,S
2546,BICICLETA ORBIS 960,TV E SOM,165.33,S
2547,SOFÁ VERTEX 261,INFORMATICA,760.40,S
2548,VENTILADOR MIRANTE 101,Eletro,283.44,S
2549,IMPRESSORA SAGA 321,Eletro,415.29,S
2550,LENÇOL SAGA 924,eletrodomesticos,592.68,S
2551,HALTER VERTEX 435,CELULAR/SMARTPHONE,117.93,S
2552,PURIFICADOR VERTEX 933,CASA,541.46,S
2553,SMARTPHONE BRAVA 574,Casa e decoracao,399.62,S
2554,AR-CONDICIONADO SAGA 206,GAMES,352.89,S
2555,GELADEIRA VERTEX 757,ESPORTE,394.60,S
2556,BICICLETA MIRANTE 344,CASA,147.23,S
2557,DESKTOP KUBO 801,Informática,741.88,S
2558,DESKTOP AURORA 776,AUDIO/VIDEO,871.46,S
2559,MOUSE TRILHA 112,OUTROS,516.41,S
2560,CONSOLE PRIMO 317,GAMES,200.95,N
2561,FONTE LUMIX 455,Informática,449.99,N
2562,LIQUIDIFICADOR VERTEX 681,ELETRODOMÉSTICOS,214.12,S
2563,MOUSE PRIMO 639,ELETRO,460.32,S
2564,BATEDEIRA VELOCE 614,Eletro,262.55,S
2565,CARREGADOR DELTA 476,TV E SOM,194.82,S
2566,VENTILADOR SAGA 597,Ferramentas e construcao,204.65,S
2567,SERRA AURORA 183,AUDIO/VIDEO,191.64,S
2568,CONTROLE TRILHA 937,INFORMATICA,557.74,S
2569,SOUNDBAR KAIRO 349,Eletro,247.19,S
2570,JOGO VERTEX 154,Ferramentas e construcao,200.17,N
2571,CADEIRA MIRANTE 298,MOVEIS,658.10,S
2572,RECEIVER PRIMO 968,FERRAMENTAS,137.98,S
2573,FURADEIRA NORDIC 900,Games e consoles,652.38,N
2574,TOALHA AURORA 517,ESPORTE,405.66,S
2575,BATEDEIRA NEXA 880,Esportes e lazer,232.07,S
2576,LAVADORA MIRANTE 441,CELULAR/SMARTPHONE,195.22,N
2577,BATEDEIRA TRILHA 882,Games e consoles,129.10,S
2578,NOTEBOOK NEXA 153,FERRAMENTAS,352.57,S
2579,BICICLETA KAIRO 106,Casa e decoracao,347.97,S
2580,COLCHÃO ORBIS 659,AUDIO/VIDEO,485.74,S
2581,CAFETEIRA ASTRA 552,eletrodomesticos,226.67,S
2582,FOGÃO NEXA 255,ESPORTE,319.66,S
2583,GELADEIRA ONIX 391,informatica e games,545.30,S
2584,TELEVISOR NEXA 291,GAMES,189.07,S
2585,FONTE ZENTRO 435,Informática,324.50,S
2586,SERRA VELOCE 768,Eletro-domesticos,165.10,S
2587,MEMÓRIA LUMIX 425,eletrodomesticos,128.91,S
2588,AR-CONDICIONADO ZENTRO 185,Televisores,539.14,S
2589,NOTEBOOK ORBIS 262,INFORMATICA,65.44,S
2590,FOGÃO LUMIX 866,Ferramentas e construcao,132.97,S
2591,MEMÓRIA TRILHA 865,Ferramentas e construcao,319.52,S
2592,HEADSET MIRANTE 651,Esportes e lazer,485.04,S
2593,COOLER VERTEX 835,INFO,111.35,S
2594,DESKTOP NORDIC 890,OUTROS,748.14,N
2595,SOUNDBAR AURORA 964,Eletro,382.45,S
2596,NOTEBOOK VELOCE 196,Esportes e lazer,424.05,N
2597,FOGÃO KAIRO 912,TELEFONIA,153.99,S
2598,CAFETEIRA ONIX 393,FERRAMENTAS,915.38,S
2599,CAPA VELOCE 375,Esportes e lazer,341.36,S
2600,LENÇOL ORBIS 516,ELETRODOMÉSTICOS,426.75,S
2601,TECLADO KAIRO 780,FERRAMENTAS,180.96,S
2602,CAPA KUBO 580,ESPORTE,93.68,S
2603,FONTE VOLT 212,Esportes e lazer,273.04,N
2604,SOFÁ NORDIC 139,ELETRODOMÉSTICOS,363.40,S
2605,SOFÁ SAGA 877,INFORMATICA,716.01,S
2606,MEMÓRIA NORDIC 544,Esportes e lazer,541.23,S
2607,CAIXA KUBO 864,MOVEIS,297.17,S
2608,CAIXA DELTA 746,AUDIO/VIDEO,447.16,N
2609,MESA VELOCE 399,,226.40,S
2610,MICRO-ONDAS VELOCE 369,Casa e decoracao,388.38,S
2611,CADEIRA ORBIS 569,Casa e decoracao,599.09,S
2612,COOLER PRATIC 640,ELETRO,184.82,S
2613,CAIXA BRAVA 987,OUTROS,47.27,S
2614,HEADSET ASTRA 936,MOVEIS,480.86,S
2615,FONE TRILHA 875,CELULAR/SMARTPHONE,240.92,S
2616,LIQUIDIFICADOR BRAVA 155,CASA,422.67,S
2617,DESKTOP TRILHA 675,CELULAR/SMARTPHONE,808.34,S
2618,SOFÁ ONIX 909,informatica e games,254.23,S
2619,HALTER LUMIX 354,Televisores,600.66,S
2620,ROTEADOR ONIX 266,ELETRODOMÉSTICOS,218.48,S
2621,CAFETEIRA NORDIC 372,FERRAMENTAS,401.45,S
2622,ESTEIRA NEXA 643,Celulares,209.60,S
2623,SMARTPHONE KUBO 283,Games e consoles,172.52,S
2624,MOUSE KUBO 757,Televisores,451.53,S
2625,ESTANTE BRAVA 760,CELULAR/SMARTPHONE,1043.08,S
2626,SOFÁ VERTEX 199,Games e consoles,179.76,S
2627,CONSOLE ORBIS 112,GAMES,452.77,S
2628,CONSOLE BRAVA 705,AUDIO/VIDEO,461.42,S
2629,JOGO DELTA 349,AUDIO/VIDEO,275.09,S
2630,BATEDEIRA PRATIC 978,Celulares,168.68,N
2631,TELEVISOR VERTEX 434,Eletro,373.72,S
2632,LENÇOL KAIRO 170,DIVERSOS,255.67,S
2633,LIQUIDIFICADOR VOLT 936,eletrodomesticos,536.70,S
2634,PURIFICADOR VELOCE 861,Informática,555.12,S
2635,ESTANTE KAIRO 616,,232.56,S
2636,CAFETEIRA NORDIC 770,CELULAR/SMARTPHONE,477.32,S
2637,HEADSET NEXA 657,Eletro-domesticos,275.65,S
2638,PURIFICADOR ASTRA 989,ELETRODOMÉSTICOS,207.47,N
2639,CAFETEIRA PRATIC 564,INFORMATICA,500.30,S
2640,SMARTPHONE NEXA 839,DIVERSOS,98.75,S
2641,PARAFUSADEIRA BRAVA 931,ELETRO,747.20,S
2642,BICICLETA KAIRO 650,ESPORTE,179.06,S
2643,HALTER BRAVA 734,DIVERSOS,208.40,S
2644,HALTER ZENTRO 848,Eletro,355.32,S
2645,CAIXA BRAVA 125,CELULAR/SMARTPHONE,138.27,S
2646,CONSOLE SAGA 381,DIVERSOS,273.97,S
2647,NOTEBOOK ONIX 706,Games e consoles,333.30,S
2648,DESKTOP ZENTRO 277,ELETRODOMÉSTICOS,145.71,S
2649,SECADORA NORDIC 177,Celulares,210.10,S
2650,LIQUIDIFICADOR DELTA 134,Games e consoles,593.56,S
2651,CAIXA VELOCE 783,INFORMATICA,192.25,S
2652,SECADORA PRATIC 511,,212.94,S
2653,COLCHÃO SAGA 578,Casa e decoracao,649.06,S
2654,VENTILADOR DELTA 305,Casa e decoracao,282.38,S
2655,LAVADORA VERTEX 578,FERRAMENTAS,681.89,N
2656,FONE TRILHA 632,Eletro,400.89,S
2657,IMPRESSORA PRIMO 890,ELETRODOMÉSTICOS,59.79,N
2658,MOUSE BRAVA 804,,378.67,S
2659,ASPIRADOR DELTA 842,DIVERSOS,499.53,S
2660,ROTEADOR DELTA 226,Informática,678.67,S
2661,TECLADO PRATIC 622,Televisores,242.36,S
2662,SMARTWATCH AURORA 697,Casa e decoracao,320.29,S
2663,RECEIVER PRATIC 719,GAMES,684.21,S
2664,IMPRESSORA MIRANTE 567,eletrodomesticos,138.94,S
2665,ROTEADOR KUBO 632,informatica e games,412.75,S
2666,SOUNDBAR DELTA 351,,268.32,S
2667,JOGO PRIMO 577,CASA,304.01,N
2668,AR-CONDICIONADO NEXA 958,TV E SOM,111.69,S
2669,TECLADO ZENTRO 882,TELEFONIA,260.92,N
2670,MEMÓRIA TRILHA 281,Eletro-domesticos,244.02,S
2671,RECEIVER PRATIC 136,OUTROS,549.05,S
2672,PURIFICADOR KAIRO 133,,71.84,S
2673,LIQUIDIFICADOR ORBIS 858,Esportes e lazer,77.48,S
2674,SOFÁ VELOCE 557,OUTROS,309.15,S
2675,FOGÃO PRIMO 669,TV E SOM,124.42,S
2676,MOUSE KUBO 126,ELETRODOMÉSTICOS,1270.97,S
2677,LAVADORA DELTA 788,INFO,637.22,S
2678,MESA LUMIX 831,Eletro,174.29,N
2679,FOGÃO VOLT 295,Ferramentas e construcao,498.90,S
2680,LAVADORA NEXA 435,Games e consoles,262.22,S
2681,SERRA VOLT 372,Eletro-domesticos,417.35,S
2682,COLCHÃO VELOCE 736,INFORMATICA,437.91,S
2683,FONE LUMIX 366,GAMES,1090.57,S
2684,IMPRESSORA PRATIC 359,Celulares,76.75,S
2685,DESKTOP BRAVA 941,Televisores,276.56,N
2686,GELADEIRA VELOCE 300,INFO,302.55,S
2687,HEADPHONE PRATIC 881,ELETRO,242.02,S
2688,CADEIRA ONIX 113,INFORMATICA,880.55,S
2689,MESA ONIX 808,INFORMATICA,168.61,S
2690,GELADEIRA KAIRO 151,Informática,338.29,S
2691,SMARTPHONE ZENTRO 795,INFORMATICA,207.60,S
2692,BATEDEIRA MIRANTE 623,TELEFONIA,706.00,S
2693,ESTANTE ORBIS 805,Eletro-domesticos,234.76,S
2694,IMPRESSORA LUMIX 349,Informática,409.21,S
2695,TELEVISOR ONIX 969,,243.64,S
2696,SOUNDBAR ZENTRO 234,INFORMATICA,703.63,S
2697,SECADORA VERTEX 633,Casa e decoracao,123.18,S
2698,COLCHÃO NEXA 748,ELETRO,556.64,S
2699,DESKTOP TRILHA 864,MOVEIS,673.10,S
2700,AR-CONDICIONADO DELTA 317,CELULAR/SMARTPHONE,679.11,S
2701,CAFETEIRA VOLT 441,TV E SOM,303.75,S
2702,LENÇOL ONIX 315,CELULAR/SMARTPHONE,581.30,N
2703,LIQUIDIFICADOR AURORA 783,GAMES,247.14,S
2704,HALTER VELOCE 103,Eletro,415.28,N
2705,MESA ZENTRO 429,CASA,229.25,S
2706,CADEIRA AURORA 677,DIVERSOS,42.01,S
2707,SOFÁ KUBO 709,ELETRODOMÉSTICOS,567.98,S
2708,CONSOLE DELTA 513,INFORMATICA,359.54,S
2709,MEMÓRIA MIRANTE 490,FERRAMENTAS,540.47,S
2710,ESTANTE PRIMO 373,Eletro-domesticos,489.07,S
2711,DESKTOP NEXA 384,TV E SOM,164.16,S
2712,SECADORA VELOCE 188,CASA,414.38,S
2713,CAIXA ZENTRO 301,Casa e decoracao,736.93,S
2714,HEADPHONE VELOCE 672,TELEFONIA,395.71,S
2715,CONSOLE TRILHA 501,CASA,431.98,S
2716,HEADPHONE BRAVA 640,Eletro,252.93,S
2717,BATEDEIRA AURORA 580,Eletro-domesticos,70.24,S
2718,SOUNDBAR ORBIS 196,Ferramentas e construcao,570.89,S
2719,PURIFICADOR NEXA 532,INFO,462.66,S
2720,AR-CONDICIONADO ONIX 626,ESPORTE,244.73,S
2721,GELADEIRA SAGA 552,,357.69,N
2722,SOUNDBAR VOLT 491,AUDIO/VIDEO,258.75,S
2723,LIQUIDIFICADOR KUBO 996,CASA,1062.85,S
2724,MOUSE MIRANTE 180,AUDIO/VIDEO,591.99,S
2725,SOFÁ ORBIS 189,MOVEIS,205.88,S
2726,FONE KUBO 182,CELULAR/SMARTPHONE,411.74,S
2727,IMPRESSORA NEXA 443,INFORMATICA,390.31,N
2728,SMARTWATCH KAIRO 415,informatica e games,307.25,S
2729,HEADSET MIRANTE 516,Eletro-domesticos,102.86,S
2730,LIQUIDIFICADOR VERTEX 873,TELEFONIA,129.46,S
2731,BATEDEIRA VOLT 482,CELULAR/SMARTPHONE,465.67,S
2732,SOUNDBAR TRILHA 615,TV E SOM,37.32,S
2733,TELEVISOR DELTA 797,ELETRODOMÉSTICOS,682.17,S
2734,BATEDEIRA LUMIX 474,CASA,811.56,S
2735,MEMÓRIA TRILHA 515,MOVEIS,175.50,S
2736,HEADSET KAIRO 337,Games e consoles,427.06,S
2737,SMARTPHONE NEXA 484,Esportes e lazer,79.52,S
2738,CONTROLE ONIX 265,FERRAMENTAS,607.30,N
2739,LAVADORA ASTRA 699,TELEFONIA,251.98,S
2740,SSD NEXA 732,TELEFONIA,202.78,S
2741,FONE ASTRA 752,ELETRO,272.88,S
2742,HEADPHONE ASTRA 248,ELETRODOMÉSTICOS,418.22,S
2743,ESTEIRA ONIX 306,AUDIO/VIDEO,376.83,S
2744,HEADPHONE MIRANTE 385,Informática,222.84,S
2745,HEADSET PRATIC 434,CELULAR/SMARTPHONE,367.71,S
2746,ESTANTE PRIMO 443,FERRAMENTAS,545.70,S
2747,PURIFICADOR PRIMO 317,eletrodomesticos,663.85,N
2748,CAIXA KAIRO 582,ELETRO,325.04,S
2749,HEADPHONE KUBO 226,OUTROS,164.83,S
2750,HALTER NEXA 758,Eletro-domesticos,114.61,S
2751,SECADORA ZENTRO 167,Informática,448.01,S
2752,NOTEBOOK LUMIX 149,Televisores,365.75,S
2753,NOTEBOOK VOLT 709,CASA,640.49,S
2754,HALTER ONIX 448,TELEFONIA,130.83,S
2755,HALTER BRAVA 658,TV E SOM,122.56,N
2756,CAIXA ONIX 258,INFORMATICA,356.71,S
2757,SERRA KAIRO 909,Informática,272.22,S
2758,RECEIVER NEXA 235,eletrodomesticos,320.97,S
2759,DESKTOP PRIMO 581,Eletro-domesticos,393.65,S
2760,IMPRESSORA PRIMO 301,DIVERSOS,335.48,N
2761,BATEDEIRA BRAVA 927,ELETRODOMÉSTICOS,178.04,S
2762,LENÇOL SAGA 480,CASA,251.51,S
2763,ASPIRADOR ORBIS 655,Eletro-domesticos,214.46,S
2764,SECADORA ORBIS 132,Eletro,428.93,N
2765,CAIXA ONIX 998,eletrodomesticos,349.56,S
2766,CAIXA MIRANTE 733,ELETRODOMÉSTICOS,541.88,S
2767,SMARTPHONE BRAVA 289,Eletro-domesticos,152.73,N
2768,MONITOR ONIX 313,OUTROS,258.46,S
2769,COLCHÃO LUMIX 540,Celulares,101.23,S
2770,PURIFICADOR VOLT 351,FERRAMENTAS,112.01,S
2771,FONTE VOLT 361,Eletro-domesticos,147.15,S
2772,AR-CONDICIONADO BRAVA 313,FERRAMENTAS,123.94,S
2773,TELEVISOR PRIMO 708,Eletro,181.32,S
2774,RECEIVER ONIX 193,ELETRO,607.40,N
2775,AR-CONDICIONADO BRAVA 680,Televisores,805.13,S
2776,LENÇOL PRIMO 405,Televisores,184.05,N
2777,MEMÓRIA BRAVA 379,ESPORTE,212.58,S
2778,CONSOLE KAIRO 575,FERRAMENTAS,289.79,S
2779,SMARTPHONE ORBIS 487,Games e consoles,242.45,S
2780,DESKTOP BRAVA 506,Ferramentas e construcao,177.60,S
2781,CAIXA BRAVA 675,MOVEIS,580.73,S
2782,CARREGADOR VERTEX 966,GAMES,416.27,S
2783,VENTILADOR KUBO 879,TELEFONIA,849.69,S
2784,SSD PRATIC 749,TELEFONIA,466.08,S
2785,PARAFUSADEIRA PRATIC 768,AUDIO/VIDEO,173.24,S
2786,CONTROLE KAIRO 252,TELEFONIA,87.65,S
2787,DESKTOP MIRANTE 605,CASA,158.22,S
2788,FONTE ASTRA 574,ESPORTE,357.95,S
2789,BATEDEIRA PRIMO 189,Casa e decoracao,104.76,N
2790,PARAFUSADEIRA PRATIC 270,CELULAR/SMARTPHONE,382.44,S
2791,TOALHA KUBO 744,FERRAMENTAS,573.81,S
2792,LENÇOL AURORA 100,ESPORTE,308.03,S
2793,FURADEIRA SAGA 730,FERRAMENTAS,462.02,S
2794,ASPIRADOR AURORA 153,OUTROS,792.25,S
2795,HEADPHONE DELTA 442,ESPORTE,152.94,S
2796,CARREGADOR VOLT 687,AUDIO/VIDEO,524.27,S
2797,CAFETEIRA KAIRO 448,ESPORTE,500.79,S
2798,CONTROLE VOLT 666,AUDIO/VIDEO,887.59,S
2799,ROTEADOR BRAVA 616,TV E SOM,259.95,S
2800,FONTE ZENTRO 976,informatica e games,221.56,S
2801,CADEIRA MIRANTE 194,DIVERSOS,204.40,S
2802,SOFÁ BRAVA 375,Informática,272.10,S
2803,COLCHÃO VERTEX 774,Televisores,362.25,S
2804,MOUSE ONIX 210,,305.12,S
2805,BICICLETA TRILHA 461,FERRAMENTAS,497.81,S
2806,RECEIVER PRATIC 303,Casa e decoracao,378.89,S
2807,DESKTOP ONIX 512,,765.02,S
2808,TECLADO PRATIC 201,Ferramentas e construcao,577.00,S
2809,NOTEBOOK NORDIC 586,ESPORTE,443.25,S
2810,HALTER KAIRO 726,eletrodomesticos,200.60,S
2811,ASPIRADOR LUMIX 124,,179.95,S
2812,CADEIRA ONIX 700,DIVERSOS,541.02,N
2813,ASPIRADOR PRIMO 695,Celulares,1134.21,S
2814,CARREGADOR LUMIX 801,INFO,534.07,S
2815,ROTEADOR NEXA 284,INFORMATICA,121.92,S
2816,FONE ASTRA 191,Celulares,749.70,S
2817,NOTEBOOK LUMIX 519,DIVERSOS,479.01,S
2818,SERRA MIRANTE 367,FERRAMENTAS,162.35,S
2819,FONTE KAIRO 146,MOVEIS,155.42,S
2820,IMPRESSORA DELTA 874,AUDIO/VIDEO,136.36,S
2821,SECADORA LUMIX 630,Informática,462.47,S
2822,SOFÁ ONIX 890,eletrodomesticos,233.05,S
2823,DESKTOP ORBIS 450,INFO,296.27,S
2824,LAVADORA KAIRO 507,Eletro,467.57,S
2825,JOGO DELTA 996,TELEFONIA,636.94,S
2826,RECEIVER ORBIS 117,informatica e games,528.70,S
2827,DESKTOP KAIRO 630,AUDIO/VIDEO,396.98,S
2828,COLCHÃO LUMIX 934,CELULAR/SMARTPHONE,375.25,S
2829,TOALHA ZENTRO 151,INFORMATICA,562.30,S
2830,PARAFUSADEIRA PRATIC 104,ELETRODOMÉSTICOS,335.65,S
2831,GELADEIRA VOLT 914,INFO,755.83,S
2832,BATEDEIRA ZENTRO 836,Celulares,374.00,S
2833,MONITOR ONIX 713,Casa e decoracao,600.27,S
2834,CAIXA ZENTRO 869,Eletro-domesticos,258.47,S
2835,SECADORA NEXA 434,AUDIO/VIDEO,188.01,S
2836,ASPIRADOR VERTEX 993,MOVEIS,355.60,S
2837,GELADEIRA BRAVA 981,CASA,663.89,S
2838,FOGÃO ZENTRO 665,Casa e decoracao,204.93,S
2839,CARREGADOR PRIMO 933,MOVEIS,321.07,S
2840,VENTILADOR VERTEX 358,Esportes e lazer,387.86,N
2841,MICRO-ONDAS DELTA 811,GAMES,536.51,S
2842,PARAFUSADEIRA PRATIC 581,ELETRODOMÉSTICOS,174.00,S
2843,FOGÃO MIRANTE 975,Ferramentas e construcao,348.79,S
2844,COOLER KUBO 757,MOVEIS,548.94,S
2845,SMARTPHONE VOLT 703,ESPORTE,848.81,S
2846,HALTER PRIMO 872,FERRAMENTAS,375.06,S
2847,HALTER PRATIC 844,Televisores,690.07,S
2848,TELEVISOR VELOCE 449,Esportes e lazer,413.87,S
2849,SOFÁ MIRANTE 775,eletrodomesticos,487.19,S
2850,HEADPHONE ASTRA 446,Eletro,476.77,N
2851,IMPRESSORA BRAVA 380,CASA,493.97,S
2852,SMARTPHONE KAIRO 160,Informática,103.75,N
2853,MOUSE LUMIX 957,MOVEIS,723.33,N
2854,ROTEADOR VERTEX 577,Televisores,596.73,S
2855,AR-CONDICIONADO BRAVA 376,Ferramentas e construcao,370.22,S
2856,SSD LUMIX 363,GAMES,305.03,S
2857,IMPRESSORA MIRANTE 339,CASA,864.52,N
2858,FURADEIRA ORBIS 112,AUDIO/VIDEO,189.82,S
2859,SECADORA ONIX 782,Televisores,286.71,S
2860,NOTEBOOK SAGA 523,Eletro,307.99,S
2861,MOUSE ONIX 711,eletrodomesticos,181.53,S
2862,FURADEIRA DELTA 709,GAMES,439.83,S
2863,CAIXA SAGA 271,DIVERSOS,792.26,S
2864,GELADEIRA ZENTRO 545,FERRAMENTAS,343.63,S
2865,SMARTPHONE KAIRO 483,Esportes e lazer,268.67,N
2866,CADEIRA NEXA 479,eletrodomesticos,507.07,S
2867,CONSOLE PRIMO 440,DIVERSOS,319.39,S
2868,SERRA KAIRO 254,informatica e games,284.95,S
2869,HEADSET AURORA 837,informatica e games,291.27,S
2870,PARAFUSADEIRA ZENTRO 417,Celulares,357.93,S
2871,IMPRESSORA KAIRO 496,Televisores,707.58,N
2872,COOLER NEXA 873,CELULAR/SMARTPHONE,2131.40,S
2873,FURADEIRA AURORA 940,TV E SOM,346.85,S
2874,CADEIRA VELOCE 657,eletrodomesticos,370.43,S
2875,AR-CONDICIONADO VERTEX 700,ELETRO,243.75,S
2876,CAPA PRATIC 302,OUTROS,153.88,S
2877,FOGÃO SAGA 548,Informática,44.14,N
2878,FOGÃO SAGA 280,Esportes e lazer,216.63,S
2879,BICICLETA PRIMO 650,informatica e games,556.10,S
2880,MONITOR LUMIX 494,ESPORTE,382.46,S
2881,DESKTOP VOLT 512,OUTROS,567.03,S
2882,LENÇOL ASTRA 656,INFO,541.44,N
2883,BICICLETA NORDIC 143,CELULAR/SMARTPHONE,399.81,S
2884,SSD BRAVA 450,MOVEIS,125.80,S
2885,LAVADORA AURORA 145,ELETRO,192.68,S
2886,FONE KAIRO 511,GAMES,115.56,S
2887,CAPA ONIX 519,MOVEIS,99.49,S
2888,MOUSE PRIMO 690,informatica e games,146.92,S
2889,COLCHÃO PRATIC 921,GAMES,179.57,S
2890,CONSOLE VERTEX 849,Informática,122.88,N
2891,HEADSET KAIRO 515,ELETRO,578.33,S
2892,SERRA KUBO 453,Games e consoles,312.93,S
2893,SOFÁ ONIX 932,eletrodomesticos,142.59,N
2894,MESA VELOCE 773,AUDIO/VIDEO,305.95,S
2895,IMPRESSORA DELTA 682,ELETRODOMÉSTICOS,119.50,N
2896,TECLADO ASTRA 182,DIVERSOS,219.58,S
2897,NOTEBOOK LUMIX 813,Casa e decoracao,163.84,S
2898,FOGÃO ZENTRO 776,ELETRODOMÉSTICOS,349.40,S
2899,CAIXA TRILHA 794,MOVEIS,154.75,S
2900,CAIXA ASTRA 949,eletrodomesticos,705.11,N
2901,SOFÁ DELTA 960,eletrodomesticos,245.97,S
2902,MICRO-ONDAS ASTRA 918,AUDIO/VIDEO,383.61,S
2903,FURADEIRA TRILHA 923,,287.31,S
2904,SMARTWATCH PRIMO 939,DIVERSOS,646.10,N
2905,NOTEBOOK ZENTRO 981,Games e consoles,109.52,S
2906,ESTEIRA ASTRA 708,Celulares,427.87,S
2907,MICRO-ONDAS AURORA 446,,194.08,S
2908,HALTER KAIRO 941,MOVEIS,583.02,N
2909,ESTANTE AURORA 135,eletrodomesticos,738.02,S
2910,IMPRESSORA VELOCE 546,TELEFONIA,620.79,S
2911,CONSOLE VELOCE 388,informatica e games,983.13,N
2912,CADEIRA LUMIX 596,MOVEIS,58.07,S
2913,HEADPHONE PRATIC 482,,72.26,S
2914,RECEIVER LUMIX 493,MOVEIS,320.25,S
2915,LIQUIDIFICADOR VELOCE 727,Informática,498.14,S
2916,PURIFICADOR ONIX 544,Esportes e lazer,158.76,S
2917,COOLER ORBIS 293,ELETRO,338.11,N
2918,SOUNDBAR AURORA 684,FERRAMENTAS,376.89,S
2919,ESTEIRA NORDIC 516,OUTROS,207.35,S
2920,SOUNDBAR VELOCE 632,TV E SOM,294.23,S
2921,AR-CONDICIONADO NORDIC 754,OUTROS,467.72,S
2922,CADEIRA KUBO 959,INFORMATICA,317.42,S
2923,ESTANTE PRIMO 986,TV E SOM,119.98,S
2924,FONTE NEXA 757,ELETRO,921.61,S
2925,FURADEIRA SAGA 431,Games e consoles,706.73,S
2926,HALTER PRIMO 250,,482.67,S
2927,CAFETEIRA ASTRA 505,CASA,618.56,S
2928,CAFETEIRA SAGA 445,Casa e decoracao,348.93,S
2929,GELADEIRA ZENTRO 399,Informática,323.18,S
2930,CONTROLE ORBIS 379,Eletro,130.85,S
2931,DESKTOP DELTA 101,INFO,107.52,S
2932,GELADEIRA NEXA 304,Eletro,215.79,S
2933,SERRA ASTRA 844,ELETRO,528.57,S
2934,FONTE PRATIC 776,Celulares,227.08,S
2935,MONITOR BRAVA 580,OUTROS,312.37,S
2936,HALTER VOLT 291,INFORMATICA,533.66,S
2937,CAPA DELTA 906,AUDIO/VIDEO,206.96,S
2938,MESA VOLT 206,ESPORTE,104.16,S
2939,ASPIRADOR NORDIC 844,OUTROS,281.58,S
2940,DESKTOP NORDIC 671,Esportes e lazer,220.20,N
2941,JOGO ORBIS 606,Casa e decoracao,423.91,S
2942,AR-CONDICIONADO LUMIX 459,Eletro,312.77,S
2943,FURADEIRA NEXA 674,Games e consoles,361.41,S
2944,SOFÁ KUBO 875,INFORMATICA,71.65,S
2945,CONSOLE ZENTRO 463,TV E SOM,177.83,S
2946,SSD ZENTRO 837,Eletro,110.05,S
2947,CADEIRA BRAVA 484,Esportes e lazer,285.82,S
2948,CAFETEIRA PRATIC 946,FERRAMENTAS,1093.00,S
2949,HEADPHONE ONIX 915,Games e consoles,287.69,S
2950,LENÇOL ORBIS 522,Casa e decoracao,182.82,S
2951,ESTEIRA LUMIX 332,eletrodomesticos,353.26,S
2952,CAFETEIRA LUMIX 118,TV E SOM,217.61,S
2953,LIQUIDIFICADOR SAGA 826,INFO,107.02,S
2954,ASPIRADOR VERTEX 470,Televisores,61.96,S
2955,FONE ASTRA 305,Eletro,868.74,S
2956,HALTER KAIRO 179,Eletro,321.08,S
2957,GELADEIRA ZENTRO 173,TELEFONIA,251.15,S
2958,VENTILADOR MIRANTE 246,Celulares,79.24,S
2959,CONTROLE ASTRA 423,TV E SOM,155.36,S
2960,MEMÓRIA MIRANTE 761,FERRAMENTAS,101.02,S
2961,VENTILADOR LUMIX 841,CASA,471.99,S
2962,SOFÁ AURORA 669,Games e consoles,341.37,S
2963,HALTER VERTEX 150,CELULAR/SMARTPHONE,715.49,S
2964,IMPRESSORA MIRANTE 616,informatica e games,203.21,S
2965,CAFETEIRA VERTEX 708,INFO,208.77,S
2966,MONITOR ASTRA 668,Informática,131.39,S
2967,CAIXA PRATIC 553,CELULAR/SMARTPHONE,493.05,S
2968,TECLADO VELOCE 209,GAMES,437.11,S
2969,JOGO ZENTRO 986,FERRAMENTAS,161.73,N
2970,SOUNDBAR ONIX 933,ESPORTE,55.61,S
2971,ASPIRADOR AURORA 371,eletrodomesticos,578.07,S
2972,ROTEADOR NEXA 857,informatica e games,150.92,N
2973,SERRA ONIX 251,INFO,778.22,S
2974,ROTEADOR DELTA 203,Esportes e lazer,297.36,N
2975,LENÇOL ORBIS 160,Esportes e lazer,540.09,S
2976,BATEDEIRA PRATIC 180,FERRAMENTAS,187.68,S
2977,MEMÓRIA MIRANTE 747,eletrodomesticos,345.03,S
2978,BICICLETA SAGA 893,Televisores,331.05,S
2979,GELADEIRA MIRANTE 985,INFORMATICA,189.78,S
2980,TECLADO ORBIS 671,Eletro,239.47,S
2981,NOTEBOOK ASTRA 349,TELEFONIA,1923.75,S
2982,JOGO TRILHA 596,TELEFONIA,593.92,S
2983,HALTER VOLT 258,DIVERSOS,299.93,S
2984,LIQUIDIFICADOR PRATIC 359,Televisores,288.68,S
2985,BATEDEIRA MIRANTE 806,Eletro,564.23,S
2986,LAVADORA TRILHA 225,Informática,168.09,N
2987,CAPA MIRANTE 611,DIVERSOS,359.67,S
2988,PARAFUSADEIRA TRILHA 478,CELULAR/SMARTPHONE,353.77,N
2989,COOLER LUMIX 941,OUTROS,527.78,S
2990,MEMÓRIA MIRANTE 952,Eletro,1089.40,S
2991,ESTEIRA SAGA 888,DIVERSOS,669.43,S
2992,CAPA LUMIX 313,INFO,1011.45,S
2993,FONE NORDIC 130,DIVERSOS,114.94,S
2994,MONITOR VELOCE 928,INFO,268.00,S
2995,CAIXA BRAVA 874,Eletro-domesticos,232.46,S
2996,MEMÓRIA TRILHA 808,Televisores,632.96,S
2997,LAVADORA ONIX 540,Esportes e lazer,284.76,S
2998,CARREGADOR VERTEX 868,Eletro-domesticos,417.96,S
2999,BICICLETA KUBO 976,AUDIO/VIDEO,178.41,S
3000,SSD BRAVA 449,TELEFONIA,301.56,S
